"relative_path","bytes","last_write_time_utc","sha256"
"artifacts/theme-audit.json","5519","2026-06-17T19:58:33.3091524Z","1b46a6a61bc07d630d752956b87782104d4084f24a434e180622d922af5c9455"
"artifacts/theme-dark-night.png","268237","2026-06-17T19:58:33.3047291Z","7f66396989ce832ffe68d34f5fa39117feaa885688216ab1234626b4db964312"
"artifacts/theme-dark-night-after-path-fix.png","268338","2026-06-17T19:59:23.3796461Z","26f40bfc3e017b2eeba21d6d3c605d6e894005d2097f8bfd0d59f824153bb42a"
"artifacts/theme-dark-night-docked-roamer.png","263188","2026-06-17T20:01:13.2138711Z","29994c60640e33bec73b86d7f092f9965e76b34e2c82a3afda96fc72a24a898d"
"artifacts/theme-dark-night-final.png","268485","2026-06-17T20:00:40.0142604Z","cec9107cb19290308934f9a39d44204266ecea26778996f5a8556ae5b6c9f95f"
"artifacts/theme-dark-night-populated-docked.png","268491","2026-06-17T20:01:39.2291844Z","cd915069c2b93b1b8ede665eb6dfeb96648b16c4e819f6d53c41331bf1e9a83f"
"artifacts/theme-dark-night-populated-docked-final.png","268321","2026-06-17T20:02:10.9223133Z","f49ca9d550aa6154400090ad877ca48acdc5ae78207a3ae6e44dd0a7a8da61ae"
"artifacts/theme-dark-night-populated-final-no-overlap.png","268649","2026-06-17T20:03:05.7203534Z","7d077be160402cdfc7256011633b74767c80c9d912a70f3c33c29ed610334ce6"
"artifacts/theme-light-melo.png","279531","2026-06-17T19:58:32.1119022Z","d8a01b9a7f20e7324d9c8257b3ed60a7166130c3b574494ec1bc6364b094bc30"
"artifacts/theme-light-melo-final.png","279076","2026-06-17T20:00:38.8454693Z","41a6a42153edb28b7f09d2792f12e75dfd00dc9408367a1fd075cddadc3d2410"
"close-ledger-052-accounts-emulator.png","460817","2026-06-15T23:43:39.8620732Z","41b233283700ecbb5701a0aba9c527e26666c6c9858fd69d91e6682994231fa8"
"close-ledger-052-accounts-export-preview-final-emulator.png","234521","2026-06-15T23:48:04.2908087Z","ea1b75aa59912d6894f999b5e36cb4f5978efccbc4597d1f3def866c85066e29"
"close-ledger-052-accounts-top-emulator.png","460706","2026-06-15T23:47:44.2535926Z","eb3a088982f89cccc7af815ab9be557fd6cbc348519d205bbfcac305fa4fdc56"
"close-ledger-052-after-install-emulator.png","543400","2026-06-15T23:47:30.8583941Z","2e7b3d61f87051653a6bdb035f23db4f67bc96f0c8ac4dcf6ae552cbf7cb447e"
"close-ledger-052-android-grid-fixed-emulator.png","463315","2026-06-15T23:53:53.8083063Z","8e2839141c83dbd806d578f4d5f6554567adfe66772efa8f978282c7a3d6b95b"
"close-ledger-052-android-pip-pulse.png","591244","2026-06-15T12:19:38.6609628Z","75c1930c06dcc8b76e818e4a46250d23f4a11c0a8aca05beb6aa688154d81e91"
"close-ledger-052-android-pip-pulse-2.png","340186","2026-06-15T12:20:13.6942780Z","ab4b1beba585e7c4b469dac8d2417df4cede94f3a8c344668b4e94ac5b1be85d"
"close-ledger-052-apk-launch-proof.png","531591","2026-06-16T09:10:45.9290828Z","bbce413df6bafef4a81603d2f0546a34c6acf10b72da83f18c237c042ebf3ffc"
"close-ledger-052-browser-dark.png","84267","2026-06-15T11:57:22.0983979Z","ad6b7913bb106f46c1c544d92a9c7faa8b6a6e511211165bed5e7da2b90dd758"
"close-ledger-052-browser-desktop.png","68567","2026-06-15T11:53:51.0477321Z","0163ba07329abf553449761de3b0c60489c89328974b34e8910911cc20e7def6"
"close-ledger-052-browser-desktop-top.png","86915","2026-06-15T11:55:36.3676632Z","5801f719b52441681c5d59e4fa7d7a13cdc3316c2b5ff4e9f41fa99649132676"
"close-ledger-052-browser-desktop-two-column.png","96390","2026-06-15T11:56:33.3931268Z","cf01adea8023fba9129f3387365015d070ad413d730794ebd90366ebc07cdf0a"
"close-ledger-052-business-calendar-working.png","491861","2026-06-15T14:31:51.3252801Z","eb2c454a71470ba9e8df8f5aa5697aa7f9226d00fbd4f7f5782dce616ae59d5c"
"close-ledger-052-calendar-collapsed.png","200849","2026-06-15T15:53:03.3615344Z","2d371850205da75be7894d1d04beb6a605fae6baf0586a69115c265df0e71d61"
"close-ledger-052-calendar-collapse-final.png","183563","2026-06-15T15:58:30.3543662Z","d1a56bce302154bb284f9ac7bd631d3f1f798e709c7aa20c1f00e247099c8ad2"
"close-ledger-052-calendar-controls.png","230996","2026-06-15T15:27:14.4926170Z","2948de74ae17b74b7e1438f05c9791bc9cb01505ae039eefde1005e808500fad"
"close-ledger-052-calendar-final.png","203069","2026-06-15T15:38:42.8363200Z","d083ad4e2e2cacbce790b2fef6bd4bcb254417e59c9b729a75373943ef7d74a6"
"close-ledger-052-calendar-fixed.png","302341","2026-06-15T15:33:09.8197747Z","1cdd18f235389ff368111eb14e5fd7fd22d627219c9286d7069f48f17cd78b58"
"close-ledger-052-calendar-open.png","803373","2026-06-15T14:22:23.7333063Z","de80b9ee418fac0b15821af77c8b4bca0aedf0c7a699bfafdbf527bb968590e4"
"close-ledger-052-calendar-open2.png","803388","2026-06-15T14:23:50.0606415Z","4204032157b6d4e5545d82b2a1db3a7e4afe785d76b354698456d9a0e6be3c81"
"close-ledger-052-calendar-open-fixed.png","803673","2026-06-15T14:26:10.6380683Z","40625292c61fe54050dafb6681f9b184e571b8840637259b49d6d5d7b044ae8b"
"close-ledger-052-calendar-open-real.png","20179","2026-06-15T14:27:09.5481188Z","4b4cb17180e7747b8d0f72309f0f591a2b9cf682eae89eb75569075f2ea28ab8"
"close-ledger-052-calendar-pass.png","803373","2026-06-15T14:22:00.9945787Z","de80b9ee418fac0b15821af77c8b4bca0aedf0c7a699bfafdbf527bb968590e4"
"close-ledger-052-calendar-quick-add.png","202584","2026-06-15T16:05:34.9888254Z","de304589ec8718682c89569d53bd8958d0c9ca616f558300db20d14057c06090"
"close-ledger-052-calendar-stepper.png","198747","2026-06-15T15:46:07.1253865Z","698230300fe0068101408fdf687f22b57a6c722077d63229ae1532a3da52037e"
"close-ledger-052-calendar-views-done.png","490820","2026-06-15T15:26:55.1345944Z","a010553185f3686aee0d2e2ec7e408e761d704038af92996446d7a0ed33b5b3a"
"close-ledger-052-calendar-working.png","246255","2026-06-15T14:29:28.3211985Z","7710f7e5c5427cb23bc3152b9d6d1bc839cdb0a4ee205a02238fe37b0a9cee65"
"close-ledger-052-clean-launch.png","349544","2026-06-15T14:31:10.2906285Z","e667a2de3acdea81a9fa7af578b59ebe0d4b0d4e55538b6162fe30e0165a4b28"
"close-ledger-052-cohesion-pass.png","560722","2026-06-15T09:57:07.3723254Z","81f9ea3579479437488aba61a30091a6dbd96fa6ec296941461227fe996b878f"
"close-ledger-052-collapse-palette-pass.png","820059","2026-06-15T11:32:45.2121907Z","82b62ed0d739cc322f46cd159061acba479bb16ca64cb4e5ca024c70b88b79b1"
"close-ledger-052-emulator.png","265244","2026-06-15T02:08:01.7741477Z","815e35e779eff111d6f6e2723d71d2885ba57b0caf089d589b57a513ec5895c9"
"close-ledger-052-emulator-import.png","255937","2026-06-15T02:08:18.8014958Z","cfebb6cbedf86a7366dd69247d7ccc50a8eda8fd461dd1a16e1bbbf2683f964a"
"close-ledger-052-export-contents-open-fixed-emulator.png","265181","2026-06-15T23:55:06.0633195Z","9b4f0a0d7d79477370653c691524f649a96cbf677c2ff74185b93e0d453f6bcb"
"close-ledger-052-export-handoff-fixed-emulator.png","289261","2026-06-15T23:54:18.9623798Z","6652b5832e0ff04e56ebaeb6760e90b633f653ba806578ae7b9ae136fcf4cdb2"
"close-ledger-052-export-preview-accounts-emulator.png","269706","2026-06-15T23:44:05.1963269Z","0e66eb5f8084282c17407a6113744a0ba236fd847454807f851eecabba2438ef"
"close-ledger-052-export-preview-emulator.png","543076","2026-06-15T23:41:39.8838964Z","194348c933ef94867be64a23487ac43e33336ee6a31f6abd3bffd6d82979d873"
"close-ledger-052-export-preview-open-fixed-emulator.png","317753","2026-06-15T23:54:39.2148437Z","8fdfa3212fd98b76b23671cfdf8f7afac482a4ed7e0acebdd4872a79504fab8d"
"close-ledger-052-filing-evidence-emulator.png","261000","2026-06-16T00:17:05.7885163Z","8eea0ea3fb7d91833a6cf55d28f87c653e21f1ac9b81a6c02d4c9b3c3ade46aa"
"close-ledger-052-final-accounts-top-emulator.png","459435","2026-06-15T23:51:24.4821957Z","6acd784a7d31903e8fd4c34d0276248ef0e24cf9527cd282589a4f12a06d3bd8"
"close-ledger-052-final-installed.png","799699","2026-06-15T14:04:10.9179320Z","7f130470547ab10a09a2375ef2ef9ed904ad5fff40efcc48f7fb1e7c9a3d939c"
"close-ledger-052-final-mobile-desktop-pass.png","560912","2026-06-15T09:39:40.5027090Z","a573550623fe04519feb1d14a0e92508cdeb1fac4874a53ec702a4d5a8048dde"
"close-ledger-052-final-month-plan.png","553647","2026-06-15T13:42:00.6357719Z","faa381dcc34616edfd6ace5361ca1d9034abed1b3fa540b3ac59e63b7304fa23"
"close-ledger-052-finance-accounts.png","420355","2026-06-15T12:50:30.5671046Z","3beb6a5ca781a1a148135bb3c0b2cb5a3d6ffecb9c28f504858ad10bc71a66fe"
"close-ledger-052-finance-accounts-fixed.png","195534","2026-06-15T12:56:55.8679803Z","13a3fb2c80f65e24a7dd1f2a9d5e3d2d1dfccdfb4e3b3ec4b3585c7b2c599397"
"close-ledger-052-finance-accounts-tax.png","195501","2026-06-15T12:50:59.6291193Z","53b441a6511953ae0d7febbcf4d468c865ebfef77a6907ef3bbbd31112d704c9"
"close-ledger-052-finance-depth.png","591541","2026-06-15T12:48:52.9225000Z","da028e68a4fba2cde534557cb130796e5a8e6bac25cfeae888b9555db44927c8"
"close-ledger-052-finance-personal-payoff.png","99030","2026-06-15T12:42:51.4183787Z","7b985e33949a270fc5d6fc26e1ad321fbe180c1d3fcfda30f9c970e67731ff4f"
"close-ledger-052-finance-tax-fixed.png","185951","2026-06-15T12:57:25.5723948Z","704530f068e4820bd0aca9d7c7b4b0248e3ecfb6730d603b4e35cf103533fd7f"
"close-ledger-052-finance-tax-plan.png","159204","2026-06-15T12:40:50.8046317Z","f298cc826df80da201187c7714729bac35412ba488aef6d1c859810b3509b187"
"close-ledger-052-google-sync-calendar.png","491316","2026-06-15T15:06:46.4767762Z","9f4c726748ea7cb7de9a63096b13c10c997baa77e1c7ad9d29793a11e9ef36b8"
"close-ledger-052-hero-month-snapshot.png","799530","2026-06-15T13:51:55.1709011Z","472ccfc6003d5d683cb5eedeb6f96c193a9998de5dfa5c6e9ff1fb47cc18e131"
"close-ledger-052-massive-pass.png","591450","2026-06-15T12:04:39.3423980Z","9b24db57facfdc7a2469f224b423746c4c6ca99c830668210158b71abe839cf0"
"close-ledger-052-massive-pass-smoke.png","348327","2026-06-15T17:08:11.2844954Z","5a343c3ae990b922e2ffbe359ddebcf3dce017c19c2f352c962f81814e1e0c58"
"close-ledger-052-massive-personal.png","715973","2026-06-15T13:23:16.1846674Z","275a86c17e2021c896e377030a4a33ae70c5b52d3ecdce99e8f14ab20425afa1"
"close-ledger-052-massive-personal-month.png","232810","2026-06-15T13:24:10.0004819Z","26976c33aa28ce626a735a9d61f603a1085abf71a888e8ca3d2d45feba465dc8"
"close-ledger-052-massive-review.png","346384","2026-06-15T13:23:14.2692048Z","c87bf1eb7437390df88ebdbe92e5a5d91eae60833314fabd026e962ad5c40533"
"close-ledger-052-mobile-flow-pass.png","812709","2026-06-15T11:04:56.7297967Z","be08e9ce5a84fc22ee126c0a596f41f52fd398f5d0c9d0535df7b41ffe611ec2"
"close-ledger-052-mobile-pass.png","560501","2026-06-15T09:07:40.3186153Z","111eb1d1a2747232d3cf9ca9e2a41da3071525e265582bca2d2b95804f0fa160"
"close-ledger-052-mobile-tight-pass.png","769655","2026-06-15T11:07:25.9884850Z","13e613f4f8b6528b95986e5d9a96e3f556082b28c4102023bed79cb5cd7d22ce"
"close-ledger-052-onboarding-pip-pass.png","88343","2026-06-15T12:11:58.1349439Z","753cb845b2fa884cde3e343423731e55793c185666d38db6012d4d337337234a"
"close-ledger-052-personal-calendar-working.png","484942","2026-06-15T14:32:33.2422494Z","481f5a0ae96b5548ffc6b37a11771582bd15071400e114928affc6afbc9f3eaf"
"close-ledger-052-pip-after-interact.png","182323","2026-06-15T18:27:53.1888637Z","54d731817ea74cc5043ea1e5a1f687f805716f1f2b74b653c10c87d580579cfa"
"close-ledger-052-pip-gecko.png","385785","2026-06-15T18:35:18.7172746Z","523913f230165d5880de5c2b23877500bab5fe4fd3d5f4e032d06fc5be3fada5"
"close-ledger-052-pip-onboarding-pass.png","591215","2026-06-15T12:19:11.9227874Z","35f5ec4328fbbeaf2603aaf92fffb48913e50e82f1ebac92e2ab9dda226886d4"
"close-ledger-052-pip-pulse.png","96570","2026-06-15T12:12:23.4432725Z","425a8d534f28ce894c39e0e18dc5a5d8adfa1d8369dd8d41608ad566448bbc12"
"close-ledger-052-pip-roamer-fixed.png","382025","2026-06-15T18:31:06.1158166Z","89be4b6d579a5b87dbe2701d3d83bbe5c5f1925948f1a7ee11f6cf1e8b39d19f"
"close-ledger-052-pip-roamer-mobile.png","23864","2026-06-15T18:26:19.4249624Z","02020a698e18d7c4d544796f2f93ead58c2905586413b3c70ef006c9eba857ac"
"close-ledger-052-ui-pass.png","664360","2026-06-15T10:08:07.1688015Z","2d8681315340ad6036c4bcbfda7d2da997feae27da74ee683d0e9d62ada8a5d0"
"close-ledger-052-ui-pass-final.png","684486","2026-06-15T10:13:28.9714854Z","2400a5e57a46606eae7e784acc877bfa136675cb06abbc1a5834c6b3d29fedb9"
"close-ledger-052-ui-pass-final2.png","676451","2026-06-15T11:00:47.3902720Z","e310482f4537ba0dce74902e6acc2684e0cc52bb67714475adb21af52408eb21"
"close-ledger-052-ui-pass-no-overlap.png","676283","2026-06-15T10:18:20.4338817Z","b0dd95ec1ed6dd45e0038198090fb12fcf2c7b01acfb4b3d798e6506c37f01c0"
"close-ledger-052-visible-month-plan.png","559500","2026-06-15T13:33:24.6272819Z","b0669423e53bbe15a06d8a7ff246e5c6e7117be9def46b30c2242e3453dc3d1e"
"close-ledger-052-visible-month-plan-2.png","184411","2026-06-15T13:34:09.0332928Z","ddca7e5b193aa3c2f1f58a79d75a120c5fde6a8046aff528aeb79f5923881caf"
"close-ledger-052-welcome-road.png","67568","2026-06-15T12:12:46.0256557Z","1ede015aaed8e2ed3429c6a0772f7c74e604f39eae44806d9631efc32f9eaaa5"
"close-ledger-052-window.xml","1439","2026-06-15T02:07:47.7742539Z","2f4021d2d52a9bd0e0c9cc7659047d9aa20a5859de05fa0f9cf2520d89b37dee"
"close-ledger-053-emulator.png","305773","2026-06-15T02:29:13.9563201Z","68ad5127cea35581a27d9d4098411f4feeacdc3d33d11e622b2b86008ae511bb"
"close-ledger-054-final-emulator.png","306002","2026-06-15T02:36:29.8670956Z","8c34388ac1ceb3b95ddbedb72fdb9af988a652e5180c7b7f1101f5f117a37e06"
"close-ledger-054-window.xml","1439","2026-06-15T02:37:20.7857293Z","2f4021d2d52a9bd0e0c9cc7659047d9aa20a5859de05fa0f9cf2520d89b37dee"
"close-ledger-accounts-audit-mid.png","294031","2026-06-17T01:05:25.8131628Z","f8df6651b35d45fc1c808480143d7c62d50e979483f43f82516c5d853cf4fbc9"
"close-ledger-accounts-audit-top.png","403795","2026-06-17T01:05:23.7313232Z","fece9b3205eed7cfeecffd23b5a0bd6c2d062a0e9c6cf5d8587d2e09a889c961"
"close-ledger-accounts-compact-top.png","417835","2026-06-17T01:11:05.5606554Z","fce260543c03d6bcf71900ee2d608b0d9444febffe3715684e136310f9f67487"
"close-ledger-accounts-polish-mid.png","291157","2026-06-17T01:08:36.6618001Z","4d739a27837539b1bd2dfdf02ba29e9258e8ad27f68e9a5e74d377ba7d964189"
"close-ledger-accounts-polish-top.png","428429","2026-06-17T01:08:34.6151620Z","935c8d8d44904d352fecbdad81a27b628267c581fc1f994afe0a338d8a7e8448"
"close-ledger-after-pdf-build.png","259950","2026-06-15T01:19:26.5687856Z","ee3c8f927151aefaa513c4f92d4d81cfb47c0d35e198a354e5016a46ff473419"
"close-ledger-after-personal-tap.png","330563","2026-06-17T02:34:10.1681649Z","ff25b2887ab8c8bfd72905f03bfc8c3d7904cd153914c50091f31cda6f2f1775"
"close-ledger-after-search-fix-emulator.png","530383","2026-06-16T17:54:49.4882463Z","1f8360b29509d963f114d0acbad8747feb04456625277378da3c665a9f133481"
"close-ledger-after-taste-fixes-emulator.png","531593","2026-06-16T17:53:07.7146208Z","c08cc8d90c688bbbf74dfe061bb8a2900a6ba1b132e1097472913831d961e2c2"
"close-ledger-android-compact-accounts-final.png","271236","2026-06-16T20:38:50.5017018Z","3140968c8a6353a6ba221daf25fcbdbfc2761406dde4d965a993d3712ef83bbf"
"close-ledger-android-final-pass-emulator.png","626604","2026-06-16T16:03:14.2866448Z","1feb1507628a19f9734275b772349fea4130b955c1b79c030eafe4f51a8292de"
"close-ledger-android-polish-emulator.png","626771","2026-06-16T16:02:07.7387414Z","ef659f0b4c792e14a896e4e2a67dc5ceaebf59e51704d6216ba668559857a119"
"close-ledger-bigger-pass-copy-final-emulator.png","258148","2026-06-16T18:17:37.8277198Z","e9117935dd0facbba8d22bc35158daf26c73ce7c00ce01a0294200ee0418f77b"
"close-ledger-bigger-pass-final-emulator.png","260596","2026-06-16T18:10:08.9492151Z","1f7ecee5b8d4cadd929f1fcea938af5bc99e5fed7d69c034906a49090093556b"
"close-ledger-bigger-polish-pass-emulator.png","261858","2026-06-16T18:08:05.4161150Z","7d23725f73507cb109bc470cc16fbc7ecbf89e86fd020a299c6d31ff8c9189df"
"close-ledger-calendar.xml","1438","2026-06-15T14:23:12.5431437Z","f89d7283b30598fdf2213c67b7d6f8eac03e52788f6afc82cd3e25c396879d6a"
"close-ledger-calendar-lower.png","221217","2026-06-17T01:19:10.8815605Z","047495f79f177cb003197efd2d9561b5cfc2e3334a903d7b486c74f7e124d0c4"
"close-ledger-calendar-top.png","412732","2026-06-17T01:19:08.9032838Z","f620a5fccd223e7e8f6765400d73d60531fcaf4e109ee23a64c314f62fbcec2d"
"close-ledger-calm-shelf-compact-lower.png","295809","2026-06-17T00:31:52.8035814Z","8d45be07fd54a6e31aff0a2b1f7d5010abbc59147fa2506e2cb3c98536cd68f9"
"close-ledger-calm-shelf-compact-mid.png","303784","2026-06-17T00:31:50.6585865Z","acc48f007b891f8dfb510efcb08fc34a05f8d1119d401c96766428d53416d250"
"close-ledger-calm-shelf-compact-top.png","326312","2026-06-17T00:31:48.6767476Z","d9ad9549bd4f5cdd00013ffb61e2939e3b71f4e5d8c6a66fbd09e0f6c9329e8b"
"close-ledger-clear-compact-lower.png","305916","2026-06-17T00:23:05.3389945Z","e1599f3092e7f274e1cdefaa6729f96415b5ab08ee1d5fc64cca607b015a06a0"
"close-ledger-clear-compact-mid.png","254827","2026-06-17T00:23:03.2102945Z","3a96ae7c153c79a0a8e9549e7e210b9184346764994791d93063c3d9ab579176"
"close-ledger-clear-compact-top.png","335169","2026-06-17T00:23:01.1777537Z","6262af3384ab2104d09629bf108a4e46430b6d987a50ded7737c402434de0348"
"close-ledger-clear-no-empty-lower.png","280900","2026-06-17T00:33:16.0553909Z","73ba54e516f6ba13039719bdf8c9ce9dd5114ab95ef9334c139fd68a464eb2ca"
"close-ledger-clear-no-empty-mid.png","276454","2026-06-17T00:33:14.0436600Z","d86ae3eb95300bc7036876c17fa2553bf3869f6d27b23805c6d2093183a12ead"
"close-ledger-clear-no-empty-top.png","321885","2026-06-17T00:33:11.9999639Z","11aad8bf5807f2fd6b4c642253fc096bff86a0a6ad3298b6d5b899887edb1fee"
"close-ledger-clear-no-inspector-lower.png","292747","2026-06-17T00:25:39.6559324Z","fb1a64fa7b86b633370517c8a9043b1e482af655dacada2ef8444496e09cabf4"
"close-ledger-clear-no-inspector-mid.png","271197","2026-06-17T00:25:37.4994458Z","c167dfe9fab9650fb03b94125edff5701d114fe93074214fbfbaa8b8f9563afa"
"close-ledger-clear-no-inspector-top.png","351154","2026-06-17T00:25:35.4963956Z","6b0e987bde9240477a213afd6c673d2f0a742af3d31df1ba19974067365980ed"
"close-ledger-clear-rows-after.png","263523","2026-06-15T01:33:22.8854299Z","235af55434fa86d160f1ea9ddc68557ce84dbd087ab9f6259ea7b8ac6b670df0"
"close-ledger-clear-rows-before.png","268221","2026-06-15T01:32:58.1529661Z","7e4388c49db900bf572ff47f16bc870769994f6aa9c29eec76ebff8fe8729886"
"close-ledger-coach-band-lower.png","282778","2026-06-17T00:42:26.5368203Z","0b31f80e0984774db6a31c586cd3ee747ccbf5ecebfafebd01ed2e74e44ba209"
"close-ledger-coach-band-mid.png","276698","2026-06-17T00:42:24.5022171Z","5848fb93fb0a87b2c40069258b1dfe7a9754c874fa082852c9c03d788dc6ebb4"
"close-ledger-coach-band-top.png","318508","2026-06-17T00:42:22.4117252Z","93cf937948b1759555242cc0d1b517017c1fa4bc7dc112c38ebb060dfd2316cb"
"close-ledger-compact-accounts-emulator.png","279088","2026-06-16T20:32:10.8799317Z","d31b65a82216fef210a6700affb92d70c39960aa8ec9d4e25c79884588b8c588"
"close-ledger-compact-coach-lower.png","281137","2026-06-17T00:39:51.9127454Z","012093ceec1f0eee0316966f8c02f54bb0dd78c4e4b8ffa45335923532bdcd60"
"close-ledger-compact-coach-mid.png","265893","2026-06-17T00:39:49.8702720Z","b6dd74e3005053e20dad7c6defbf32d763cb572728417780b79162b85e33cdf4"
"close-ledger-compact-coach-top.png","324743","2026-06-17T00:39:47.7550837Z","ad6c769d37af100cf578071e483d349a0e6064558aa0c3f3608522b311d62327"
"close-ledger-compact-pass-emulator.png","36035","2026-06-16T20:31:09.5381804Z","36735615204363701ac4470e907f2f2bce2483309100d71e6d0b0681ac398c4c"
"close-ledger-compact-pass-wait-emulator.png","258800","2026-06-16T20:31:43.8381932Z","a218f25e7e63d7c0da7d92eb75943029d54b106b2197af65c7f14593ca99e75a"
"close-ledger-compact-review-emulator.png","339050","2026-06-16T22:50:44.2532352Z","3947588a515db597e5b67907ce7066dcd51a86d3fe50142c9455734b089b19e2"
"close-ledger-compact-shell-accounts-emulator.png","239411","2026-06-16T20:54:05.5848246Z","0c8b3de4f95e44e5daec2ef9bef45520306426916c1f3879007fee517df2f578"
"close-ledger-connected-review-hub-emulator.png","336427","2026-06-16T23:36:22.6422633Z","7d8d47248fdace4b1681a51f9fd14931d0b48255443bf800f7b7714cc66b4fcc"
"close-ledger-contextual-empty-emulator.png","329867","2026-06-16T23:53:06.4979198Z","d1d27be315339b23a3fbfd755db2837b6cafa7af710c90d17ca4b984c40a7865"
"close-ledger-current-emulator.png","669496","2026-06-16T15:55:17.6357918Z","07894b0f0c85ec9b2adc515961f8f871b6f0d27f31012506923a7a0f1cc7601f"
"close-ledger-current-fixed-emulator.png","647596","2026-06-16T15:58:24.2601606Z","3017a6e9bd09ce7af2e8b01c9523dbdfb0ff71481a98fcc4950404d28c5da80d"
"close-ledger-current-lower.png","287089","2026-06-17T01:18:41.1336705Z","23b368db27569f57f3d1cd0f68496db1d7c1d16a017f4b0676eae0b62321cedd"
"close-ledger-current-top.png","315375","2026-06-17T01:18:39.0889762Z","405effe7f837b54459677bd10e3e1239cca2568f21be3636876c89440ca707bf"
"close-ledger-emulator.png","254356","2026-06-15T01:00:54.7491372Z","1cc02c21b5fa715530e8f90eb072e1809405dbc4e167f537c525a1d40887ada4"
"close-ledger-emulator-after-sample.png","258759","2026-06-15T01:02:15.3218108Z","9c086e6e8b4d6d14cbd16ea27ad6a67590e83d5c68c0367a08917b45d9b34dc4"
"close-ledger-emulator-current-run.png","231726","2026-06-17T19:06:17.7272221Z","ebfc3d5cdd44c1b5d5400922d1bc2ce6094bcc8bd5ebd825dc3bbe38122ec570"
"close-ledger-emulator-import.png","262997","2026-06-15T01:01:07.1094345Z","e34af39cca64568f90cb4fc22c486cc3043c3a05c3f562cf052baebcdbc33486"
"close-ledger-emulator-performance-pass.png","193703","2026-06-17T19:12:17.9921325Z","ca6cd1a595aa35848af89aed479cbb6c0efed59b185a1bc11805bc7e1264edea"
"close-ledger-emulator-personal.png","256949","2026-06-15T01:02:31.0037371Z","0e516e59c77e8b5d776fcf5e7bd79bc505a81a3491af15bda98987bc1ca7a9bc"
"close-ledger-emulator-personal-after-sample.png","271580","2026-06-15T01:03:23.2065665Z","f4204d48f0ac0415d08b2ebe0be298c8617be46fddd5e0e86c5245f10ad0b3a3"
"close-ledger-emulator-personal-import.png","203559","2026-06-15T01:02:44.9156378Z","6c519f6d03338e3cf786cabc963bb1e20c8feb13f0fe6daa738abed686542faf"
"close-ledger-emulator-personal-import2.png","235096","2026-06-15T01:03:04.3666919Z","f20c1d190a5eedd04d965f8d1d59501864d5de38171bf4f8cf9ac367a60dbaa5"
"close-ledger-emulator-running.png","548834","2026-06-15T21:00:21.5738801Z","722233f8a7c0be4f89548ee06f16f3aa53410dd47c7c06cc1c073fdc62c5ad09"
"close-ledger-emulator-sample.png","43143","2026-06-15T01:01:19.5839327Z","54e20b0fce43591fe5fa3105627b11b32c2aecb4ff789539c9062875c3e4355b"
"close-ledger-emulator-sample-hit.png","262997","2026-06-15T01:01:40.4067526Z","e34af39cca64568f90cb4fc22c486cc3043c3a05c3f562cf052baebcdbc33486"
"close-ledger-figma-brand-desktop.png","209934","2026-06-17T23:21:10.9698183Z","a8d8b2eb2319acfd32919c33be364c9ac289f5715b41dd5edb3c5e0f00c558e2"
"close-ledger-figma-brand-mobile.png","86968","2026-06-17T23:21:11.7740645Z","5e9ddbf7b8b07f758dcc98818149181431c2e8cd974fd620f5e5c3db46968a14"
"close-ledger-filter-rail-emulator.png","352140","2026-06-16T23:18:43.3548957Z","4b20154669a8581ceaa5e269aefeb6000e6e11521feb37e2721ef90363d7a071"
"close-ledger-final-accounts-emulator.png","274319","2026-06-16T20:05:53.8941508Z","2398ed3fa8b6a5475f38e16f4887c7613dc7420ab532b4b93c04fe98019d57a9"
"close-ledger-final-polish-pass-emulator.png","531194","2026-06-16T17:56:18.3634371Z","26829abd2440e03d02407bedbda72ae8586730ea233ff3deb4b0f0b7db0e8e34"
"close-ledger-fresh-emulator-android.png","635892","2026-06-19T10:08:05.6836772Z","25a4644d63de69b4f0c4393ff670c50bbdf1f353feeb5ed142f5ce85003b216c"
"close-ledger-full-audit-fix-emulator.png","258956","2026-06-16T19:02:19.5858229Z","d079032b0363ac87631a3afce913d9aef601ebc7cf8a16df110a74da52e85012"
"close-ledger-full-pass-lower.png","254848","2026-06-17T00:04:22.4257258Z","ae32892120b4c3de38836239ba8f906661a441e505397eb013986abe052322e5"
"close-ledger-full-pass-mid.png","252891","2026-06-17T00:04:20.3909571Z","fc31fea54f16b8ce7a141c012b4a8ef98958b924e5abb6fb35eb3a2ab9e7b825"
"close-ledger-full-pass-top.png","342100","2026-06-17T00:04:18.3983525Z","1bd7a16e288afd89ddd615eef2e4d9db3173d198addeb0f883dc0375f2d766b1"
"close-ledger-import-tiles-lower.png","290883","2026-06-17T00:16:42.5414122Z","c8758a1da317b797c220fc2d8e63ca564dacbb4606c09601b727866a97885af4"
"close-ledger-import-tiles-mid.png","264262","2026-06-17T00:16:40.4248364Z","12465ea10774a080b44424de3ab5738c3304d532d09bf46eca3d920fe61f8875"
"close-ledger-import-tiles-top.png","332422","2026-06-17T00:16:38.3886547Z","31dbc61be4809750f3198e20c619b6c8e3c4cf2330bbfc9561a9e513682d0a58"
"close-ledger-indexing-current-emulator.png","344424","2026-06-16T22:27:35.7081529Z","c964d41caf5d4f06971e2c50261d86f6f8664f5372743e2aea13efd0a5079a2b"
"close-ledger-latest-accounts-emulator.png","278883","2026-06-16T20:00:35.5477394Z","ea46e96c1bc6ab9cfe2f4c22f04df24ef3b2b325566a93c98ebc4e99daf722ab"
"close-ledger-latest-emulator.png","258718","2026-06-16T20:00:14.9387591Z","177e51519c19e150eb8c2bb5118878731236396efafcaf80fe8225297d5826cc"
"close-ledger-limits-proper-final-emulator.png","347267","2026-06-16T22:00:32.6611314Z","1c912633310b0ac3c94e9c9a7ac3f332c5f1f49f2864e65000b22d06682a96d7"
"close-ledger-live-emulator-latest.png","2610698","2026-06-16T13:01:53.8511413Z","6696374382d817c69045c8f07a3ba85d34adf2fd2344f8a61568641b8d9f564f"
"close-ledger-lower-density-lower.png","286985","2026-06-17T00:15:21.5662916Z","ba4cf40612e3090abfee9e7cd7dbda3833974c8d03c85890680bc523d5146501"
"close-ledger-lower-density-mid.png","262647","2026-06-17T00:15:19.4175148Z","4c8ff3e513cd412a47759f21bf44f96388cefd1df8221f54cf5f18ad1e5c6d35"
"close-ledger-lower-density-top.png","332380","2026-06-17T00:15:17.3620790Z","29c6ea62ec1cabfd80a38be4773f2132497f9ced6ad3e05804ef6f5e0e96d470"
"close-ledger-next-accounts-lower.png","274000","2026-06-17T01:33:16.4731477Z","fd5fefc444a46a0cdf49b09f84f1c585a56f184ecdff7b8a50e73da1a3b972ec"
"close-ledger-next-accounts-mid.png","292015","2026-06-17T01:33:14.1459674Z","5e2a4744b5b7b25b2ceae0231ed06a5c5ccd0d9d9ac3ec765af53b8b6781d23d"
"close-ledger-next-personal-lower.png","300182","2026-06-17T01:33:09.8140063Z","d1cddd94cf6c8e335d36f9c9cdb17e9956b6c41a1e284a968542573fece01517"
"close-ledger-next-personal-mid.png","430996","2026-06-17T01:33:07.8135632Z","35ad3ce65d77180d4c026dc9aaae04fc89d395b65f9562e5258360410defd12d"
"close-ledger-pack-support-mobile-emulator.png","329401","2026-06-16T23:48:05.3342829Z","64db97a2a4c305ed2dc01407e3db7141d61e4b4079ed313269cd8b6f93a61cd0"
"close-ledger-pip-blank-ui.xml","1438","2026-06-15T18:27:25.7296585Z","f89d7283b30598fdf2213c67b7d6f8eac03e52788f6afc82cd3e25c396879d6a"
"close-ledger-pip-dock-lower.png","297445","2026-06-17T00:49:08.2103837Z","b12bcd0c94fb0e617a6e951166d7c5add66adb141f2e051a02f186275155b8bc"
"close-ledger-pip-dock-mid.png","285124","2026-06-17T00:49:06.2071818Z","02ba8a8ccfb93fa583daaceda6f633c82d6bf4ff2608f657c173d8ab20f50d78"
"close-ledger-pip-dock-top.png","333210","2026-06-17T00:49:04.1519210Z","8f4a223595ee3b924aa46d93688da88c0064d653aa9511d23842f30bced8bd3c"
"close-ledger-pip-edge-tab-emulator.png","335004","2026-06-16T23:30:40.3509360Z","5f5cced5bde42f2552992ba5c00f70ad403b1ca476ce8e90839ad04d1e7cf47f"
"close-ledger-pip-rename-lower.png","288498","2026-06-17T00:43:57.2761179Z","715a132ef4bf39f6af1d2bc9dd80d18f6d71ad122d1a18ae69a6df2b6365ad1f"
"close-ledger-pip-rename-mid.png","272692","2026-06-17T00:43:54.8869767Z","67709654c6a6da8c35bfbc7f5d401cd5c15152f9240dca4ef9203d18581e8b26"
"close-ledger-pip-rename-top.png","318634","2026-06-17T00:43:52.8213378Z","e43198009e62732760d25a935be6eab1f8bcac5529072c1015d22f7267707d2c"
"close-ledger-pip-topbar-clean-top.png","324828","2026-06-17T00:50:36.6454208Z","7060f670e1e30def99b26f3d4bff5223343b110d0ae623eea2bce4fcd2e4b918"
"close-ledger-pip-topbar-fixed-top.png","327984","2026-06-17T00:51:54.2387193Z","e0284985404205b2584517d88e28994cecd977933581fbd1e23b295dae625529"
"close-ledger-pip-tucked-emulator.png","343026","2026-06-16T23:25:52.4711110Z","a22c5e09807d3c97e8a57cdd249e186254b8c322822b780ad2713b4804b43a69"
"close-ledger-pip-weasel-emulator.png","644471","2026-06-16T16:00:57.5595377Z","7b9e0b4c77315f861e0766216f4018ac12499d515226839513fe9bcf80a09bee"
"close-ledger-polish10-calendar.png","163105","2026-06-17T01:56:15.5229275Z","378708b29f89674e8c6dce27535bf1225be635b5347864324c685d39759e9fa3"
"close-ledger-polish10-personal-lower.png","312034","2026-06-17T01:56:13.3106565Z","bfd845bfea8cd5a0d71e730c8d10c2ca9128ce46898e0be171cf531e2c37f87a"
"close-ledger-polish10-style.png","218409","2026-06-17T01:56:17.6322639Z","83f1a13850111dd73ff80f2ceb119d055cd3c8ba21d34662543fc6ecf895bf33"
"close-ledger-polish11-calendar.png","244883","2026-06-17T01:58:21.3599281Z","2923a3e534b62b4a4873c0f768d75fcec056b309bd27fc2c76b88b75769176e8"
"close-ledger-polish12-accounts-after.png","343707","2026-06-17T02:07:29.0721245Z","d01027ec7760068afe97039868f08cc6748aac0127d6218d417627db62d13363"
"close-ledger-polish12-accounts-lower-before.png","349406","2026-06-17T02:04:19.7877434Z","48bb1e0e3c63f6b0d6349bd3a4c423c2c50a85c1fef5318a66fb7f08902b468c"
"close-ledger-polish12-business-records-after.png","272422","2026-06-17T02:07:25.7203401Z","fb945f001fe43761a1cb28211166c1d624dc2c96eafc855b4b0f5fd166e77d73"
"close-ledger-polish12-business-records-before.png","288123","2026-06-17T02:04:16.4302128Z","b30e2acebd20d4d7ab9404a2b5fdc2d9d0ab8ee353a842ef61a554e0ac33256d"
"close-ledger-polish12-business-style-before.png","221138","2026-06-17T02:04:21.9493995Z","829254d08a40ccd39a2eaa8f1e6263d344705eb6bb31d8fe728d9f940503f32e"
"close-ledger-polish13-accounts-roadmap.png","337760","2026-06-17T02:09:23.5138063Z","f75d6d9ecdc7a13628f40876dad006f6775590517fad2acd0b6c2d95e2beb8e4"
"close-ledger-polish14-emulator-launch.png","315578","2026-06-17T02:28:10.6234356Z","feebbe03e7abed2073c4ee2ee989877ef10dcf8aa57924c311af8b8691c0c16d"
"close-ledger-polish14-personal-limits-open.png","331296","2026-06-17T02:34:37.2752205Z","9c2c8f0f869982c86176862da65a30cc11066c06a510ff517bc50b20c8f0803b"
"close-ledger-polish14-personal-limits-rows.png","307189","2026-06-17T02:35:06.1018620Z","ab4c267a016777833ccd19ac7e8dffb6d4727c36bf93c278e70d9005783888d5"
"close-ledger-polish14-personal-limits-visible.png","324138","2026-06-17T02:33:25.6031091Z","45c15e23f1975db46023a7a19dab7668a2f56f38554b23689dfd89a4c4abf79c"
"close-ledger-polish14-personal-top.png","349864","2026-06-17T02:28:56.2082607Z","cc297e5f3d82a9753647b70b71d21ffa59ecae73718d6cc108d8c8cbc0025b53"
"close-ledger-polish15-style-screen-setup.png","285788","2026-06-17T02:47:17.2393032Z","37ebe24eaa056ab9dcfb1041303eadc5539fc7b517ac61bae0f340f059802f97"
"close-ledger-polish16-import-index-business.png","291392","2026-06-17T02:55:39.7390141Z","6bc790cfb08f0aafa1c8fc5287f293bec0f040ab10d650778f1dc54b030a426b"
"close-ledger-polish16-import-index-business-open.png","262033","2026-06-17T02:58:59.9820669Z","d0ac51154540c80e0850fe24215043cf031a8b27be0016719782fd0e842a8711"
"close-ledger-polish17-import-receipt-emulator.png","311469","2026-06-17T03:13:21.8726283Z","02548a8b42f6e4c8084a329265eee68ba8901df7691fa0bfc53292d6c7d133c2"
"close-ledger-polish17-import-receipt-open-emulator.png","364408","2026-06-17T03:14:16.4209667Z","acc9ca33e6f3262910942e367720372b12724e71a45298eb0e090a7420f63d50"
"close-ledger-polish17-import-receipt-open-latest-emulator.png","362845","2026-06-17T03:15:31.5457238Z","980f9851843cbb5e2115f94cc7349b16c3ba27de45d0725215f48e162d3ad4ef"
"close-ledger-polish17-import-receipt-open-lower-emulator.png","357998","2026-06-17T03:15:56.3395896Z","fffadfb9ecf8e6e5890326555e4342e214a03f941ac933abc97720e18cb67219"
"close-ledger-polish17-import-section-emulator.png","257752","2026-06-17T03:13:57.5797516Z","253739bf42cda4a3fc52feb507ea2d13b5c693d2356dab8791abbdb5549b578b"
"close-ledger-polish18-chart-cards-emulator.png","336413","2026-06-17T03:22:01.5111045Z","ee761b7c7c5583145f19e6d86afa04b2468000f29196fecbd15083dc206a9ae0"
"close-ledger-polish18-chart-controls-emulator.png","300831","2026-06-17T03:21:37.9573975Z","bedf8333e75a76cdb533c0431aa091fe89e5e8d1c71836ecd60a4168f5377b55"
"close-ledger-polish19-screen-control-emulator.png","320987","2026-06-17T03:29:46.3414069Z","90bcba1685e0b894fb5c1d32b20726168bb76d367401ca0e72d752d6b3baa65c"
"close-ledger-polish19-screen-simple-emulator.png","315836","2026-06-17T03:30:15.8924410Z","0355ba0a05cf8804a0347ed32ca07f395eddcc0850e241cdf3012243945da4d6"
"close-ledger-polish20-screen-toast-full-emulator.png","313503","2026-06-17T03:37:52.9643090Z","69827bb2678d9ad1c4c58b96c29ef2d253b98e9a2fbf659eed5378731753c1f7"
"close-ledger-polish20-specific-toast-emulator.png","320881","2026-06-17T03:37:21.1136055Z","44587831e6c1c9d251dde796c020808eca115ec97182cb93746c2cd01b9f902f"
"close-ledger-polish21-pound-currency-emulator.png","315242","2026-06-17T03:45:57.2471328Z","c9a2629a915231d6c5c856d221284a84ca8ffaad0cd26ecdca8c97a5a9c30ca4"
"close-ledger-polish22-pip-weasel-button-emulator.png","318704","2026-06-17T03:48:56.4999270Z","ae4ccaf62cdc2d048e2515744da9d9efa666d2cf6a02afce87e23416b7719192"
"close-ledger-polish23-filter-grid-emulator.png","326014","2026-06-17T03:50:50.2212901Z","bccb34ed059f1c7cfaade6888e4d1a901d7d93ed5982d0735ceb48bbfbb1df5a"
"close-ledger-polish24-compact-masthead-emulator.png","320187","2026-06-17T03:52:42.0188161Z","8ab966e3c68a16079ef03cc3a0fbbe9ed68988605ee3d6e07bc74ec0f4e62790"
"close-ledger-polish25-money-strip-emulator.png","329908","2026-06-17T04:00:59.5714103Z","20c149192e227789e235e6cb1fc4a4a40f8eebae9dae9cf09ac491af78cf2e17"
"close-ledger-polish26-money-strip-top-accent-emulator.png","329993","2026-06-17T04:02:12.7586805Z","0e77e5898d766da13e49015ca6235a970e8fdc6557a97217a4cf4e61aaff967e"
"close-ledger-polish27-bottom-nav-emulator.png","325483","2026-06-17T04:05:20.3836525Z","2481e574755eecc62d2c88c99465f39b41e2491102e7fd9e6b9c063aa1c992f4"
"close-ledger-polish28-melo-brand-emulator.png","583439","2026-06-17T07:37:49.0861659Z","c64b13c12800f9af5b32a1f04390a88032763d368614c192f7c99daa82f92d74"
"close-ledger-polish28-melo-intro-emulator.png","30027","2026-06-17T07:37:46.1506090Z","a4daf238c647be63a9ffdcc0703efb642905756659c2ee8658ab3e7ab27297de"
"close-ledger-polish29-melo-intro-readable-emulator.png","19953","2026-06-17T07:47:10.6843940Z","5337c75363379a35f9961e12dead9f85de5dc4e35e0724c6f75aa15c1f259248"
"close-ledger-polish29-melo-loaded-emulator.png","328611","2026-06-17T07:47:10.7521068Z","7a75c9ddc16fd2690d74969bd29c173eb4694ab2c2ad2d2d25e3762cac12b324"
"close-ledger-polish29-melo-native-splash-emulator.png","64186","2026-06-17T07:47:10.6262677Z","fbc3296f0b9c672dc6e4107f61d6e8c9fbe0ea0d19599136ca8832109763a610"
"close-ledger-polish2-calendar-ready.png","379092","2026-06-17T01:26:26.6144650Z","4902e05bd62bd5a448d45d6ddc0c51bf6566b04ed43b211dc5968e2650938482"
"close-ledger-polish2-calendar-ready-lower.png","207117","2026-06-17T01:26:28.5654327Z","279c72637c6910c66b5021b26c9d4d438055a1da10624381860e0459fc5dcc11"
"close-ledger-polish2-calendar-top.png","23448","2026-06-17T01:25:32.0263935Z","a579fff6f583aeeaad56d178c2f1a2f95549e947a3d42ca5d5b98ff11744bacd"
"close-ledger-polish2-personal-top.png","343284","2026-06-17T01:25:35.4441694Z","0e2f234c1307f5b1c254340ae05f71a678b859c4b5394c1c6935d0aef356c599"
"close-ledger-polish2-style-top.png","268296","2026-06-17T01:25:37.4714331Z","833ef7f76fc0cc0bf27d1213082791fd93b30e66ef6b3c8c7011da16078a2453"
"close-ledger-polish30-melo-first5-0-2s.png","176224","2026-06-17T07:53:00.0163807Z","5fa059d42f7b7fb2341e67e7a8ceb9dedf0774452c2933b3e49ee0bf809f7a31"
"close-ledger-polish30-melo-first5-0-8s.png","66349","2026-06-17T07:53:00.1401238Z","637587253ff5fb41e5e35ee255e3ba6d0b32c11dd17221607d1c5b2d073f08b4"
"close-ledger-polish30-melo-first5-1-5s.png","61978","2026-06-17T07:53:00.2603002Z","9d71387b71101014f02c625d037841d41ac98307c90c77c3801f99f419643df2"
"close-ledger-polish30-melo-first5-3-0s.png","456320","2026-06-17T07:53:00.3962126Z","6dfd780ce088d3324414f786c54cd591d5280b0f702fc51b3bce273d7d548519"
"close-ledger-polish30-melo-first-5s-emulator.mp4","2058055","2026-06-17T07:52:08.8312296Z","1b0b43e34620421a0ef6b3de11d00704e719780b6ab7809c17e1241ac6e1511c"
"close-ledger-polish30-melo-intro-readable-emulator.png","466124","2026-06-17T07:48:53.4787434Z","39ca2eaaa11fe693a0b2b1d0b9d726a006fe7bbce65098695acddce1c8d15876"
"close-ledger-polish30-melo-loaded-emulator.png","328158","2026-06-17T07:48:53.5390927Z","32020ee8ce402b6beadb9ab43b3e3dfb8458d904406baeeda18b331ae01ba103"
"close-ledger-polish30-melo-native-splash-emulator.png","1375241","2026-06-17T07:48:53.4130750Z","acac765ad39e635830d98737448a28bd5f62f32c1d7b8f8e1866068892eb0939"
"close-ledger-polish30-melo-start-080-emulator.png","328879","2026-06-17T07:50:01.1434647Z","897f79680b9214396f1cd968ca443a56fb293f144f895b1607e37a6e639b2830"
"close-ledger-polish30-melo-start-220-emulator.png","23452","2026-06-17T07:50:02.0913673Z","dc29ee6a382b8c48cb4dfdcfe139307c9438de7461bdf780836a971c9e2c9ed3"
"close-ledger-polish30-melo-start-500-emulator.png","333589","2026-06-17T07:50:03.1049836Z","40eb3c2b0385d04c406c6bebdb00bc873d6a3a993674e84f7e05fa5ac47308c1"
"close-ledger-polish30-melo-start-900-emulator.png","442412","2026-06-17T07:50:04.5589840Z","acd03bb949a6ec3d18e6659e268e575a8822f1be5173748df58b5e0191f2120d"
"close-ledger-polish31-melo-final-first-5s-emulator.mp4","1492677","2026-06-17T08:00:14.4768502Z","e62345780b6f68416b75eb3969a9a7d5f491bd6c3d0535317f0ca2779feea27b"
"close-ledger-polish32-melo-reference-first-5s-emulator.mp4","1601656","2026-06-17T08:09:33.8816806Z","0f49dc3599948a7b2d0c2201a4b4a16e26115a504b6d9756fad2acbbf71081b6"
"close-ledger-polish32-melo-reference-loaded-emulator.png","328827","2026-06-17T08:11:07.8733414Z","f8356a8de221f878d34890e6d0884da26d43c9e9d8feb1882be54fc709377e34"
"close-ledger-polish32-melo-reference-mascot-emulator.png","655115","2026-06-17T08:09:26.2689491Z","9cd3304d9bf674eec71e377ab27af8e83488d06663ecd3f5d53a1da4027f1030"
"close-ledger-polish33-melo-logo-final-first-5s-emulator.mp4","1475665","2026-06-17T08:32:40.0917412Z","9146f31f36059c6c63602d065799d13c1fa8857401b368ce8ef9625464ca0c7b"
"close-ledger-polish33-melo-logo-home-emulator.png","1378380","2026-06-17T08:30:44.8730584Z","b9c61078dda64b36be2482e4d691942d6539ae7f6495cbcec3b5866d0dacf35b"
"close-ledger-polish33-melo-logo-intro-emulator.png","74512","2026-06-17T08:30:44.9449999Z","095fee1c1d68198163cb32a85861f1603316982ee90395ec587a59007b05f1ac"
"close-ledger-polish33-melo-logo-loaded-emulator.png","330883","2026-06-17T08:30:45.0111130Z","35b562891f09fab4c58ae82529a7c533e2c97ec6e1d570eacc949c29a9413e67"
"close-ledger-polish3-accounts-lower.png","326557","2026-06-17T01:35:54.0955675Z","38986ae06d32ca87e364d44b05a106ba3e676d7dbd085bbebf0a7649dd4bc6a1"
"close-ledger-polish3-accounts-mid.png","314362","2026-06-17T01:35:52.1832221Z","8547e3f30d1611fadac2d56323d446d31b202b40b20b062887187629d611a8a1"
"close-ledger-polish3-personal-mid.png","414586","2026-06-17T01:35:48.0542038Z","bf28890b4142642a88198c18a7d4795a8b116b87619b223aa1b9eac8a5c6128d"
"close-ledger-polish4-accounts-roadmap.png","388044","2026-06-17T01:38:02.6835542Z","ffb44e50cbfc1bec81b877e654697a46294663c87421475d3135c33d889c3f74"
"close-ledger-polish4-personal-mid.png","412312","2026-06-17T01:37:56.9767060Z","2bd123fbe98b4a1f30f0a78440cbd8012397746b71868c6cc59fab8d6756eefa"
"close-ledger-polish5-accounts-confidence.png","320421","2026-06-17T01:39:57.1522003Z","c0bce5a6803dfdbe832eb16967ac1194158e92b323fa6ea61ef7e4a7a8d81090"
"close-ledger-polish6-accounts-roadmap.png","321420","2026-06-17T01:41:22.6630512Z","9be9fc3a64d279c59eaf91d439146d22293528d00d6ae520fa0ca0fc2491c5cd"
"close-ledger-polish7-personal-after.png","288442","2026-06-17T01:50:58.9862078Z","a1ea2564a20ff3d8cdea0792ff905e2c878f832eb42ad5c8f66871010973346d"
"close-ledger-polish7-personal-calendar-lower-before.png","162690","2026-06-17T01:47:41.3944824Z","def9565e1a6655eb3431776d814fa4c628d23dcb0112b03c2b8dfa6404de21a3"
"close-ledger-polish7-personal-deep-1.png","269692","2026-06-17T01:48:27.2349355Z","0f10395d54ea3d5a4bbf0cfac19696fa53e2bd03bbd887d57ad7c1a6cfe6c9d5"
"close-ledger-polish7-personal-deep-2.png","234160","2026-06-17T01:48:28.8716976Z","75db11c2a5cda1e67e80c3edc71a08a8d82aeff03385a8707ca8a90ffbfc85dd"
"close-ledger-polish7-personal-lower-before.png","296845","2026-06-17T01:47:38.6951642Z","a43ffdb2ff68eba76de4382f9e24d353cf06bf5b6e675a64e70dade9ec40a1d5"
"close-ledger-polish7-personal-style-lower-before.png","162690","2026-06-17T01:47:44.0407806Z","def9565e1a6655eb3431776d814fa4c628d23dcb0112b03c2b8dfa6404de21a3"
"close-ledger-polish8-personal-lower.png","337239","2026-06-17T01:52:39.5455824Z","fe8c6a8610cc9563bb58c63a4c13481b6c1111b962afa1f0833a2db7b524727e"
"close-ledger-polish8-personal-mid.png","224173","2026-06-17T01:52:37.7411597Z","58e62828e5663c6b4d6920fad2e9aba351af2a33d85d48277b36b66f95669e85"
"close-ledger-polish9-personal-calendar.png","162840","2026-06-17T01:54:52.7874207Z","e1255cfdc3ce62801877ed1a2ed08831be8126e047a61c1b3ae149d0c84e9f51"
"close-ledger-polish9-personal-inspector.png","269237","2026-06-17T01:54:48.0048243Z","6bdf74e1c67cec0d8f56433999f103a8909536a5656489775d4083e422de3282"
"close-ledger-polish9-personal-lower.png","295956","2026-06-17T01:54:50.6411925Z","43d9842906011d7fffef8d59a73a081255c48ea1486a3565fda04c006c5104c2"
"close-ledger-polish9-personal-style.png","162840","2026-06-17T01:54:54.8993970Z","e1255cfdc3ce62801877ed1a2ed08831be8126e047a61c1b3ae149d0c84e9f51"
"close-ledger-polish-calendar-lower.png","401329","2026-06-17T01:22:28.8641622Z","62a2ad014806200d20a879764cb4bfb2edd9726856b144c9696bbe2057293560"
"close-ledger-polish-calendar-top.png","404287","2026-06-17T01:22:06.6602997Z","22dd5fb610232e81dc67f2058711a5d4f5607f7ff8d912c3c7882b513541d041"
"close-ledger-polish-final-emulator.png","343596","2026-06-16T22:55:33.5789344Z","89a14ca6f63ebd6388c5ca8101af3916228baa7a25580b6213a79054c41d3212"
"close-ledger-polish-pass-emulator.png","342252","2026-06-16T22:49:36.4226341Z","a54f9fbae8b356ab13c0942aef705b885dba0b836b953fd80f3fb99e1f17f7dc"
"close-ledger-polish-personal-top.png","328432","2026-06-17T01:22:32.9193540Z","9d1ab9b66a387a564f67c1098b1f4ce4f2e17959967cf7c10074abbe7a9c4507"
"close-ledger-polish-records-lower.png","286477","2026-06-17T01:22:04.4501936Z","daa623b94fad2ee395a28795d643d57a88a7cb0531f670281b3f8b43789ac06d"
"close-ledger-polish-records-top.png","316843","2026-06-17T01:22:02.5710471Z","fc9238320b39a56f8c787e54062d1a2d813b07c152ae57d19b4b6d9f204630a4"
"close-ledger-polish-style-top.png","273545","2026-06-17T01:22:30.9122250Z","b0b04a0f56cac42ea2d7cfdf18b4cdaa304de6516ce0b86ff5989d2e4bf1a35b"
"close-ledger-review-clear-compact-lower.png","293776","2026-06-17T00:58:49.4208300Z","1e153b5a4a3b96180aafa2d3b0a56cede877b6cb67181fb7f97873e983a28339"
"close-ledger-review-clear-compact-mid.png","270351","2026-06-17T00:58:47.2737987Z","37a39a1848ad16d37655a81b8cf3af745aea6b382ee5d93e5e03339832d6fe21"
"close-ledger-review-clear-compact-top.png","325052","2026-06-17T00:58:45.0652279Z","012847e69a1f5ce46d7d6bbbbbe53f788a9ede7b2603c47a8c3fdcb3500da4d1"
"close-ledger-review-clear-tight-lower.png","280408","2026-06-17T01:00:49.9512833Z","64f61b46da4cb7d14193ef691c2af9c0f62e8c8f4fde4fcf20dc054a552afb77"
"close-ledger-review-clear-tight-mid.png","296224","2026-06-17T01:00:47.9499239Z","477f6d3453dc1a64c20ad4836a781ddbedac92d7763cd9cb8453c526cb63d0b2"
"close-ledger-review-clear-tight-top.png","317292","2026-06-17T01:00:20.9517576Z","d1e5b31c68ffa78cbb740a54ddcebb846779a566a831fa0a261caa44e3dc0292"
"close-ledger-review-hub-final-emulator.png","330408","2026-06-16T23:41:29.8116187Z","9779a94c83d565bc5bd6b35557fa36ef6c454bdede121da26a72ff55bb1d92ac"
"close-ledger-review-snapshot-emulator.png","336586","2026-06-16T23:01:06.4839068Z","ab2822393a7f500c7e1a14e3efeb45b2d2c2e2935a9f9802f2241316709d9785"
"close-ledger-review-summary-lower.png","282852","2026-06-17T00:45:45.1935518Z","677f9bf8c008cb6f4db8b3d4fc48109edfdb8b003b550f67b203cee04ac26056"
"close-ledger-review-summary-mid.png","273072","2026-06-17T00:45:43.1703165Z","42b8a888d98bf5cc0a3a7d8660441e054d8d0334af140764870504c2b69bc744"
"close-ledger-review-summary-top.png","318759","2026-06-17T00:45:40.9972520Z","b0027a5ea981f8ea52018f9fb763b10d921804a61e18db329c52f72914ae1272"
"close-ledger-short-copy-accounts-emulator.png","240186","2026-06-16T20:44:24.4155658Z","8ef575981433578d0077051b757b3a0d49c8fde5482c7b3d5c245c29dccd889f"
"close-ledger-solid-bottom-nav-emulator.png","337491","2026-06-16T23:12:46.0626332Z","28327613a9002bfee27e8ad69b93bc71b1fc12b0cbd38ffa402f95e9075ba620"
"close-ledger-style-lower.png","198075","2026-06-17T01:19:14.8444675Z","991d2312537cb5ff0333eee14653d3abf55b7807b625a62b5db3591d16f1d099"
"close-ledger-style-top.png","292505","2026-06-17T01:19:13.0020441Z","8662c3bc3f672cab487029de8b05af8f3e90629f2746288da423b14ba69271c3"
"close-ledger-success-contrast-emulator.png","340523","2026-06-16T23:06:44.6566290Z","d20a45f1df56b6b1a2b9989bdb415dabb5c2a420fd1df4c18a7a3cced4002b1b"
"close-ledger-support-clean-lower.png","279237","2026-06-17T01:04:50.7270515Z","716683c6c862545a29f051eed76df4bcc8eb4659ebc57eb96e7790daad154e05"
"close-ledger-support-compact-lower.png","281774","2026-06-17T01:02:46.4274768Z","7bb96789f61fda71321534f5b7c69084bd32836e16dd7e6387efbe16554dec36"
"close-ledger-taste-pass-emulator.png","539290","2026-06-16T17:01:08.5584334Z","4e8b8b9c8af3e7c56be873fdc0de1402ec72da02b8616523cb7fb3fc62f5e846"
"close-ledger-time-indexing-emulator.png","344718","2026-06-16T22:38:50.1116804Z","f78657f81543e6db0fc8b099bf28109b1b06b6be4c273dd0abb9a059a1b9a556"
"closeledger-ui.xml","1439","2026-06-16T13:01:58.8675633Z","2f4021d2d52a9bd0e0c9cc7659047d9aa20a5859de05fa0f9cf2520d89b37dee"
"close-ledger-visual-pip-polish-emulator.png","291892","2026-06-16T21:15:14.6611708Z","ecbb3a26c25d2af991b48c6efe0bda358124ef410cf9844bdb5d363754a1498c"
"close-ledger-visual-pip-polish-final-emulator.png","347650","2026-06-16T21:20:49.6533779Z","df9c0761957036672c96a50cc3bfaabbdaad8d6a44b5effde0e300151c7846a7"
"close-ledger-whole-records-lower.png","234786","2026-06-16T23:58:42.7193566Z","b1c62f582583abd4caf464b046128c98a49681681202060ee0173dd10b70cd68"
"close-ledger-whole-records-mid.png","226015","2026-06-16T23:58:40.6829067Z","d9a877267ee6779cee4f328bf05ee0ff7a695d05ae89d2efcc0b46a877f243e9"
"close-ledger-whole-records-top.png","338637","2026-06-16T23:58:38.6826498Z","ad6673c6a04bd8529868f4aa4f260f34cf2d1111575d1695e6f254371b2b5731"
"close-ledger-window.xml","1439","2026-06-15T01:00:37.6909886Z","2f4021d2d52a9bd0e0c9cc7659047d9aa20a5859de05fa0f9cf2520d89b37dee"
"CURRENT_STATE_AUDIT.md","5708","2026-06-19T11:14:45.8521028Z","75a57f23d3bdd4942b6d9762b7b29116379d870b3ed8bbe7aac0dfb7a3854e93"
"design-system/audit-screenshots/android-00-current.png","538599","2026-06-16T17:29:12.9141421Z","b89a89b89a63db19513c95cf98034ba6e9cb8ad7cf3d0e7c10aa7bf57cb63b26"
"design-system/audit-screenshots/android-00-current.xml","1439","2026-06-16T17:28:54.2667360Z","2f4021d2d52a9bd0e0c9cc7659047d9aa20a5859de05fa0f9cf2520d89b37dee"
"design-system/audit-screenshots/android-01-business-records.png","538723","2026-06-16T17:29:30.9466114Z","09a2376a8b02908d95b605ec772851024190ce7622ef6e3e63d78c405584f5bf"
"design-system/audit-screenshots/android-02-business-accounts.png","342825","2026-06-16T17:29:32.5138786Z","29ad539d2afe8a07989d4c0951e68e21399099c8b04da3245694133d483974b5"
"design-system/audit-screenshots/android-03-business-calendar.png","307590","2026-06-16T17:29:33.9528668Z","4c1f6b2aad8ea28785c42535f5b4934dea0d0fbaec2025825358b1528ff9e344"
"design-system/audit-screenshots/android-04-business-style.png","309747","2026-06-16T17:29:35.4290967Z","7e021997c38ca12ea05a81700b14a6ea7e1a353cd8e85e51aa512e3d4821dee9"
"design-system/audit-screenshots/android-05-personal-money.png","297531","2026-06-16T17:29:36.8245315Z","c07cd6e3904252c31df75ae61417272df5d25779e1938f4f33dfd9a13155f45d"
"design-system/audit-screenshots/android-06-personal-calendar.png","319547","2026-06-16T17:29:38.3294209Z","3fb02279b855da211a5119e71a4a69fd8c9164c5baf1a97a6451c0c7fa06ef77"
"design-system/audit-screenshots/android-07-personal-style.png","308638","2026-06-16T17:29:39.6851240Z","21b608649f7d10cc8b36f44a3bcdd29655444cc135fa4290b855a34643f10e4e"
"design-system/audit-screenshots/desktop-00-welcome.png","126853","2026-06-16T17:27:50.6339767Z","10cc9d60fa93fb8cb95d03b66483c86d4b7efb7f66663086d26ed1f1c7aef835"
"design-system/audit-screenshots/desktop-01-business-records-empty.png","144411","2026-06-16T17:27:54.4530444Z","8e9ec3b037de59bc76ae08f88a767bb634a08cb8499c8a29635c7c4061771256"
"design-system/audit-screenshots/desktop-02-business-records-sample.png","156923","2026-06-16T17:27:55.1230263Z","eb64a2666095aae6b713de0365a3696a0d901bdfad0dd5e1fcbd71c320423030"
"design-system/audit-screenshots/desktop-03-business-accounts.png","102549","2026-06-16T17:27:55.8105101Z","b75a84313593770f7eaaa151b8abd896351e6c99eb7e04932a07607fba16b6e7"
"design-system/audit-screenshots/desktop-04-business-calendar.png","95638","2026-06-16T17:27:56.5454872Z","92cd7535db979cbf24c0fcb848a71f73233846e533fac73a2e472f35916ea1c3"
"design-system/audit-screenshots/desktop-05-business-style-day.png","81677","2026-06-16T17:27:57.1966288Z","1705c3e8f818a6e7e030e240c3030478c79427024a30fb48bc2b9682133ae91e"
"design-system/audit-screenshots/desktop-06-business-style-dark.png","81777","2026-06-16T17:27:57.8169162Z","238e8576d74edee5e3c6210dab8c70dbdd992ddbe886f5af873eabfddf3fce6e"
"design-system/audit-screenshots/desktop-07-personal-empty.png","113938","2026-06-16T17:27:58.4894249Z","513ec82ca715f1f0f9d8cefb736a60ba10c27bed32f36b3d93e63e7c7a643e94"
"design-system/audit-screenshots/desktop-08-personal-sample.png","112366","2026-06-16T17:28:05.2153932Z","b52aa538762cbd2ad3b83dd529d23687fb7dbfa450273498b699e2da4619041a"
"design-system/audit-screenshots/desktop-09-personal-calendar.png","111665","2026-06-16T17:28:05.8957667Z","3a986bed2f4a7e164408b547ae7d53e2533b9dd3ef00de160b073f5ad9085587"
"design-system/audit-screenshots/desktop-10-personal-style-dark.png","102592","2026-06-16T17:28:06.5766003Z","8eb3edb3ef754999d917601b42d8c1a7bda2f6c76892443481808fd0e9af3284"
"design-system/audit-screenshots/mobile-web-00-welcome.png","276527","2026-06-16T17:28:07.6067714Z","ca1c8702f282d96a266078217b3455631697d4e77f9f633c1c0fdba29ed7a6f3"
"design-system/audit-screenshots/mobile-web-01-business-records-empty.png","206014","2026-06-16T17:28:13.7968671Z","b08a38efdfab175889a53d425b27fb7518a1896d4b5ddbb7cfff0b48a47733e5"
"design-system/audit-screenshots/mobile-web-02-business-records-sample.png","194384","2026-06-16T17:28:14.7554366Z","24cf6d880875d0d75a8b3c93c31fe69b1cc5c4e11bba10476003d3192fed3788"
"design-system/audit-screenshots/mobile-web-03-business-accounts.png","132041","2026-06-16T17:28:15.7045015Z","e46ea8380a8481783741b8b7926a9acb034cbebc3ae075a81c1a4c98c34f1dba"
"design-system/audit-screenshots/mobile-web-04-personal-empty.png","138867","2026-06-16T17:28:16.4266705Z","35753dfd0287c9ea1347cf75f44652991099d407c11217ae3018b839e7d71ba5"
"design-system/audit-screenshots/mobile-web-05-personal-sample.png","138210","2026-06-16T17:28:23.1827591Z","5e7908d71f1592372846a13833136a58413d832a2aa9cf1e8fde74f0c1fa443b"
"design-system/close-ledger.tokens.json","5384","2026-06-15T18:57:20.0283776Z","d98d1071dd1688e7334452402bf06de51387dd61ea2bd2182aa45d72df3b49fa"
"design-system/close-ledger-continuation-handoff-2026-06-17.md","26106","2026-06-17T18:44:23.2418389Z","dc78b29eeb52087087bf8e27eefae12dcb6b8ecd86efb2586c32bfe186c79ab0"
"design-system/close-ledger-design-system.md","20473","2026-06-17T00:46:56.4697359Z","e77be43f1a53199d9ebc574ccf626ef4d2b2b10918015e35099bd4f6931fab52"
"design-system/close-ledger-full-taste-audit-2026-06-16.md","16151","2026-06-17T00:47:45.4858459Z","584cb3d9f48e34634dcf222ced38d2a25403ee098ffd86a22a758cbe7cb30b39"
"design-system/close-ledger-taste-audit.md","8182","2026-06-17T00:47:45.4833289Z","80e4533c9cf590a4bf587461af886cb78edb29165426ab9bd5991c8d7d4f4310"
"design-system/exhaustive-workflow-audit/downloads/calendar-style-persistence-mobile-download-ics-folio-personal-calendar.ics","3837","2026-06-19T07:31:13.0040125Z","2ac99bb9db5a6067fd260c67ebf2c1c403891b5b611fc241831439c5bb28485e"
"design-system/exhaustive-workflow-audit/downloads/exports-and-backup-restore-desktop-csv-i-folio-source-ledger.csv","2504","2026-06-19T07:30:59.6432186Z","fa99e40b9674074263e5033729e8ee1bde1f3cebbabb4695a5f49b1ea00d5f97"
"design-system/exhaustive-workflow-audit/downloads/exports-and-backup-restore-desktop-download-draft-pdf-pdf-pack-pdf-i-folio-accounts-pack.pdf","24377","2026-06-19T07:30:59.1510396Z","af4486a57e95abd275d7e7390bb9725cc1145eb7bee2a698aa47f77cd0b99c05"
"design-system/exhaustive-workflow-audit/downloads/exports-and-backup-restore-desktop-excel-workbook-i-folio-accounts-pack.xlsx","21274","2026-06-19T07:30:59.4307040Z","9276c58dbb7a4d95e3a960a316a024f2e93e99ecb40922982a37c0876c02f1d9"
"design-system/exhaustive-workflow-audit/downloads/exports-and-backup-restore-desktop-filing-json-filing-draft-i-folio-filing-draft.json","8531","2026-06-19T07:30:59.5455992Z","e4afd9bf3a0f91b033cdd61550ad6851eb154ed53827b0ea4b56f3a4eda2b8fe"
"design-system/exhaustive-workflow-audit/downloads/exports-and-backup-restore-desktop-save-app-file-folio-saved-copy.closeledger","13032","2026-06-19T07:31:00.5139263Z","a19ed09047180c9c4af5e9d539660bed717ceb8f2d4ebc57734a7b2d089a8411"
"design-system/exhaustive-workflow-audit/exhaustive-workflow-audit.json","581788","2026-06-19T07:31:27.8153160Z","147140b0f4cca78b1d656688ea42e0862e015045f946268a1c05579688b9ee00"
"design-system/exhaustive-workflow-audit/exhaustive-workflow-audit.md","28480","2026-06-19T07:31:27.8188244Z","3eeaf34d60d8175c89c96d79ced3b514cb2373f9e8d97ad21724887923c6dca7"
"design-system/exhaustive-workflow-audit/fixtures/business-bank-audit.csv","293","2026-06-19T07:29:33.9801695Z","350b687ba3aad61cdedb920ba9e91322d8e90235cd726837c1227d06689cc4fc"
"design-system/exhaustive-workflow-audit/fixtures/close-ledger-test-calendar.ics","303","2026-06-19T07:29:33.9821188Z","7d050f066e9e40a54a74bc19f338639dac1bffb9755529eac17b97ce3d9049bb"
"design-system/exhaustive-workflow-audit/fixtures/empty.csv","0","2026-06-19T07:29:33.9776717Z","e3b0c44298fc1c149afbf4c8996fb92427ae41e4649b934ca495991b7852b855"
"design-system/exhaustive-workflow-audit/fixtures/malformed.csv","82","2026-06-19T07:29:33.9786729Z","5ccd2704e25dd7eae327d755f2c2743497c0e0c1607e91cf87bf0a35e39bc786"
"design-system/exhaustive-workflow-audit/fixtures/not-a-real-statement.pdf","43","2026-06-19T07:29:33.9821188Z","6461758805722ec76d65dff43d4a12e46a9e05090192811bf608030d8e24e245"
"design-system/exhaustive-workflow-audit/fixtures/personal-bank-audit.csv","297","2026-06-19T07:29:33.9811155Z","ad9f246e9d3524666f41cae029937378ddc7d3d78257ed480e884b8d4a07b57d"
"design-system/exhaustive-workflow-audit/fixtures/statement-as-text.txt","55","2026-06-19T07:29:33.9801695Z","c4daf49279f2abb636d1f04a60f0dc9c92229b4faaede0b5b0f5decb083820de"
"design-system/exhaustive-workflow-audit/fixtures/website-bookings-audit.csv","123","2026-06-19T07:29:33.9811155Z","428c7f72e7170f7566ceeeafc300dc41e5645bafc06d1e13f0c451cdccfd69d4"
"design-system/exhaustive-workflow-audit/screenshots/backup-restore-fresh-desktop--01--fresh-before-restore.png","287620","2026-06-19T07:31:02.9459038Z","090fd71db848be5621eb8ec9e7f1a90f35906ad594efa60c6fe6759fa1a73a6d"
"design-system/exhaustive-workflow-audit/screenshots/backup-restore-fresh-desktop--02--restore-confirmation.png","237579","2026-06-19T07:31:06.0746431Z","b048b5f110bcfcf44bc29d4251bf48e193e3663062006cea24e5f6b4ceea4b62"
"design-system/exhaustive-workflow-audit/screenshots/backup-restore-fresh-desktop--03--after-opening-backup.png","235553","2026-06-19T07:31:06.7004546Z","d259df59260a7865174aa54ff3ab3fcff4078312b16b207ae11da41c704c0826"
"design-system/exhaustive-workflow-audit/screenshots/calendar-style-persistence-mobile--01--personal-calendar-loaded.png","212759","2026-06-19T07:31:09.5786365Z","8eca197dc7be12823f5656e1d3147d41484fd9e3486e3691d9071610614f226c"
"design-system/exhaustive-workflow-audit/screenshots/calendar-style-persistence-mobile--02--calendar-day-view.png","202963","2026-06-19T07:31:10.1521367Z","f007102797b984daf51771535f03057ea720d4226b2d74872bfd4f46392b28ac"
"design-system/exhaustive-workflow-audit/screenshots/calendar-style-persistence-mobile--03--calendar-week-view.png","211388","2026-06-19T07:31:10.7101926Z","fce0c37763702dcb88663e3082ef91c11274cca5887c556478090f40f294c859"
"design-system/exhaustive-workflow-audit/screenshots/calendar-style-persistence-mobile--04--calendar-month-view.png","219497","2026-06-19T07:31:11.2678427Z","a01b1bdc842bff51ee2c48ac862640c454ce36b472c0faa35888db4f025cee50"
"design-system/exhaustive-workflow-audit/screenshots/calendar-style-persistence-mobile--05--quick-rent-block-added.png","228009","2026-06-19T07:31:12.2242134Z","69fab87d239b7d58b397bc8f84b4b026a9cb870320bf3f371b431271e6f6f437"
"design-system/exhaustive-workflow-audit/screenshots/calendar-style-persistence-mobile--06--manual-calendar-block-added.png","155435","2026-06-19T07:31:12.8898379Z","890a8dac785b98c6bf19c29e23e3396725d95d7b3069a671b4d143ce35ffffdc"
"design-system/exhaustive-workflow-audit/screenshots/calendar-style-persistence-mobile--07--ics-imported.png","155435","2026-06-19T07:31:15.9594250Z","890a8dac785b98c6bf19c29e23e3396725d95d7b3069a671b4d143ce35ffffdc"
"design-system/exhaustive-workflow-audit/screenshots/calendar-style-persistence-mobile--08--google-no-key-connect-state.png","174904","2026-06-19T07:31:16.6258892Z","442dfdec756b43ff81d7594eb184863c61c7027ef47725798589c2651bb92d9b"
"design-system/exhaustive-workflow-audit/screenshots/calendar-style-persistence-mobile--09--google-no-key-send-state.png","174904","2026-06-19T07:31:17.1696885Z","442dfdec756b43ff81d7594eb184863c61c7027ef47725798589c2651bb92d9b"
"design-system/exhaustive-workflow-audit/screenshots/calendar-style-persistence-mobile--10--style-comfort-group.png","188799","2026-06-19T07:31:17.7316554Z","12d52b34d79bb89a258def63faa743563ff8bdcc3ba1cdba8daf7527dca18e41"
"design-system/exhaustive-workflow-audit/screenshots/calendar-style-persistence-mobile--11--style-layout-full-cards.png","219196","2026-06-19T07:31:18.3943255Z","db1dc86f5d37f4398e3542d77ba8a45963372ccbf0688317689246f3e9a2f06a"
"design-system/exhaustive-workflow-audit/screenshots/calendar-style-persistence-mobile--12--style-compact-large-text.png","248753","2026-06-19T07:31:19.1104616Z","aecf0bc778da7b36d83509fe729ee9208892d6127c39e714ceb5e1d668bf58d5"
"design-system/exhaustive-workflow-audit/screenshots/calendar-style-persistence-mobile--13--style-dark-palette-selected.png","327891","2026-06-19T07:31:19.7651991Z","3a5a39e2158c91e387d5f617b1f0dcf937029f1ee237a52a3e4db4d0e4b3a2b3"
"design-system/exhaustive-workflow-audit/screenshots/calendar-style-persistence-mobile--14--after-reload-style-persists.png","323765","2026-06-19T07:31:21.5262758Z","30d8bafd265b712701baeff0ddde047e3c57170dc6a84947038c7367794cd193"
"design-system/exhaustive-workflow-audit/screenshots/exports-and-backup-restore-desktop--01--accounts-before-exports.png","419768","2026-06-19T07:30:58.9735871Z","148ef51143808f95216cd0d012764c906015f40e99f8e0bc95c767a40b42bd01"
"design-system/exhaustive-workflow-audit/screenshots/exports-and-backup-restore-desktop--02--accounts-after-export-attempts.png","419925","2026-06-19T07:31:00.2443819Z","390d04288924efccaade16a3430e2fa41cdff0c0ae9edd53437b03482a4d436a"
"design-system/exhaustive-workflow-audit/screenshots/exports-and-backup-restore-desktop--03--backup-downloaded.png","234107","2026-06-19T07:31:01.0508056Z","f3cd3192158598a58f5ac97918c94430f13851513399bf65cc1c962555c1c5f3"
"design-system/exhaustive-workflow-audit/screenshots/folio-help-search-mobile--01--records-before-folio.png","193109","2026-06-19T07:31:24.1329521Z","e03f68e0d5c0261af672524c8643d60a55a0ae4d3dc1e6fda4bf6aa79b064569"
"design-system/exhaustive-workflow-audit/screenshots/folio-help-search-mobile--02--folio-panel-opened.png","97970","2026-06-19T07:31:24.6671919Z","c5c569431624460004cd85547975491f9dcd96342c5f4e4a01fcb4a07bc64162"
"design-system/exhaustive-workflow-audit/screenshots/folio-help-search-mobile--03--folio-response.png","97580","2026-06-19T07:31:25.6907941Z","faebbe63be55c4b44966e2201550977fa30156e51a838f9ce623542942f714b8"
"design-system/exhaustive-workflow-audit/screenshots/folio-help-search-mobile--04--row-search-sarah.png","153688","2026-06-19T07:31:26.6711972Z","4e8f7feb2cd06e686291e261f90031feb789b150463b1a318ef516ba1a1fa843"
"design-system/exhaustive-workflow-audit/screenshots/folio-help-search-mobile--05--row-search-no-results.png","256422","2026-06-19T07:31:27.6087539Z","ad50a97e27c2fa6a60daa1fee84c353dd6e9839745be8ebd80d2edf8927e18fc"
"design-system/exhaustive-workflow-audit/screenshots/import-bad-paths-and-duplicate-handling-mobile--01--fresh-business-import-surface.png","323765","2026-06-19T07:30:29.5957807Z","30d8bafd265b712701baeff0ddde047e3c57170dc6a84947038c7367794cd193"
"design-system/exhaustive-workflow-audit/screenshots/import-bad-paths-and-duplicate-handling-mobile--02--empty-csv-feedback.png","347902","2026-06-19T07:30:30.8241420Z","4ff94c8ae257eeb6ff103a9c43135bc80de5663bbc4107800e33deac98873489"
"design-system/exhaustive-workflow-audit/screenshots/import-bad-paths-and-duplicate-handling-mobile--03--malformed-csv-feedback-or-preview.png","343579","2026-06-19T07:30:32.0137308Z","f3c1152cac0e82963649c03cfb3706e1b0d2cd233a9178b9593bcc2b0e752e70"
"design-system/exhaustive-workflow-audit/screenshots/import-bad-paths-and-duplicate-handling-mobile--04--wrong-extension-text-file-feedback.png","114405","2026-06-19T07:30:33.1495953Z","a75df23831cd04210d3ea7ae9e2c19dbbbdb2669037bfd04060511d259016e53"
"design-system/exhaustive-workflow-audit/screenshots/import-bad-paths-and-duplicate-handling-mobile--05--business-bank-preview-before-leave-out.png","109636","2026-06-19T07:30:34.3185623Z","7ae3c279c118fe3518a68cffdbc32b4ebcdab394b5522acbd14e71fd1b481b47"
"design-system/exhaustive-workflow-audit/screenshots/import-bad-paths-and-duplicate-handling-mobile--06--after-leaving-import-out.png","313139","2026-06-19T07:30:34.8734523Z","7812a24593c44645c9517a7396f973e564e0b8f31b0cddcd2aaa26494d77a7c5"
"design-system/exhaustive-workflow-audit/screenshots/import-bad-paths-and-duplicate-handling-mobile--07--business-rows-saved-from-fixture-file.png","193109","2026-06-19T07:30:36.1018233Z","e03f68e0d5c0261af672524c8643d60a55a0ae4d3dc1e6fda4bf6aa79b064569"
"design-system/exhaustive-workflow-audit/screenshots/import-bad-paths-and-duplicate-handling-mobile--08--duplicate-import-preview.png","111215","2026-06-19T07:30:37.2632139Z","e1ad689b699ee3cb1b2ebe16ed1001d14c4dc48642feb5c999ba45983c9dafa0"
"design-system/exhaustive-workflow-audit/screenshots/import-bad-paths-and-duplicate-handling-mobile--09--after-duplicate-save.png","193109","2026-06-19T07:30:37.7928515Z","e03f68e0d5c0261af672524c8643d60a55a0ae4d3dc1e6fda4bf6aa79b064569"
"design-system/exhaustive-workflow-audit/screenshots/import-bad-paths-and-duplicate-handling-mobile--10--website-booking-preview.png","117780","2026-06-19T07:30:38.9705798Z","77790f20e6a3e74e242e375828523d1d5edec7db8807683f181415d408fac519"
"design-system/exhaustive-workflow-audit/screenshots/import-bad-paths-and-duplicate-handling-mobile--11--website-bookings-saved.png","199617","2026-06-19T07:30:39.5138696Z","70b7a9ff3f7e322e1812ae705fe3d81a0ca6d1d557d23184f82c52c55f8ebca6"
"design-system/exhaustive-workflow-audit/screenshots/manual-entry-business-personal-desktop--01--business-manual-row-added.png","251589","2026-06-19T07:30:51.1838345Z","eec1cbe4e181fdb925aa65a3f4e4536b2675dd329bab0485a65d56caac094385"
"design-system/exhaustive-workflow-audit/screenshots/manual-entry-business-personal-desktop--02--personal-manual-row-added.png","360067","2026-06-19T07:30:52.1759166Z","15665818edc4a31b76a74293146b38b776af275de74bed5f856b0b85e3c5149a"
"design-system/exhaustive-workflow-audit/screenshots/review-filters-evidence-and-row-actions-desktop--01--loaded-business-records-full.png","276020","2026-06-19T07:30:42.1554382Z","945d97ee811f0ccd59ff602c59ca04d5ac9a8f6f60e0778f9ffdb7e1b8779368"
"design-system/exhaustive-workflow-audit/screenshots/review-filters-evidence-and-row-actions-desktop--02--next-row-selected.png","282367","2026-06-19T07:30:42.7989363Z","cb846b97444621e37b5b764dc0a6ce85e45e1e01e4d643cf1269e9b9e0a52a50"
"design-system/exhaustive-workflow-audit/screenshots/review-filters-evidence-and-row-actions-desktop--03--after-approve-row.png","270564","2026-06-19T07:30:43.4123233Z","f6dc4c4422c54090e77357c7edd02f4ed7c34c343b380e9e876ab2907cf820d9"
"design-system/exhaustive-workflow-audit/screenshots/review-filters-evidence-and-row-actions-desktop--04--after-keep-out.png","277698","2026-06-19T07:30:44.0295897Z","feea1d7b2bae415bea8d0448dbf15cf186d81a20686bdcf2866da1e77562f8af"
"design-system/exhaustive-workflow-audit/screenshots/review-filters-evidence-and-row-actions-desktop--05--filter-needs-you.png","277698","2026-06-19T07:30:44.6397604Z","50180e8207fc72d333feb847b12bc42ceba264769332781bfb67580d4e6ad24d"
"design-system/exhaustive-workflow-audit/screenshots/review-filters-evidence-and-row-actions-desktop--06--filter-done.png","274217","2026-06-19T07:30:45.2442234Z","406d4829f91098781dfccefbd52259bc067ae7b11a6b6e60c91984c602984b12"
"design-system/exhaustive-workflow-audit/screenshots/review-filters-evidence-and-row-actions-desktop--07--filter-kept-out.png","265664","2026-06-19T07:30:45.8685256Z","60afba5a31bb3366403e6544ba7f5ee1e8c2b101ecc8ebc22d415324a5c84956"
"design-system/exhaustive-workflow-audit/screenshots/review-filters-evidence-and-row-actions-desktop--08--filter-money-in.png","272274","2026-06-19T07:30:46.5033095Z","42627d63082e5412cdcd2e4d23c0b0c067ef09ad49a1c4faa905db3f4540ca0f"
"design-system/exhaustive-workflow-audit/screenshots/review-filters-evidence-and-row-actions-desktop--09--filter-money-out.png","269623","2026-06-19T07:30:47.0930736Z","cb803542b182fd6c5aba637fb919e085d9ac7e07251533855a68ffc8e8d1c691"
"design-system/exhaustive-workflow-audit/screenshots/review-filters-evidence-and-row-actions-desktop--10--filter-all.png","272330","2026-06-19T07:30:47.6960088Z","e8364c6fa8d0a6f507cd09a42c6fd13df02a3b0d241374b60ccda623f2ae795e"
"design-system/exhaustive-workflow-audit/screenshots/review-filters-evidence-and-row-actions-desktop--11--evidence-note-saved.png","277528","2026-06-19T07:30:48.4131431Z","9408d1eeca59eebd4628e51999b2960adc7551396b33905d83f07f44c271c48e"
"design-system/exhaustive-workflow-audit/screenshots/review-filters-evidence-and-row-actions-desktop--12--delete-row-affordance-open.png","277196","2026-06-19T07:30:49.0084535Z","a68de68e0b179693ff666ab1da6fe936a47d9d7ea48fab67b41c725d035923f9"
"design-system/exhaustive-workflow-audit/screenshots/route-matrix-desktop-full--01--business-records.png","272507","2026-06-19T07:30:23.6987662Z","1130c12a4dc0b0d8578d2250393a3bebda715051c0801563e0bd113e53a96cf0"
"design-system/exhaustive-workflow-audit/screenshots/route-matrix-desktop-full--02--business-accounts.png","417229","2026-06-19T07:30:24.4569154Z","b89ba315d41b07fd5657dff581a638b53a2450b2ae1e4093a4eef155ded10326"
"design-system/exhaustive-workflow-audit/screenshots/route-matrix-desktop-full--03--business-calendar.png","227480","2026-06-19T07:30:25.0921302Z","e5058163698d2962369b61ee2bd67ce306d9118968be341c03f9f57d03d05463"
"design-system/exhaustive-workflow-audit/screenshots/route-matrix-desktop-full--04--business-style.png","220829","2026-06-19T07:30:25.7273440Z","dbb8b9bcd85ce14711a459f340b74b32c2ec262aefb246455325737f702ded54"
"design-system/exhaustive-workflow-audit/screenshots/route-matrix-desktop-full--05--personal-money.png","365265","2026-06-19T07:30:26.4284710Z","31e9e3c01198ec7e869f94ef94119dd2e396731f65115fe0a04515c559f341ce"
"design-system/exhaustive-workflow-audit/screenshots/route-matrix-desktop-full--06--personal-calendar.png","256775","2026-06-19T07:30:27.1032180Z","9f070e2bdac2b9ba551aebf6d0ee63ba4e062434d79136e7a46499787ac4d8f7"
"design-system/exhaustive-workflow-audit/screenshots/route-matrix-desktop-full--07--personal-style.png","221470","2026-06-19T07:30:27.7347548Z","8782667a81a733bd27916aab8886b364857d11656a4f9b2bd975ae85f7779833"
"design-system/exhaustive-workflow-audit/screenshots/route-matrix-desktop-guided--01--business-records.png","272602","2026-06-19T07:30:14.7167271Z","793657be1e9d8f301234c988fec0d098d81892caf15eac1d7308fa46f3fc4814"
"design-system/exhaustive-workflow-audit/screenshots/route-matrix-desktop-guided--02--business-accounts.png","369405","2026-06-19T07:30:15.4138819Z","32576885dc054d80df49df14a7b9c65b1044f1b3486844828ba16918c2bbce2f"
"design-system/exhaustive-workflow-audit/screenshots/route-matrix-desktop-guided--03--business-calendar.png","227508","2026-06-19T07:30:16.0919134Z","ab64d54ff6a3f3fe3fcf5c27ada1b80093e36762e30ff28101263eacb842eceb"
"design-system/exhaustive-workflow-audit/screenshots/route-matrix-desktop-guided--04--business-style.png","229556","2026-06-19T07:30:16.7374192Z","1de059ba29e829a0ae0e0ecb5356e04d0dcb232252af2772a6517fb6f35e7e63"
"design-system/exhaustive-workflow-audit/screenshots/route-matrix-desktop-guided--05--personal-money.png","365263","2026-06-19T07:30:17.4404401Z","21471fc729865f9e2af9a1b98eb4b07bbd0bc0017bb6f13ec3108eba1a1e0c82"
"design-system/exhaustive-workflow-audit/screenshots/route-matrix-desktop-guided--06--personal-calendar.png","256805","2026-06-19T07:30:18.0941726Z","d373bda1d0fc7b41e6f14175af2aa1c68c5bb9bc353bea25dc3443cbace6b1c5"
"design-system/exhaustive-workflow-audit/screenshots/route-matrix-desktop-guided--07--personal-style.png","230212","2026-06-19T07:30:18.7618366Z","800f680e6ae0ab76d305017ea03e0db7287a9b0808a660c2f0188efdcb5df878"
"design-system/exhaustive-workflow-audit/screenshots/route-matrix-desktop-simple--01--business-records.png","250812","2026-06-19T07:30:05.8273334Z","a6d88f205c6ec347ce4cfd868838608bb36277d4650606fd02f4b1ad0b5f8e97"
"design-system/exhaustive-workflow-audit/screenshots/route-matrix-desktop-simple--02--business-accounts.png","330465","2026-06-19T07:30:06.5275577Z","6f89a85c5ffb17b0468d6a30100b0b9d9502136d48fcc7740bf6894e90891751"
"design-system/exhaustive-workflow-audit/screenshots/route-matrix-desktop-simple--03--business-calendar.png","227502","2026-06-19T07:30:07.1892682Z","93b2f0ab089e075364cc76d1d0a586e3b153aec876dfd1909179fa911680c0e3"
"design-system/exhaustive-workflow-audit/screenshots/route-matrix-desktop-simple--04--business-style.png","221431","2026-06-19T07:30:07.8385188Z","da5e4218951690bae3a60caebdec9c96f1de748d0df13cab396db33b64b6982a"
"design-system/exhaustive-workflow-audit/screenshots/route-matrix-desktop-simple--05--personal-money.png","209285","2026-06-19T07:30:08.4821791Z","e901b5ebcefaac00da75acaefa4d01f6f10a79e04240b0a826015be68b031d89"
"design-system/exhaustive-workflow-audit/screenshots/route-matrix-desktop-simple--06--personal-calendar.png","256802","2026-06-19T07:30:09.1235962Z","5092f19a5bd3b8c93d57db9d8fd296d36e2f702d95ebe97d6a822406bfca33bf"
"design-system/exhaustive-workflow-audit/screenshots/route-matrix-desktop-simple--07--personal-style.png","222066","2026-06-19T07:30:09.7741343Z","375e3d2e1063faf21f8a6466055751c2916df02a0d4142908eafb593f5509551"
"design-system/exhaustive-workflow-audit/screenshots/route-matrix-mobile-full--01--business-records.png","239286","2026-06-19T07:29:57.0261229Z","1e989dca01c680013ce0d44a399db0f732af0f8d113490ed542725b07ada76c2"
"design-system/exhaustive-workflow-audit/screenshots/route-matrix-mobile-full--02--business-accounts.png","355431","2026-06-19T07:29:57.6693467Z","af8ad605ce8048fe3034b3e79d0a343e3ecf4f57f3dfaf7eb096dbab9f84b4f2"
"design-system/exhaustive-workflow-audit/screenshots/route-matrix-mobile-full--03--business-calendar.png","284966","2026-06-19T07:29:58.2916577Z","d04b1edfed3af3999d5e345ebf157f6681c124e0d8a1e0fe400302b1c7dbf405"
"design-system/exhaustive-workflow-audit/screenshots/route-matrix-mobile-full--04--business-style.png","260577","2026-06-19T07:29:58.9565931Z","d43df75846f29d9abb89eda3359b01cb5df081aceccb69279dbaf57a992476b0"
"design-system/exhaustive-workflow-audit/screenshots/route-matrix-mobile-full--05--personal-money.png","593623","2026-06-19T07:29:59.6859650Z","f6f0cac9dd275d10fe2c4baeec8955229de3c9edb8f501fadfabb60e89d698b4"
"design-system/exhaustive-workflow-audit/screenshots/route-matrix-mobile-full--06--personal-calendar.png","386024","2026-06-19T07:30:00.3437075Z","5c7adc18e874b6a0178338253977a57987eeee3173de1f99b673ec1573b1a6a9"
"design-system/exhaustive-workflow-audit/screenshots/route-matrix-mobile-full--07--personal-style.png","257121","2026-06-19T07:30:00.9319567Z","5a214c776ce3a08a242eeec476c1d4361d7b668edab1414b0ed779f9f6e126ad"
"design-system/exhaustive-workflow-audit/screenshots/route-matrix-mobile-guided--01--business-records.png","178603","2026-06-19T07:29:48.5325299Z","cf1487a3f61871a05d06432fd80f32ac7ab7d0dc35c93b6a466cf1f7632ca0ce"
"design-system/exhaustive-workflow-audit/screenshots/route-matrix-mobile-guided--02--business-accounts.png","268896","2026-06-19T07:29:49.1633302Z","6d25bb6d5557a7c788219a5cf0184a6d0eb98db1c8166167ffe336c6a8890f51"
"design-system/exhaustive-workflow-audit/screenshots/route-matrix-mobile-guided--03--business-calendar.png","174637","2026-06-19T07:29:49.7873819Z","bb050fe21c583f287bf24f2bf8634e760f4a1e9774ceac0e10972a48d12cb79f"
"design-system/exhaustive-workflow-audit/screenshots/route-matrix-mobile-guided--04--business-style.png","190596","2026-06-19T07:29:50.4008864Z","e6061b855d4e49540f3cc9aff26899e56a5f823054681fd27591d7c3e38a00ac"
"design-system/exhaustive-workflow-audit/screenshots/route-matrix-mobile-guided--05--personal-money.png","295575","2026-06-19T07:29:51.0424638Z","31b4d2e09779735bb7268543141909db200d84527537bc760b0c674706f2ab27"
"design-system/exhaustive-workflow-audit/screenshots/route-matrix-mobile-guided--06--personal-calendar.png","203378","2026-06-19T07:29:51.6322704Z","91eadbe1b95a1bb7f0bd711da9fe995742e2ba84c0a4baab5268f8ad720c1631"
"design-system/exhaustive-workflow-audit/screenshots/route-matrix-mobile-guided--07--personal-style.png","188799","2026-06-19T07:29:52.2108112Z","12d52b34d79bb89a258def63faa743563ff8bdcc3ba1cdba8daf7527dca18e41"
"design-system/exhaustive-workflow-audit/screenshots/route-matrix-mobile-simple--01--business-records.png","230735","2026-06-19T07:29:39.7850215Z","2635fc84a7e5973a0f70e809f0386927b551136dd27fd925f64c3cd533f9ffdc"
"design-system/exhaustive-workflow-audit/screenshots/route-matrix-mobile-simple--02--business-accounts.png","271879","2026-06-19T07:29:40.4203625Z","8f51eefe5cdb1cd632e5c63c43ea0142b2fd5956bdab82634723cfe3ec2fc139"
"design-system/exhaustive-workflow-audit/screenshots/route-matrix-mobile-simple--03--business-calendar.png","284966","2026-06-19T07:29:41.0338980Z","d04b1edfed3af3999d5e345ebf157f6681c124e0d8a1e0fe400302b1c7dbf405"
"design-system/exhaustive-workflow-audit/screenshots/route-matrix-mobile-simple--04--business-style.png","330866","2026-06-19T07:29:41.7739388Z","b9d835568a8d8d095cfb3b33b43f4561dd5720bdb16e462390dc1ce882a88efd"
"design-system/exhaustive-workflow-audit/screenshots/route-matrix-mobile-simple--05--personal-money.png","343969","2026-06-19T07:29:42.4454726Z","6bac5bb8030df09bc65ac16faa02d3f8332888a2bed11a678dddff8c842005db"
"design-system/exhaustive-workflow-audit/screenshots/route-matrix-mobile-simple--06--personal-calendar.png","386024","2026-06-19T07:29:43.1096583Z","5c7adc18e874b6a0178338253977a57987eeee3173de1f99b673ec1573b1a6a9"
"design-system/exhaustive-workflow-audit/screenshots/route-matrix-mobile-simple--07--personal-style.png","328843","2026-06-19T07:29:43.7572826Z","e970704582eba4b5563562df02b265be2dd1320c36c45ba0adc198c5e042ae68"
"design-system/figma-build-notes.md","4917","2026-06-17T00:46:56.4687312Z","f51aeee876a5708aab8056c536154418e5c09faecfa285d11184ac99e470dd64"
"design-system/figma-live-file.json","6916","2026-06-17T00:47:33.1369260Z","41f78923de18152621ef3cbb9864f577c0be6947dd53eddc4fbe824341673a46"
"design-system/figma-pip-weasel-direction.png","108546","2026-06-15T20:23:23.6167235Z","9137258ee0972989395e14dbfef79a20d79cebe009ca9249cf02c6ed9926f767"
"design-system/figma-quality-audit-8-2-to-10.png","284149","2026-06-15T21:25:07.1565297Z","c31c7d91865de14940d751ed7f7572ac194e8ab5c61749cd8d70368a88ea0b1a"
"design-system/figma-quality-audit-8-7-to-10.png","294942","2026-06-15T21:42:49.2130740Z","1a5e78e9203ae1c6ddc7045e94f30589e94212d6aaaf0ab9ee38a54bffea82cf"
"design-system/figma-quality-audit-8-9-to-10.png","296684","2026-06-15T22:13:35.2909469Z","a8f348bef7dd7ac86587fb3da39e2b4c08f42c87742917b77f5f54438e2246e9"
"design-system/figma-quality-audit-9-1-to-10.png","253177","2026-06-15T23:30:19.3002613Z","37c1bf16e8677fec147df8c1246ff357f47c0bc52a44b8828f850e1252c0c221"
"design-system/figma-quality-audit-9-2-to-10.png","288710","2026-06-16T00:04:22.6986123Z","a12193453b13d053fee75f23adcc6f5a3285e09b8b532bc0caa8b741925bf5e2"
"design-system/figma-quality-audit-9-3-to-10.png","290010","2026-06-16T00:27:18.2876832Z","f24f601256b3beb0d51734995e68bcf0c99fc38512dd9233a66ea204012630b6"
"design-system/figma-quality-audit-9-4-to-10.png","299269","2026-06-16T00:42:04.5910944Z","d013c712f164b6f0c281ab285777264d3e2939adb5f470609f9a09e6988e0fa7"
"design-system/figma-quality-audit-9-5-to-10.png","314818","2026-06-16T00:56:17.0910499Z","0a6638fa0f78cc8bb111a822aec57a9a82651da2a6d22ddd070daa3680957809"
"design-system/figma-quality-audit-9-6-to-10.png","286201","2026-06-16T01:08:08.6340799Z","6782ad2819720943bbbc512364c4ff01791d79803895c85c16313632d737b2a7"
"design-system/figma-ui-ux-audit-8-4.png","110419","2026-06-16T08:55:17.7773142Z","066be37496d6d7c0755d8567888f02f15e6fb94226288ec298ff1a4004dca0bc"
"design-system/figma-ui-ux-audit-route-validation.png","95921","2026-06-16T08:56:51.5127521Z","08eaf29a20221112b66b52a521b52fa74166b5052f04f3becc679bd3884c7bbe"
"design-system/figma-use-build.js","56021","2026-06-15T20:21:01.6956436Z","646da8be122529affd5fb6eefaa415e7cda5de165e1ec7e910c51f30a9238098"
"design-system/figma-visual-ux-audit-route-real-screens.png","125716","2026-06-16T09:28:43.9391553Z","ec38b46a964dea0e76a41280c83b9f0118193ac1143cfe781014ff01470d462e"
"design-system/full-screen-audit/capture-report.json","55515","2026-06-17T12:06:24.1284969Z","6cb03e4a7303df192f78952dcfd5acef130ffc49bdfdccae90b40957e1eb6df6"
"design-system/full-screen-audit/desktop-business-accounts--full.png","378042","2026-06-17T12:05:47.7486510Z","17326060a8e8e9cfaac955a6f8d5f203131016c4ca65e84be9e993383f007a35"
"design-system/full-screen-audit/desktop-business-accounts--slice-00.png","183960","2026-06-17T12:05:48.3803211Z","bedfbdb4a7964db5a5b42d9db8aa450a1ccf130680315109273db88cffc59bb1"
"design-system/full-screen-audit/desktop-business-accounts--slice-01.png","129217","2026-06-17T12:05:48.7270781Z","20c88e7f09712277ed473ba89b63c40693269405e69015261baf2dea3c4ddf13"
"design-system/full-screen-audit/desktop-business-accounts--slice-02.png","88749","2026-06-17T12:05:49.0806822Z","021e1dcff47cba279a9341eb67cb5fb3aa3012df29ad58c0f60ed240ec6f7c3a"
"design-system/full-screen-audit/desktop-business-accounts--slice-03.png","102536","2026-06-17T12:05:49.4460687Z","552350df620ff514545dfaa6fe51581f5ad78ba048371af6c17bb5df1f95f8a2"
"design-system/full-screen-audit/desktop-business-calendar--full.png","176934","2026-06-17T12:05:50.2745780Z","ea54934c5108c4bb1db393520e758a72d30f704c50089e1c593838aa0c71f52c"
"design-system/full-screen-audit/desktop-business-calendar--slice-00.png","164644","2026-06-17T12:05:50.8970532Z","ceaf74df2a51bfd6d570087ab0de502502b7727711a4d96c2cab92f93931d6ca"
"design-system/full-screen-audit/desktop-business-calendar--slice-01.png","142662","2026-06-17T12:05:51.2589406Z","2848281e9cfb167db59a46628012fb84398b16d080be3689115c25764b6535dc"
"design-system/full-screen-audit/desktop-business-records-empty--full.png","205215","2026-06-17T12:05:44.2268070Z","8c3fc9443aa2fbb97b4f50abd03d2cb14b60f04ac92c252a1aacdd5f2c5887c1"
"design-system/full-screen-audit/desktop-business-records-empty--slice-00.png","180368","2026-06-17T12:05:44.8432261Z","492f28963ad5de226b8b1e97d7dcf51d6dfe7a49d292d7f85c07b1121ddb6439"
"design-system/full-screen-audit/desktop-business-records-empty--slice-01.png","110556","2026-06-17T12:05:45.1740442Z","3d0e97bf7cbda574359a98380301962191ef9568917a4d9ed0bc8d0bb77ff585"
"design-system/full-screen-audit/desktop-business-records-sample--full.png","254725","2026-06-17T12:05:45.8869131Z","5a0163ed1a1327ce7448d17fe69fd0ae39481009b03571c022c05b8a34dcf345"
"design-system/full-screen-audit/desktop-business-records-sample--slice-00.png","205604","2026-06-17T12:05:46.5147005Z","ad69964717700c571958301d4106741598f660eac9eaf3f66e4d439e5a39f541"
"design-system/full-screen-audit/desktop-business-records-sample--slice-01.png","195681","2026-06-17T12:05:46.8560948Z","44cb164edb205c209f5c154f95ab569d84451c5aa4ed1678f6b496683ea17436"
"design-system/full-screen-audit/desktop-business-style--full.png","204230","2026-06-17T12:05:52.1566520Z","e9f3810efdfc29345a29f502fd94ad01ac5fcd13d0c405307d36d581c9f317c3"
"design-system/full-screen-audit/desktop-business-style--slice-00.png","161009","2026-06-17T12:05:52.7669330Z","15915af4e839bf80549e4d712981d3303b1ac32ddd220e69b7a312cdeb64dcbd"
"design-system/full-screen-audit/desktop-business-style--slice-01.png","123004","2026-06-17T12:05:53.1211275Z","c02a3d66c834d31be809a0a610193ab9a4e108e576c51e6635a74f21af3d8bc8"
"design-system/full-screen-audit/desktop-personal-calendar--full.png","189968","2026-06-17T12:05:57.2875212Z","b95854a22546e9113927af45f70ac2be0f5142719e3f31167e3122fcfab0e80c"
"design-system/full-screen-audit/desktop-personal-calendar--slice-00.png","160380","2026-06-17T12:05:57.8985209Z","7cdcb705e5c3b7a760a8e9256b714729cf4ee6b63d8916cf52ee57334ac8306f"
"design-system/full-screen-audit/desktop-personal-calendar--slice-01.png","120199","2026-06-17T12:05:58.2542843Z","9ad33009de4f65d529e6dc4d131eb4f6980d8d6a82fd46000b405b49d347e4fb"
"design-system/full-screen-audit/desktop-personal-empty--full.png","173296","2026-06-17T12:05:53.7787925Z","c5b75d90ff63cd198fe03d46ab1a8f44c31a600c305b1cb3723ab7c07726ffd4"
"design-system/full-screen-audit/desktop-personal-empty--slice-00.png","147490","2026-06-17T12:05:54.3908652Z","7a94606cb73f61e7296ef3aca9f557757448e547c45560cfd3ae6cc2e5aa3f4f"
"design-system/full-screen-audit/desktop-personal-empty--slice-01.png","104537","2026-06-17T12:05:54.7477885Z","1525b15d3c3100943f0e41d617c3035403aae450ad6613fbbe0a08f8307b6187"
"design-system/full-screen-audit/desktop-personal-money--full.png","282388","2026-06-17T12:05:55.4721981Z","d39e6e3ba8b369e3af750ab21e9dc429c9fdd560bc6aa24780a18d920044855f"
"design-system/full-screen-audit/desktop-personal-money--slice-00.png","223290","2026-06-17T12:05:56.1019945Z","154382ddef9973f214f331218d28ef7807c4c49334e9d4d4552bf1daf91366d5"
"design-system/full-screen-audit/desktop-personal-money--slice-01.png","223644","2026-06-17T12:05:56.4870752Z","87da00d20934514f9f49e1ba7ef5992789a8a23845f289a04931adbd275ad710"
"design-system/full-screen-audit/desktop-personal-style--full.png","204761","2026-06-17T12:05:59.0712700Z","9dfccf0c5981867a561c6b1a4b750629411436db57821b31e12181bbb80a8cba"
"design-system/full-screen-audit/desktop-personal-style--slice-00.png","159838","2026-06-17T12:05:59.7076711Z","03513a5cb917e6581d34df080b31607e91ec0b0c40f0e62c80bc6ca3c0be5752"
"design-system/full-screen-audit/desktop-personal-style--slice-01.png","122747","2026-06-17T12:06:00.0532634Z","8e8c5bdc12fb272e240bf1e37686cd7690d3c6340b16e7417503ab8f47777cb8"
"design-system/full-screen-audit/desktop-welcome--full.png","260857","2026-06-17T12:05:39.3647254Z","6a4152be96b2fdf1a284aa48333284cbc9313af87271b525e935a782e65a1680"
"design-system/full-screen-audit/desktop-welcome--slice-00.png","229526","2026-06-17T12:05:40.0283269Z","7db50d0a404f746f4b0fb4d88a32d8642f85c865b352a6f8aa892eb620e73eea"
"design-system/full-screen-audit/desktop-welcome--slice-01.png","229526","2026-06-17T12:05:40.4227128Z","7db50d0a404f746f4b0fb4d88a32d8642f85c865b352a6f8aa892eb620e73eea"
"design-system/full-screen-audit/mobile-business-accounts--full.png","238504","2026-06-17T12:06:11.7246869Z","6cc48d5ea62e4d23f121b17248c15f94eede9127958332b8f1a5162d104f059f"
"design-system/full-screen-audit/mobile-business-accounts--slice-00.png","217355","2026-06-17T12:06:12.3452133Z","0008b7ab79e905d9fee90ce5d3fb37cf6e57f63a5a44d25f0d5c5431b8cde775"
"design-system/full-screen-audit/mobile-business-accounts--slice-01.png","157087","2026-06-17T12:06:12.7105412Z","e15742fbc71828cb431bbe2c4c0cc3acd8dbec3266a0282d99578a5449966062"
"design-system/full-screen-audit/mobile-business-calendar--full.png","145325","2026-06-17T12:06:13.5268940Z","241ec879ae8f212bc9bfc806d2f667e6fd2a3da082542b73fa373c668c86a5c2"
"design-system/full-screen-audit/mobile-business-calendar--slice-00.png","165564","2026-06-17T12:06:14.1588087Z","3f3477bcaa82c4fda11e979d254789dbd613e4c5e51260cee004f175dfb90c43"
"design-system/full-screen-audit/mobile-business-calendar--slice-01.png","100670","2026-06-17T12:06:14.5109993Z","16a3f5aa29aa7443d7bb17ca66538bf62c0fc296ed2cafeb2fc7b2c32bab4999"
"design-system/full-screen-audit/mobile-business-records-empty--full.png","271801","2026-06-17T12:06:08.2773390Z","ae30f0ce1f2e57bd2a3253359d09d96cc8e9c716993d654765075975f9bdff29"
"design-system/full-screen-audit/mobile-business-records-empty--slice-00.png","198479","2026-06-17T12:06:08.9094349Z","9ea779a691cc8c053ac438f72175d4d438cc8c3c9bea09b5ed82e80ec034c139"
"design-system/full-screen-audit/mobile-business-records-empty--slice-01.png","153765","2026-06-17T12:06:09.2486801Z","e953aa12e0df7fbb36b7675fae9da628f191175ab922e21cd1d24bdd8e9b045d"
"design-system/full-screen-audit/mobile-business-records-sample--full.png","219136","2026-06-17T12:06:09.9333110Z","a29e8b6d20ca21c5bc107b4e415a609408f0dc390ae811a4acc04ee3e0fdece0"
"design-system/full-screen-audit/mobile-business-records-sample--slice-00.png","164989","2026-06-17T12:06:10.5312799Z","603d50ed31599be7f5f9c37fe4c93cf92acc1ad58d717d0000d4f72f42802ee8"
"design-system/full-screen-audit/mobile-business-records-sample--slice-01.png","155391","2026-06-17T12:06:10.8913050Z","d5d068a210bf965682d5dad2b8afe87364ca8dd0558feaa5a5749d44a79e65d1"
"design-system/full-screen-audit/mobile-business-style--full.png","181776","2026-06-17T12:06:15.2997736Z","b76bc82451ed8ddaeb827a9e7e86dff40ed3af5fea57316bca78300b52ccf863"
"design-system/full-screen-audit/mobile-business-style--slice-00.png","140476","2026-06-17T12:06:15.9152678Z","8c250ac5b17f24aee84257c00845c36f88b343f4b2081033aec5fcb581b75a78"
"design-system/full-screen-audit/mobile-business-style--slice-01.png","112372","2026-06-17T12:06:16.2697815Z","529e8d60650905d79d11b8b8ce4575dff938d9dc9b6281e0a97892d18f985166"
"design-system/full-screen-audit/mobile-business-style--slice-02.png","104701","2026-06-17T12:06:16.6142174Z","dd8d574365aa471f3ba9c7cb50ab63e807936f52858de6f0208a8a8142a9bed4"
"design-system/full-screen-audit/mobile-personal-calendar--full.png","181363","2026-06-17T12:06:21.0551130Z","18e214560438b7719727789d05bee1e8ef2e17982d7bab98e850734abad7ad49"
"design-system/full-screen-audit/mobile-personal-calendar--slice-00.png","163632","2026-06-17T12:06:21.6568842Z","27714b24e1fb44db5fb384cf88b75c29f8922a084a4c447a25ef9dbe13e44934"
"design-system/full-screen-audit/mobile-personal-calendar--slice-01.png","90653","2026-06-17T12:06:21.9935989Z","dc3f86e99fbbd5f21cfcb12e9972d91ca0f7577ac2e003875e30246c595f7779"
"design-system/full-screen-audit/mobile-personal-empty--full.png","199172","2026-06-17T12:06:17.2409248Z","01468601fbc5c01e677a73945fdc6726137cf5b182de6f3bd9a92e9da32546ff"
"design-system/full-screen-audit/mobile-personal-empty--slice-00.png","203387","2026-06-17T12:06:17.8653995Z","4c803766df291b1f6e0798a0e64785c63ab1790642d8e48819962a144249fe9b"
"design-system/full-screen-audit/mobile-personal-empty--slice-01.png","182762","2026-06-17T12:06:18.2211504Z","d0cf98a088fef05b4ae00926d39502e644eab5c643e45ab392da3756d092d2a2"
"design-system/full-screen-audit/mobile-personal-money--full.png","307101","2026-06-17T12:06:18.9081459Z","fc999bdc60f801d75570887023622af49369c72ec3d9b271be8e51919255216b"
"design-system/full-screen-audit/mobile-personal-money--slice-00.png","215727","2026-06-17T12:06:19.5282649Z","9cc736462e53d0a16de500add1208358ec097a76ea7299b3df638ef084cbc426"
"design-system/full-screen-audit/mobile-personal-money--slice-01.png","177689","2026-06-17T12:06:19.8653373Z","7f3bdd63f7049e6c0dce76c7c7f2f51804ddeefabf9e921f58651d2be9382c76"
"design-system/full-screen-audit/mobile-personal-money--slice-02.png","174984","2026-06-17T12:06:20.2254459Z","e261d9df8b8f33bfaec34d27dc96ede4d98de82a1459e48583e2b29bd616a56e"
"design-system/full-screen-audit/mobile-personal-style--full.png","190368","2026-06-17T12:06:22.7867763Z","2e40337bb9074b944514523c0d83f1f9ef4b554b52fd180ba17437b4d951ae50"
"design-system/full-screen-audit/mobile-personal-style--slice-00.png","136532","2026-06-17T12:06:23.4122040Z","5b03bf98464202a2bf78b8dc37c312f6655d43e84bcb97b21d2aafaf8b0a5758"
"design-system/full-screen-audit/mobile-personal-style--slice-01.png","110693","2026-06-17T12:06:23.7682541Z","ef793cadbbfb4f6773f86c358c72c787c468c02ad2292ebc0ed923d0a8a5fa5f"
"design-system/full-screen-audit/mobile-personal-style--slice-02.png","103542","2026-06-17T12:06:24.1169416Z","b689c440a7b70ad760b893fa1f978fbb28fd739fea689391e67345c58341b5ca"
"design-system/full-screen-audit/mobile-welcome--full.png","348081","2026-06-17T12:06:01.0316899Z","0a0554bcb710b0980a51d22e8e3ee6015585a57e05c63229b4ce48f612408956"
"design-system/full-screen-audit/mobile-welcome--slice-00.png","259476","2026-06-17T12:06:01.7030028Z","823d8e704d1679ccf3b1d38d8b16d237c16f79ba7eda51882bbf055e3f2a47b1"
"design-system/full-screen-audit/mobile-welcome--slice-01.png","259476","2026-06-17T12:06:02.1041163Z","823d8e704d1679ccf3b1d38d8b16d237c16f79ba7eda51882bbf055e3f2a47b1"
"design-system/huashu-full-scroll-audit/audit-captures.json","20903","2026-06-17T08:47:43.4871023Z","e1cfb1d9905cdef6e6670ecd1d7a810cfe9a7b1a3954df8131bf9c6504225017"
"design-system/huashu-full-scroll-audit/desktop-business-accounts-full.png","359257","2026-06-17T08:46:55.0855290Z","a255cd1c6a14cb404e1be0197191e97e2a2452fadeef2be20efc5770b5949ad2"
"design-system/huashu-full-scroll-audit/desktop-business-accounts-scroll-1.png","204134","2026-06-17T08:46:55.3761719Z","27a5537f31a95676eefae28f15e02b17b90bc03ba7a8c0f35a74de19a0e474e4"
"design-system/huashu-full-scroll-audit/desktop-business-accounts-scroll-2.png","141965","2026-06-17T08:46:55.6644205Z","4ca3fffc8a5536257337eb714fd9f8b18c6e489fccf4d8bdfe17e9b35d6e9747"
"design-system/huashu-full-scroll-audit/desktop-business-accounts-scroll-3.png","124611","2026-06-17T08:46:55.9454294Z","a6ae70d2f4a02b81f792caa4a77fde2695dd560a1f4f757c25c45ca9479f45c5"
"design-system/huashu-full-scroll-audit/desktop-business-accounts-scroll-4.png","118498","2026-06-17T08:46:56.2273258Z","f7a536a520aadac7fe9e6f0d19a15b676560dea775ca1c4d65e49cf1c56a74a9"
"design-system/huashu-full-scroll-audit/desktop-business-calendar-full.png","208908","2026-06-17T08:46:58.1739159Z","235465a5f6522a89d9d7f08e7946fe8560a3bd3b9f7e006537b15f41a410d39c"
"design-system/huashu-full-scroll-audit/desktop-business-calendar-scroll-1.png","208908","2026-06-17T08:46:58.4548051Z","235465a5f6522a89d9d7f08e7946fe8560a3bd3b9f7e006537b15f41a410d39c"
"design-system/huashu-full-scroll-audit/desktop-business-records-full.png","215986","2026-06-17T08:46:51.9820907Z","5a14a27ce256c32ce39d7b85d72fe19360e55467d230c9fc4396424aca1e6fcb"
"design-system/huashu-full-scroll-audit/desktop-business-records-scroll-1.png","194563","2026-06-17T08:46:52.2703190Z","d51e0be072769fab13e20f587c52705ae804546e2e98d411d2f8cc8b9905224e"
"design-system/huashu-full-scroll-audit/desktop-business-records-scroll-2.png","178718","2026-06-17T08:46:52.5492919Z","bfeb4109d7cc8f24a34685aaa7151cde903ff3122188cdbb33147d4ee2d969be"
"design-system/huashu-full-scroll-audit/desktop-business-records-scroll-3.png","145165","2026-06-17T08:46:52.8256581Z","baf12be4731e598761260962c68a5566103dec5cc857cda7ce06a329caabd17e"
"design-system/huashu-full-scroll-audit/desktop-business-records-scroll-4.png","121481","2026-06-17T08:46:53.0858487Z","36b4a9dd3a0a1f8fd6aa3ce459bee583359f7d86d2ba27e06c8581ace286d2e4"
"design-system/huashu-full-scroll-audit/desktop-business-style-full.png","264364","2026-06-17T08:47:00.4634908Z","ad7e45d038d47360fecef334e6ab9e1012510bc96ef04daf7d88d0c8c7fee75f"
"design-system/huashu-full-scroll-audit/desktop-business-style-scroll-1.png","162337","2026-06-17T08:47:00.7340237Z","f4f5e643ea954a404b7954ba6fa3375c34587d53a58ebc121f8886e4409e7449"
"design-system/huashu-full-scroll-audit/desktop-business-style-scroll-2.png","104208","2026-06-17T08:47:01.0065319Z","cdf914b4ec1159fc68ae4cb093dae3fd863a33351235bd43c3fd32ca8725b66e"
"design-system/huashu-full-scroll-audit/desktop-business-style-scroll-3.png","111752","2026-06-17T08:47:01.2782135Z","01a81cd84d125a97507d6054e0e4e861c1a0210c3f35516e8859f792c7386c4c"
"design-system/huashu-full-scroll-audit/desktop-business-style-scroll-4.png","104107","2026-06-17T08:47:01.5562018Z","74aecba26147a3abef10ddee998e491cd07d391a54e61b7886fd2920fdfe8f16"
"design-system/huashu-full-scroll-audit/desktop-contact-sheet.png","134852","2026-06-17T08:48:42.4804937Z","cac906740bc1bfa0f94ab0587371b7f712bcc8489c0ebf2b5e39fc12ca5ab235"
"design-system/huashu-full-scroll-audit/desktop-personal-calendar-full.png","208908","2026-06-17T08:47:05.9294369Z","235465a5f6522a89d9d7f08e7946fe8560a3bd3b9f7e006537b15f41a410d39c"
"design-system/huashu-full-scroll-audit/desktop-personal-calendar-scroll-1.png","208908","2026-06-17T08:47:06.2262702Z","235465a5f6522a89d9d7f08e7946fe8560a3bd3b9f7e006537b15f41a410d39c"
"design-system/huashu-full-scroll-audit/desktop-personal-money-full.png","264364","2026-06-17T08:47:02.8678742Z","ad7e45d038d47360fecef334e6ab9e1012510bc96ef04daf7d88d0c8c7fee75f"
"design-system/huashu-full-scroll-audit/desktop-personal-money-scroll-1.png","162337","2026-06-17T08:47:03.1558515Z","f4f5e643ea954a404b7954ba6fa3375c34587d53a58ebc121f8886e4409e7449"
"design-system/huashu-full-scroll-audit/desktop-personal-money-scroll-2.png","104208","2026-06-17T08:47:03.4285674Z","cdf914b4ec1159fc68ae4cb093dae3fd863a33351235bd43c3fd32ca8725b66e"
"design-system/huashu-full-scroll-audit/desktop-personal-money-scroll-3.png","111752","2026-06-17T08:47:03.7133122Z","01a81cd84d125a97507d6054e0e4e861c1a0210c3f35516e8859f792c7386c4c"
"design-system/huashu-full-scroll-audit/desktop-personal-money-scroll-4.png","104107","2026-06-17T08:47:03.9965610Z","74aecba26147a3abef10ddee998e491cd07d391a54e61b7886fd2920fdfe8f16"
"design-system/huashu-full-scroll-audit/desktop-personal-style-full.png","264364","2026-06-17T08:47:08.1844666Z","ad7e45d038d47360fecef334e6ab9e1012510bc96ef04daf7d88d0c8c7fee75f"
"design-system/huashu-full-scroll-audit/desktop-personal-style-scroll-1.png","162337","2026-06-17T08:47:08.4738963Z","f4f5e643ea954a404b7954ba6fa3375c34587d53a58ebc121f8886e4409e7449"
"design-system/huashu-full-scroll-audit/desktop-personal-style-scroll-2.png","104208","2026-06-17T08:47:08.7299760Z","cdf914b4ec1159fc68ae4cb093dae3fd863a33351235bd43c3fd32ca8725b66e"
"design-system/huashu-full-scroll-audit/desktop-personal-style-scroll-3.png","111752","2026-06-17T08:47:09.0149172Z","01a81cd84d125a97507d6054e0e4e861c1a0210c3f35516e8859f792c7386c4c"
"design-system/huashu-full-scroll-audit/desktop-personal-style-scroll-4.png","104107","2026-06-17T08:47:09.2950397Z","74aecba26147a3abef10ddee998e491cd07d391a54e61b7886fd2920fdfe8f16"
"design-system/huashu-full-scroll-audit/emulator-current.png","332231","2026-06-17T08:57:03.1881182Z","025316df107fd9a0382238ca7d22c5a5500a0cf77f9842508ad0bbae561cf4e5"
"design-system/huashu-full-scroll-audit/huashu-audit-report.md","18396","2026-06-17T12:07:13.1339874Z","a7b0e4712468a640c5dc425b3f0a3e8ed3f7967821346eb5be2b95ad2014ce72"
"design-system/huashu-full-scroll-audit/mobile-business-accounts-full.png","819890","2026-06-17T08:47:23.4536026Z","8ac531cb4d0b293fee48cb2caf95797dabf80f9c8d63ef503f34f1e663a7a342"
"design-system/huashu-full-scroll-audit/mobile-business-accounts-scroll-1.png","209468","2026-06-17T08:47:23.7645402Z","2f04fb275661df814d521935f1f8a7fc104560d187a87ab1057de78b2ad48150"
"design-system/huashu-full-scroll-audit/mobile-business-accounts-scroll-2.png","133501","2026-06-17T08:47:24.0267841Z","7e6c8a160dcf375a63b1b5e4aff3a4f58891066041b7fbb490a344b8c6a34e88"
"design-system/huashu-full-scroll-audit/mobile-business-accounts-scroll-3.png","146543","2026-06-17T08:47:24.2886585Z","92afa001a53b2a7002ba3903de3e30786ef27e6ee2d67a380859f144c627217b"
"design-system/huashu-full-scroll-audit/mobile-business-accounts-scroll-4.png","124485","2026-06-17T08:47:24.5531698Z","ce345ff0f9e3bfdd40cab06011a716c2effd76b690e3103e3db9334985b78e98"
"design-system/huashu-full-scroll-audit/mobile-business-calendar-full.png","261090","2026-06-17T08:47:27.1455125Z","1af81f8c150a2b14c3227ffd2d387cf4ad595f04543b63848ae705e71459882e"
"design-system/huashu-full-scroll-audit/mobile-business-calendar-scroll-1.png","190581","2026-06-17T08:47:27.4185686Z","eb934a816cae8205a8aee2354baf4b20c51f61ddb18384334caa975913097025"
"design-system/huashu-full-scroll-audit/mobile-business-calendar-scroll-2.png","135552","2026-06-17T08:47:27.6898866Z","f479062a71fa8ddb28313007890a08b3fc411fde28d8c086ac63b11b4ff7a3f7"
"design-system/huashu-full-scroll-audit/mobile-business-calendar-scroll-3.png","128646","2026-06-17T08:47:27.9517376Z","7d8eab2844988e91731f97cfb103cc60255093aaab1cf7b116d7b4e6eff86254"
"design-system/huashu-full-scroll-audit/mobile-business-calendar-scroll-4.png","102656","2026-06-17T08:47:28.2162041Z","eede05a9725421d9535dec1b07d30dc84ef6d162a6926983c70de6b75ed17e89"
"design-system/huashu-full-scroll-audit/mobile-business-records-full.png","416627","2026-06-17T08:47:19.6222556Z","abd8945ff87008c75a70fcd8f0f5d22be82274fb0bf7cd3d0d822e281445c665"
"design-system/huashu-full-scroll-audit/mobile-business-records-scroll-1.png","183664","2026-06-17T08:47:19.9046121Z","b5ec79e9918a0f5463af5e82431e165e96419015f2c29cdabaf6bc0b2b0b6112"
"design-system/huashu-full-scroll-audit/mobile-business-records-scroll-2.png","138011","2026-06-17T08:47:20.1694378Z","d4d4bf906b06ba13f854a87ce24f8355ed42a2398be7a09819893d02403e1109"
"design-system/huashu-full-scroll-audit/mobile-business-records-scroll-3.png","141420","2026-06-17T08:47:20.4402473Z","570213fa39e1fb14b1343f674c68bb9817889e4794b898e70b0af8f42899ec7d"
"design-system/huashu-full-scroll-audit/mobile-business-records-scroll-4.png","172844","2026-06-17T08:47:20.7116206Z","c670283d7300225e7ca6a82d49987dad484e1eb319718479f9663b04e06fe10a"
"design-system/huashu-full-scroll-audit/mobile-business-style-full.png","467802","2026-06-17T08:47:30.8777514Z","6b8a02c9a10d2150c9cb4e1587aa1d9d385727781e9579c057c12b7f0ebc6fba"
"design-system/huashu-full-scroll-audit/mobile-business-style-scroll-1.png","142719","2026-06-17T08:47:31.1660023Z","e73929518930539ec358507390fc6590f8db88ba0356fcc820292d849bce3a2e"
"design-system/huashu-full-scroll-audit/mobile-business-style-scroll-2.png","98762","2026-06-17T08:47:31.4445281Z","5bfff0c34532908e6a09c7227752456d3c8fcd78c0b9c36edccfd49825f6ebc4"
"design-system/huashu-full-scroll-audit/mobile-business-style-scroll-3.png","94972","2026-06-17T08:47:31.7272072Z","15cdaf93e61f7f5a342683813f8b2fe8ed4ca1059065c03b3b2dd659df689277"
"design-system/huashu-full-scroll-audit/mobile-business-style-scroll-4.png","129276","2026-06-17T08:47:32.0091979Z","95078015f1480e6499f464ab71a1f45b06996168902fe1cd20fc44548f9eb415"
"design-system/huashu-full-scroll-audit/mobile-contact-sheet.png","109021","2026-06-17T08:48:42.6152169Z","0addc34e7012bb5f28ed36021f2de025c4aa5dcd2ef9472f798acedea1e5fe8c"
"design-system/huashu-full-scroll-audit/mobile-personal-calendar-full.png","293465","2026-06-17T08:47:38.4581688Z","2bb611b6c74f55060d8d9f3de1759633d1144c9bd9b64aadbdfe08f499aa909e"
"design-system/huashu-full-scroll-audit/mobile-personal-calendar-scroll-1.png","190810","2026-06-17T08:47:38.7458350Z","39ec6bd1e61eff0569a2affedb76086217c54e0b70ac733fffa6f9705a74fe1d"
"design-system/huashu-full-scroll-audit/mobile-personal-calendar-scroll-2.png","130391","2026-06-17T08:47:39.0295661Z","a095eb69cfa09e0ee10bc4f9b5f3207566b5f78c38c160fc9628308240304ae9"
"design-system/huashu-full-scroll-audit/mobile-personal-calendar-scroll-3.png","110334","2026-06-17T08:47:39.3110895Z","824eac66cce0fb5b1e0952c64bdf6c929fc7936bf122957e871c10df41d329ab"
"design-system/huashu-full-scroll-audit/mobile-personal-calendar-scroll-4.png","83147","2026-06-17T08:47:39.5902409Z","b40ebd2b1e25cfbe594eba51c10e013b3d863ceba0884525d5ba69a5a893da4a"
"design-system/huashu-full-scroll-audit/mobile-personal-money-full.png","884326","2026-06-17T08:47:34.7458864Z","c1bf4a8c7c9e090b6984e40af85d001df2766b24ffa16e8fc0a9eb50049407cf"
"design-system/huashu-full-scroll-audit/mobile-personal-money-scroll-1.png","256553","2026-06-17T08:47:35.0617706Z","b806f7a3c00b389e0ab07f7d76e6a74527a5d00146c77fae3e3a19228eea4399"
"design-system/huashu-full-scroll-audit/mobile-personal-money-scroll-2.png","170185","2026-06-17T08:47:35.3258518Z","68933250a444a9e39a27f95d2d9960698461cfb35355e3fd07fa676a683bacde"
"design-system/huashu-full-scroll-audit/mobile-personal-money-scroll-3.png","183694","2026-06-17T08:47:35.5957261Z","25829ac2d0a440fecf59d24a4d2b02bf7b1442c5c2bf0c35ddbbf761c05d7efe"
"design-system/huashu-full-scroll-audit/mobile-personal-money-scroll-4.png","176078","2026-06-17T08:47:35.8595966Z","bf5f9bdaf2de9d3fcd6d69ab7564b0fde0f2d2583544a8053f6b12008ff69b94"
"design-system/huashu-full-scroll-audit/mobile-personal-style-full.png","474211","2026-06-17T08:47:42.2322397Z","54fad54707eb15cd9354926f8a4e03d0a8f1fb88eb482795e7a320858baa949a"
"design-system/huashu-full-scroll-audit/mobile-personal-style-scroll-1.png","150051","2026-06-17T08:47:42.5184629Z","9577c8c5fd4689c67fe5f665702ac711a630be490625815b1c74509391ca1a86"
"design-system/huashu-full-scroll-audit/mobile-personal-style-scroll-2.png","101602","2026-06-17T08:47:42.7946616Z","5f34458884a1d6c60e620734c8631a2fa4e02e471568a124059a3ff5199b83e2"
"design-system/huashu-full-scroll-audit/mobile-personal-style-scroll-3.png","95361","2026-06-17T08:47:43.0777353Z","8b92b890b011ebab1540967fb7598c320991eb77c64e25fc6d750ef433df5f2b"
"design-system/huashu-full-scroll-audit/mobile-personal-style-scroll-4.png","125685","2026-06-17T08:47:43.3654491Z","88e542281ca61d09af89118e9ef06fcabb0ff0f036d76cfd8451f9cb6e47768a"
"design-system/huashu-full-scroll-audit/polish-pass-1/debug.png","493317","2026-06-17T09:14:46.5253342Z","f0c242fcb73214bee24cf8be849ea4bdcc7ab6574c1ebc5a24c20fb427b618dc"
"design-system/huashu-full-scroll-audit/polish-pass-1/emulator-current.png","479357","2026-06-17T09:29:40.8001154Z","d89626e1529cbd56d671e97f33bb4ca5eb36c3d699b5dc69a2dbca51b267d950"
"design-system/huashu-full-scroll-audit/polish-pass-1/emulator-loaded.png","348047","2026-06-17T09:31:01.2280529Z","1ef3d25b684338a27376a997d45e4a06f91d36d2e8616ab3cb8854f9bca883c1"
"design-system/huashu-full-scroll-audit/polish-pass-1/metrics.json","450","2026-06-17T09:25:58.4303718Z","b7cd5499ea2e62028c9109f7c891702845111d7abe1dba1e447fb99be2e36228"
"design-system/huashu-full-scroll-audit/polish-pass-1/mobile-business-accounts-full.png","277844","2026-06-17T09:25:54.2651188Z","3187ae0411595be90c87d2352de78170f3b97447f8dfcd49211b124c5502b32d"
"design-system/huashu-full-scroll-audit/polish-pass-1/mobile-personal-money-full.png","284842","2026-06-17T09:25:58.4298624Z","e29c60d4f5928d6cf1f7241e08bd66ff2524d3164200337b03b16b1e761ca531"
"design-system/huashu-full-scroll-audit/polish-pass-1/personal-debug-after-click.png","7082","2026-06-17T09:18:14.5641615Z","b6db2b1f4e95eb68b4d4d9a66c757c7ec901457c5bb4dd3cbe4c9f50c130ec69"
"design-system/huashu-full-scroll-audit/polish-pass-2-touch/emulator-loaded.png","319419","2026-06-17T09:56:44.8132548Z","2daeb676e59a5190ab9c5a0fe2e4981c98e2b68dec99bcfd3e0a6f5c281bf16b"
"design-system/huashu-full-scroll-audit/polish-pass-2-touch/metrics.json","1380","2026-06-17T09:54:19.5083529Z","6660c97c26e6577c4713f0ae50b14637e8686d53ecac6ebff5b45740d014c6ab"
"design-system/huashu-full-scroll-audit/polish-pass-2-touch/mobile-business-accounts-full.png","289337","2026-06-17T09:54:16.1480211Z","cd8d937de9c1114444f8a6e32e0a3d2e585ff6bf475e9643e2db6e76f5046aa1"
"design-system/huashu-full-scroll-audit/polish-pass-2-touch/mobile-personal-money-full.png","287523","2026-06-17T09:54:19.5073528Z","8e70a0705d543fa9df4a442877aecd5a6e4e0d497d161877462dcc388143d602"
"design-system/huashu-full-scroll-audit/polish-pass-3-style/emulator-loaded.png","317955","2026-06-17T10:24:10.0282327Z","b6d958094cf9f02c35624646f4963c7a7f731a091ea17f2e3f9008ebb6ae5ba0"
"design-system/huashu-full-scroll-audit/polish-pass-3-style/metrics.json","651","2026-06-17T10:19:10.3498349Z","4275226c68cc189ee00783c27fce8c02ef53aebdff3144aa283675f5cd3add0a"
"design-system/huashu-full-scroll-audit/polish-pass-3-style/mobile-business-style-brand.png","420032","2026-06-17T10:19:07.5454376Z","aa42bb425bcbe150437dcea7c1d01df89dc3c1f7efc4c8d033404cb27fbc9b31"
"design-system/huashu-full-scroll-audit/polish-pass-3-style/mobile-business-style-comfort.png","352326","2026-06-17T10:19:04.7547680Z","865eb886e8efb4bcbf227f651d23e021378a4c3a47e43da47cc5d7824bd7f949"
"design-system/huashu-full-scroll-audit/polish-pass-3-style/mobile-personal-style-comfort.png","324935","2026-06-17T10:19:10.3498349Z","2f734302ca42db82a10f90dea0844e85c3d605599526b8b627ba358c753f3bf6"
"design-system/huashu-full-scroll-audit/polish-pass-4-records-rail/desktop-business-records-full.png","265299","2026-06-17T10:38:56.8058119Z","57c619919b56b4b70b84f2773a7e8ac39b857a18263bff020fa37ca44ac7f097"
"design-system/huashu-full-scroll-audit/polish-pass-4-records-rail/emulator-loaded.png","318141","2026-06-17T10:40:27.6219650Z","a4a79b1b61c424afa95fbc0ce2044ce618ad3af24a83060fbcc92fbb978cbdd1"
"design-system/huashu-full-scroll-audit/polish-pass-4-records-rail/metrics.json","634","2026-06-17T10:38:56.8068145Z","99f30fcc84a40225e45ca996c5c9f09e8d57da0cf2d8ab8622c5dc8a8f1c6f1e"
"design-system/huashu-full-scroll-audit/polish-pass-5-section-guided-mobile/capture-report.json","60372","2026-06-17T11:24:20.1854404Z","bd20df14b9a87a6e891b08be474b0324f22f5058c9592a57018fe40264a8cf68"
"design-system/huashu-full-scroll-audit/polish-pass-5-section-guided-mobile/emulator-guided.png","318720","2026-06-17T11:28:54.3314517Z","9dc10d6dee875de98677b6b4367ce3d7ef670c617041cb86136e30e06aeed601"
"design-system/huashu-full-scroll-audit/polish-pass-5-section-guided-mobile/emulator-loaded.png","318807","2026-06-17T11:28:09.8038350Z","05ce10caf4f0b0056a5fb9e5c4c8b389e1bf22e783f76ac13a31ad868febfd0d"
"design-system/huashu-full-scroll-audit/polish-pass-5-section-guided-mobile/mobile-business-calendar-full.png","145325","2026-06-17T11:24:08.6871221Z","241ec879ae8f212bc9bfc806d2f667e6fd2a3da082542b73fa373c668c86a5c2"
"design-system/huashu-full-scroll-audit/polish-pass-5-section-guided-mobile/mobile-business-records-empty-full.png","370286","2026-06-17T11:24:02.3895052Z","7d7e336afb69dbc4788c1b614ca748eb5a9cf81af01a181c308e1dc648c47fd0"
"design-system/huashu-full-scroll-audit/polish-pass-5-section-guided-mobile/mobile-business-records-sample-full.png","212586","2026-06-17T11:24:04.3775285Z","88300827a89cf9a376d8d6302e5c229fa84438ac6f7e9d141a0469c9a2ff3028"
"design-system/huashu-full-scroll-audit/polish-pass-5-section-guided-mobile/mobile-personal-calendar-full.png","179738","2026-06-17T11:24:16.6603938Z","d38a1b1ee196d25e2069378da774d36330036f289d6e3eed261ef165999b415e"
"design-system/huashu-full-scroll-audit/polish-pass-5-section-guided-mobile/mobile-personal-money-full.png","405010","2026-06-17T11:24:14.5148971Z","d16bd46fe61ee7a5a11bf899d1e6b5191e0bfff5a23ea5fde94523e3b448afa3"
"design-system/huashu-full-scroll-audit/polish-pass-6-guided-mobile-density/capture-report.json","55516","2026-06-17T11:42:13.7076624Z","7da46ebbae7dc3b7bb5409de333414e3d96e33801bb664815b0d53949b60a663"
"design-system/huashu-full-scroll-audit/polish-pass-6-guided-mobile-density/emulator-guided.png","318861","2026-06-17T11:45:04.1234961Z","77d3e28ee1c711bebd2b302ab3856dfe1d1c2dca44ca492347a01390a6b6ebc2"
"design-system/huashu-full-scroll-audit/polish-pass-6-guided-mobile-density/emulator-loaded.png","318032","2026-06-17T11:44:23.0353366Z","ecdd8c8b0f718a6315370206cdb9194c70e8454d81eea47153f226a3706864da"
"design-system/huashu-full-scroll-audit/polish-pass-6-guided-mobile-density/mobile-business-accounts-full.png","238504","2026-06-17T11:42:01.2461212Z","6cc48d5ea62e4d23f121b17248c15f94eede9127958332b8f1a5162d104f059f"
"design-system/huashu-full-scroll-audit/polish-pass-6-guided-mobile-density/mobile-business-style-full.png","181776","2026-06-17T11:42:04.8647057Z","b76bc82451ed8ddaeb827a9e7e86dff40ed3af5fea57316bca78300b52ccf863"
"design-system/huashu-full-scroll-audit/polish-pass-6-guided-mobile-density/mobile-personal-empty-full.png","199172","2026-06-17T11:42:06.8010551Z","01468601fbc5c01e677a73945fdc6726137cf5b182de6f3bd9a92e9da32546ff"
"design-system/huashu-full-scroll-audit/polish-pass-6-guided-mobile-density/mobile-personal-money-full.png","349118","2026-06-17T11:42:08.4551390Z","7d6d59d441e9d8eb11c3c924418bbc0f5e8f36d31e63859d798d0b25c57a78bc"
"design-system/huashu-full-scroll-audit/polish-pass-6-guided-mobile-density/mobile-personal-style-full.png","190368","2026-06-17T11:42:12.3671268Z","2e40337bb9074b944514523c0d83f1f9ef4b554b52fd180ba17437b4d951ae50"
"design-system/huashu-full-scroll-audit/polish-pass-6-guided-mobile-density/mobile-welcome-full.png","345052","2026-06-17T11:41:50.5597009Z","9e8148dd18829f45a215ad13ae7ecbb55e89dcc78924f0bc5a09ed11f04f965f"
"design-system/huashu-full-scroll-audit/polish-pass-7-personal-guided-density/capture-report.json","55515","2026-06-17T12:06:24.1284969Z","6cb03e4a7303df192f78952dcfd5acef130ffc49bdfdccae90b40957e1eb6df6"
"design-system/huashu-full-scroll-audit/polish-pass-7-personal-guided-density/mobile-personal-money-full.png","307101","2026-06-17T12:06:18.9081459Z","fc999bdc60f801d75570887023622af49369c72ec3d9b271be8e51919255216b"
"design-system/huashu-full-scroll-audit/polish-pass-7-personal-guided-density/mobile-personal-money-slice-00.png","215727","2026-06-17T12:06:19.5282649Z","9cc736462e53d0a16de500add1208358ec097a76ea7299b3df638ef084cbc426"
"design-system/huashu-full-scroll-audit/polish-pass-7-personal-guided-density/mobile-personal-money-slice-01.png","177689","2026-06-17T12:06:19.8653373Z","7f3bdd63f7049e6c0dce76c7c7f2f51804ddeefabf9e921f58651d2be9382c76"
"design-system/huashu-full-scroll-audit/polish-pass-7-personal-guided-density/mobile-personal-money-slice-02.png","174984","2026-06-17T12:06:20.2254459Z","e261d9df8b8f33bfaec34d27dc96ede4d98de82a1459e48583e2b29bd616a56e"
"design-system/human-workflow-audit/downloads/business-import-review-export-desktop-excel-folio-accounts-pack.xlsx","20724","2026-06-19T07:28:05.8217456Z","113cc18b2e27964b588fe2efc2ca1c349cee47f1e1aed2d26f124ba5f98eb26a"
"design-system/human-workflow-audit/downloads/business-import-review-export-desktop-filing-draft-folio-filing-draft.json","8525","2026-06-19T07:28:06.0288336Z","11fd13f52c215f350898ecbe30a5942dee7307c20ad9b135bb866799ac6fbdf1"
"design-system/human-workflow-audit/downloads/business-import-review-export-desktop-pdf-folio-accounts-pack.pdf","23989","2026-06-19T07:28:05.3053971Z","fff5549004b7c54d968c527b8305d10231d3072566470f123e30f69482c7abcf"
"design-system/human-workflow-audit/downloads/business-import-review-export-mobile-excel-folio-accounts-pack.xlsx","20722","2026-06-19T07:27:54.4599219Z","2b1ab8f0a72946ecfea2d88d5de20ef402d06e2ec673841035a8c7a35d16eefb"
"design-system/human-workflow-audit/downloads/business-import-review-export-mobile-filing-draft-folio-filing-draft.json","8525","2026-06-19T07:27:54.6456754Z","11fd13f52c215f350898ecbe30a5942dee7307c20ad9b135bb866799ac6fbdf1"
"design-system/human-workflow-audit/downloads/business-import-review-export-mobile-pdf-folio-accounts-pack.pdf","23989","2026-06-19T07:27:53.9865824Z","e9a635bcca44214aa7bc15b1c87875c85370014ae8f66af2901b14667f6b10e5"
"design-system/human-workflow-audit/downloads/business-website-calendar-style-mobile-download-ics-folio-business-calendar.ics","3432","2026-06-19T07:28:18.2949380Z","598b3089b3d0deaef7e2d9820a4d3708ef44aae516af4623c26910888aa26db4"
"design-system/human-workflow-audit/downloads/personal-money-calendar-style-desktop-download-ics-folio-personal-calendar.ics","3331","2026-06-19T07:28:48.1727220Z","0edb02ce4fb1156e6a2dd2e301d19dc19ce28016a68f4a92006b27b1a6d93c34"
"design-system/human-workflow-audit/downloads/personal-money-calendar-style-mobile-download-ics-folio-personal-calendar.ics","3331","2026-06-19T07:28:33.1727432Z","bed4b8fc095de4804ac60b78c4c16d490ee0b52a091b7f5a91e76f3728ede257"
"design-system/human-workflow-audit/fixtures/business-bank-audit.csv","293","2026-06-19T07:27:43.3748069Z","350b687ba3aad61cdedb920ba9e91322d8e90235cd726837c1227d06689cc4fc"
"design-system/human-workflow-audit/fixtures/personal-bank-audit.csv","297","2026-06-19T07:27:43.3758058Z","ad9f246e9d3524666f41cae029937378ddc7d3d78257ed480e884b8d4a07b57d"
"design-system/human-workflow-audit/fixtures/website-bookings-audit.csv","123","2026-06-19T07:27:43.3748069Z","428c7f72e7170f7566ceeeafc300dc41e5645bafc06d1e13f0c451cdccfd69d4"
"design-system/human-workflow-audit/human-workflow-audit.json","184358","2026-06-19T07:29:27.2018097Z","730725822eb7978905f9fa482ac070737e2100a08401904fb4745c794ead1e3a"
"design-system/human-workflow-audit/human-workflow-audit.md","10067","2026-06-19T07:29:27.2038095Z","00e5215d7acaaab3d292ca91eee246d8c29b0df007f80d3fa33684d33d9f99c5"
"design-system/human-workflow-audit/screenshots/business-import-review-export-desktop--01--fresh-welcome.png","195279","2026-06-19T07:27:59.1236717Z","4616010a770b8bf3417138413faa7f9b250566ef8a3df293669c63cf9231f85a"
"design-system/human-workflow-audit/screenshots/business-import-review-export-desktop--02--business-empty-records.png","287610","2026-06-19T07:27:59.9818488Z","54a3142f1d07cdbf7bd67d2a1454b7b44f7868c726496e09e7d69bf3fdf2b61e"
"design-system/human-workflow-audit/screenshots/business-import-review-export-desktop--03--business-bank-import-preview.png","215439","2026-06-19T07:28:01.1697494Z","dc409fc008d48746e39db5f4ff6fa4f118e33311a76a888460d5ce1516d44bc0"
"design-system/human-workflow-audit/screenshots/business-import-review-export-desktop--04--business-rows-saved.png","276121","2026-06-19T07:28:02.0843834Z","cbe4a3adc93df9ca90c0b0911aea019dd3973bf59b81e98a32758b4ef66d14f4"
"design-system/human-workflow-audit/screenshots/business-import-review-export-desktop--05--business-one-row-approved.png","282415","2026-06-19T07:28:02.9460684Z","8ce4dca82d6a63c2357063dd93a68113cf77686aa34e407e8172886c172ba2cf"
"design-system/human-workflow-audit/screenshots/business-import-review-export-desktop--06--business-done-filter.png","282834","2026-06-19T07:28:03.7706952Z","7708aaea0569e51ce920f70b6646b229c9793f6f21922e8e34a4ea94ba85b1b8"
"design-system/human-workflow-audit/screenshots/business-import-review-export-desktop--07--business-accounts-guided.png","372609","2026-06-19T07:28:05.1912865Z","503505189b2a93e0f48123a63d1f32d2dd4f8e7930c32a9880de3fe731e55da6"
"design-system/human-workflow-audit/screenshots/business-import-review-export-desktop--08--business-after-export-actions.png","369682","2026-06-19T07:28:06.8320121Z","a5fb6ca0969aab3804a12697c0ef996fe44200d73513845a3a0ae5aeb2977c89"
"design-system/human-workflow-audit/screenshots/business-import-review-export-mobile--01--fresh-welcome.png","375893","2026-06-19T07:27:48.2682787Z","730cb63b434610e0b8aa0dbb22bc42da60f5db54e8eea408301b7ff4fbdac78d"
"design-system/human-workflow-audit/screenshots/business-import-review-export-mobile--02--business-empty-records.png","323765","2026-06-19T07:27:49.0984539Z","30d8bafd265b712701baeff0ddde047e3c57170dc6a84947038c7367794cd193"
"design-system/human-workflow-audit/screenshots/business-import-review-export-mobile--03--business-bank-import-preview.png","109636","2026-06-19T07:27:50.1854729Z","7ae3c279c118fe3518a68cffdbc32b4ebcdab394b5522acbd14e71fd1b481b47"
"design-system/human-workflow-audit/screenshots/business-import-review-export-mobile--04--business-rows-saved.png","193109","2026-06-19T07:27:50.9962323Z","e03f68e0d5c0261af672524c8643d60a55a0ae4d3dc1e6fda4bf6aa79b064569"
"design-system/human-workflow-audit/screenshots/business-import-review-export-mobile--05--business-one-row-approved.png","190066","2026-06-19T07:27:51.7632358Z","dfd337cbe57c590990f89906d3640cc58f44ccd1f4886af6927f0b404abcff45"
"design-system/human-workflow-audit/screenshots/business-import-review-export-mobile--06--business-done-filter.png","153675","2026-06-19T07:27:52.5124537Z","20b8ab0f68c7ce1fe147bab00096a0f8f58ccfffaadb325cb539bb3b183cfc72"
"design-system/human-workflow-audit/screenshots/business-import-review-export-mobile--07--business-accounts-guided.png","279578","2026-06-19T07:27:53.8202898Z","2ceaa8c2bb1c5bc8187d54a32ee80dc0f2a132a3e598bfc7da337596470bd310"
"design-system/human-workflow-audit/screenshots/business-import-review-export-mobile--08--business-after-export-actions.png","269196","2026-06-19T07:27:55.3913120Z","c445ad18935497650ccab10604c52faa45e2e9a32ac75c1601335336416fa820"
"design-system/human-workflow-audit/screenshots/business-website-calendar-style-mobile--01--website-bookings-preview.png","117780","2026-06-19T07:28:12.6984169Z","77790f20e6a3e74e242e375828523d1d5edec7db8807683f181415d408fac519"
"design-system/human-workflow-audit/screenshots/business-website-calendar-style-mobile--02--business-with-bank-and-website-records.png","199617","2026-06-19T07:28:13.4777583Z","70b7a9ff3f7e322e1812ae705fe3d81a0ca6d1d557d23184f82c52c55f8ebca6"
"design-system/human-workflow-audit/screenshots/business-website-calendar-style-mobile--03--business-calendar-guided.png","200401","2026-06-19T07:28:14.3968794Z","d491541f87ff2bb2dd3cef6b91dd8c902d4f617a5b7999aab1c9b1e46dd2b4b6"
"design-system/human-workflow-audit/screenshots/business-website-calendar-style-mobile--04--business-calendar-month-view.png","203421","2026-06-19T07:28:15.1864620Z","3d7b8b1a7d005eba4be1a175781641af1e8cc916c6336abc0b7b958bf71377ed"
"design-system/human-workflow-audit/screenshots/business-website-calendar-style-mobile--05--business-quick-calendar-add.png","158282","2026-06-19T07:28:18.2059791Z","a2b10adc0b92c773d6bf626711170052f4dc13110efed4fa2e9bae859192e81e"
"design-system/human-workflow-audit/screenshots/business-website-calendar-style-mobile--06--business-style-guided.png","188568","2026-06-19T07:28:19.5076473Z","64a37318083ac303e2bb2ce1c1ef7f92acae327bb57a94f77388fed812ef67bb"
"design-system/human-workflow-audit/screenshots/business-website-calendar-style-mobile--07--business-style-full-mode.png","247528","2026-06-19T07:28:20.7417535Z","52fa29251c7d4edad13b52325275026153eb2708bb9a3104a4cba6e503a38e8c"
"design-system/human-workflow-audit/screenshots/folio-help-search-mobile--01--records-before-help.png","193109","2026-06-19T07:28:55.4648350Z","e03f68e0d5c0261af672524c8643d60a55a0ae4d3dc1e6fda4bf6aa79b064569"
"design-system/human-workflow-audit/screenshots/folio-help-search-mobile--02--folio-help-open.png","97970","2026-06-19T07:28:56.2056972Z","c5c569431624460004cd85547975491f9dcd96342c5f4e4a01fcb4a07bc64162"
"design-system/human-workflow-audit/screenshots/folio-help-search-mobile--03--folio-answered.png","96919","2026-06-19T07:28:56.6114377Z","4f49138f89d4e096475209120c75a6f70319238a0eed588b78cb4fda17cd3774"
"design-system/human-workflow-audit/screenshots/folio-help-search-mobile--04--search-row.png","96919","2026-06-19T07:29:26.9813179Z","4f49138f89d4e096475209120c75a6f70319238a0eed588b78cb4fda17cd3774"
"design-system/human-workflow-audit/screenshots/personal-money-calendar-style-desktop--01--personal-empty.png","207976","2026-06-19T07:28:39.7695536Z","b0afe4c69572ce164d2bad9bb8ffb75431b18e6e2e6f88bc1499e02dc021a899"
"design-system/human-workflow-audit/screenshots/personal-money-calendar-style-desktop--02--personal-import-preview.png","179342","2026-06-19T07:28:40.9309303Z","b589f35542b9dd4ab297b9be963e413617a4d2aa3238be7e7f360bf894f4f669"
"design-system/human-workflow-audit/screenshots/personal-money-calendar-style-desktop--03--personal-rows-saved.png","368896","2026-06-19T07:28:41.8969121Z","cfbdd2c6b04af1e434054c4e496b7cfcc457a11466c60cb8811dc27d32902bd6"
"design-system/human-workflow-audit/screenshots/personal-money-calendar-style-desktop--04--personal-one-row-approved.png","246849","2026-06-19T07:28:43.1536954Z","faa33458955c83ea7d741138559ea556b66bc5c244cc14c5433002a6b037779c"
"design-system/human-workflow-audit/screenshots/personal-money-calendar-style-desktop--05--personal-money-moved-filter.png","248213","2026-06-19T07:28:43.9992764Z","02b6271efb71394038dd996b00baf95bd144e3d3b2c0455b1f613f5034bc10a6"
"design-system/human-workflow-audit/screenshots/personal-money-calendar-style-desktop--06--personal-calendar-guided.png","259235","2026-06-19T07:28:45.0124338Z","dfdc01416dd0cd7374498894b9d2149a5a0e89819e084a40e8ff3da9e88f75cd"
"design-system/human-workflow-audit/screenshots/personal-money-calendar-style-desktop--07--personal-manual-calendar-add.png","290898","2026-06-19T07:28:48.0729596Z","85f6b0b0c41f52783284e9217e36b2a56b8b882557682d22d331af1dd7a107a1"
"design-system/human-workflow-audit/screenshots/personal-money-calendar-style-desktop--08--personal-style-guided.png","229942","2026-06-19T07:28:49.4210918Z","0f7a5515bf84d67452a34aa1818163ed1e6fc39fc05bb999e858350bb7209efc"
"design-system/human-workflow-audit/screenshots/personal-money-calendar-style-desktop--09--personal-style-full-mode.png","223607","2026-06-19T07:28:50.2606320Z","cd2a545388dd96226b2d43c60263f385fe481866270ebf32c87ef7657a4a5ebf"
"design-system/human-workflow-audit/screenshots/personal-money-calendar-style-mobile--01--personal-empty.png","190260","2026-06-19T07:28:25.2038979Z","c52e7e4ac92ace82dc4453b43e943818e4a90e04ad977acf350fadd77855c54f"
"design-system/human-workflow-audit/screenshots/personal-money-calendar-style-mobile--02--personal-import-preview.png","114576","2026-06-19T07:28:26.2964759Z","82288eda0080dd75cee4198580b90fa36ce6f55a153e6d2d630e5830ce0d63fc"
"design-system/human-workflow-audit/screenshots/personal-money-calendar-style-mobile--03--personal-rows-saved.png","306391","2026-06-19T07:28:27.1541788Z","a1cbea2a6d90a855e0b5b1de7ca5c49bf18a142417fcf64b43afeeabdd50b3b8"
"design-system/human-workflow-audit/screenshots/personal-money-calendar-style-mobile--04--personal-one-row-approved.png","225948","2026-06-19T07:28:28.3372291Z","2ea1236ad96cc0d3b0573534303d16dc1dd612e036c6ccdbc6f0d4606d44d103"
"design-system/human-workflow-audit/screenshots/personal-money-calendar-style-mobile--05--personal-money-moved-filter.png","245473","2026-06-19T07:28:29.1257514Z","8542e490fbd961b8251cbc2f2c383ff302f8201e5b1f54030eb29409dfca01b4"
"design-system/human-workflow-audit/screenshots/personal-money-calendar-style-mobile--06--personal-calendar-guided.png","210344","2026-06-19T07:28:30.0496028Z","8f8e9e7ad3a82fef54002ed55329b8da87475a0b2ecb6d23d3ff67329f405bee"
"design-system/human-workflow-audit/screenshots/personal-money-calendar-style-mobile--07--personal-manual-calendar-add.png","148278","2026-06-19T07:28:33.0544738Z","98e774e404eede2998bea76ca58e5a46b188ec8d423bdc42f54a8ce3359768d2"
"design-system/human-workflow-audit/screenshots/personal-money-calendar-style-mobile--08--personal-style-guided.png","186855","2026-06-19T07:28:34.3636729Z","112d15b60f8c151f3f77a5482e71d12602dc62a4e51929f60f7cb9f65dfec2db"
"design-system/human-workflow-audit/screenshots/personal-money-calendar-style-mobile--09--personal-style-full-mode.png","238154","2026-06-19T07:28:35.1868410Z","c7551ba3b96dac0d41fdcac46a20f3d951c1506f46d3cac5aa2724df064fdb57"
"design-system/human-workflow-audit-video-smoke-system/2b87a0ce368b7a187c7f8eba79bdba16.webm","53782","2026-06-17T12:31:06.5427548Z","b96c4c5b885bec6e97c8f1781e9ddd2110ef85bedcc5a96c3204918e4fd63f2e"
"design-system/performance-audit/fixtures/business-bank-audit.csv","293","2026-06-19T09:49:46.8883434Z","350b687ba3aad61cdedb920ba9e91322d8e90235cd726837c1227d06689cc4fc"
"design-system/performance-audit/fixtures/personal-bank-audit.csv","297","2026-06-19T09:49:46.8903441Z","ad9f246e9d3524666f41cae029937378ddc7d3d78257ed480e884b8d4a07b57d"
"design-system/performance-audit/fixtures/website-bookings-audit.csv","123","2026-06-19T09:49:46.8893407Z","428c7f72e7170f7566ceeeafc300dc41e5645bafc06d1e13f0c451cdccfd69d4"
"design-system/performance-audit/performance-audit.json","5978","2026-06-19T09:49:55.7088043Z","3244abfb33c20f24ccb9505ebabf9e727d1b869aca35d9d366fbaf0e3f5451ee"
"design-system/performance-audit/performance-audit.md","1883","2026-06-19T09:49:55.7098087Z","018a0903406b85512844042bc0ddf5d9a4673fc0d9bc9a5e963a63e986b11c6b"
"design-system/performance-audit/screenshots/01-startup-records.png","223779","2026-06-19T09:49:48.6190836Z","e507fd9f6ade53f41192688a628d160a5bd39ff9cd03adaad78221d3b5d02ad6"
"design-system/performance-audit/screenshots/02-business-rows-loaded.png","193891","2026-06-19T09:49:49.2751947Z","0a7d0e9723a05ee70ffeedc4b7d9f7b25cdf2f5c2dead8fd40941bfec5a0da6d"
"design-system/performance-audit/screenshots/03-after-route-switches.png","179757","2026-06-19T09:49:52.9270886Z","959a02d4e2cf78f7fd7c5800638f870f229d872c1aa8a1d3bc3208120357ceb9"
"design-system/performance-audit/screenshots/04-search-adobe.png","157466","2026-06-19T09:49:53.6084592Z","f8448d5aa3ca6affc3aa7ae760f2e344209b567a7f6541b53479bf817d35552c"
"design-system/performance-audit/screenshots/05-personal-imported.png","672417","2026-06-19T09:49:54.8711898Z","ae30bbfc234ce9da2bfa578f7a227abefd710a15de87b502607f52c3e2652e15"
"design-system/performance-audit/screenshots/06-final-full-page.png","674575","2026-06-19T09:49:55.4995129Z","8a7b784438e9a8faf67b431d078db0138e1ab1f4be0326ffbd1a7f49e9f2d7f8"
"design-system/performance-audit/videos/6c6c55fd2bd77cb40d60091683fd1ee3.webm","821489","2026-06-19T09:49:55.5550187Z","7dd88d6bd2c53648055de83372d7ac689d886a0b60e72aa5bda85435777ca4a5"
"design-system/pip-historical-reptile-character-sheet.png","1690163","2026-06-15T20:08:45.5991341Z","3393793c02c282967109aed829a03148e37d2553dfc163e627c0b3da2284b54a"
"design-system/pip-weasel-character-sheet.png","1809680","2026-06-15T20:14:21.5439782Z","35c7d9f6a3c0059c271d675b1185ea38ef199a8e65091a6a857e142f68709652"
"design-system/ux-audit-route/01-choose.png","84158","2026-06-16T09:19:00.2263663Z","eefb8842663baca50ece7705476e660473a0c7e836e056969fd2055f4b0377f0"
"design-system/ux-audit-route/01-choose-with-demo.png","92447","2026-06-16T09:19:01.2466728Z","de915c182564c1361f8a74762aadf1730eac482f468fab12c1e27d983c797e01"
"design-system/ux-audit-route/02-import.png","96309","2026-06-16T09:19:02.1092614Z","cc6e71b60b20ad6b4bf0ab2704f158d3d7f4a0bf8c7d12a279f64fccd5ab414d"
"design-system/ux-audit-route/03-review.png","91660","2026-06-16T09:19:02.9055465Z","fa2d230326b2406fa8cedca2737c82e638294e491bc96c82c4d42fc549cac85d"
"design-system/ux-audit-route/04-accounts.png","80888","2026-06-16T09:19:03.6992982Z","0bf3b5a0d88081a772749d64c70ed088a1f9d8bba135e87b2ac79567cde54504"
"design-system/ux-audit-route/05-pip.png","80465","2026-06-16T09:19:04.4915206Z","73da942b978a84abb5310418fe35798d436f4a86be8729947d701ac46edc03b5"
"design-system/ux-audit-route/06-export.png","80454","2026-06-16T09:19:05.2886085Z","be1c4bb2d8d5e97286c77e16d3d9acb2ced756333e5b0a8a2bdd753fc8e0eb49"
"design-system/ux-audit-route/embed/01-choose.jpg","9300","2026-06-16T09:22:49.3536640Z","4abc1c7ee872876a2a945d982333158e2525d5a7dbd03aeeb1d81b55dd4fe384"
"design-system/ux-audit-route/embed/02-import.jpg","10504","2026-06-16T09:22:49.3661764Z","28d1c77151046f8aa9d569562762c0a8e6d78fc39f2cc1b37cbcd735a428cfb0"
"design-system/ux-audit-route/embed/03-review.jpg","10286","2026-06-16T09:22:49.3784922Z","cc673da2e10919c35028ca0622fa05c46be4bb284dead43c26957a3cde4292ea"
"design-system/ux-audit-route/embed/04-accounts.jpg","9055","2026-06-16T09:22:49.3905033Z","5d2d748133caf0616761422e791863c44199605d1a8e324e80f9d9dc314b4fb4"
"design-system/ux-audit-route/embed/05-pip.jpg","8884","2026-06-16T09:22:49.4020154Z","23575204590835c7a2d80938813e78a2862266516d83121b4076ddf354265970"
"design-system/ux-audit-route/embed/06-export.jpg","9034","2026-06-16T09:22:49.4135237Z","a58b04404216b06ea682d823138b3515a9e4b2e6e181254b89b1565e4d6786e9"
"design-system/ux-audit-route/figma-visual-ux-contact-sheet.jpg","73466","2026-06-16T09:25:08.6373199Z","34368d99daea713cd661de05a189f89dfa88f5769b8fb392dd1ba4638fc68c4b"
"design-system/ux-audit-route/figma-visual-ux-contact-sheet-embed.jpg","11774","2026-06-16T09:30:13.4028622Z","4f5f20154267b2251c10709ca18e84e0fb6edd5103c14d66083e44134bbcb50c"
"design-system/ux-audit-route/figma-visual-ux-contact-sheet-small.jpg","39772","2026-06-16T09:29:36.2286111Z","7c469d91649a0a92300795e84958b4b5f6ef38f5a2a3ac5ce2db838fcb6ed1e0"
"design-system/ux-audit-route/thumbs/01-choose.jpg","34849","2026-06-16T09:19:36.7102211Z","d69d6cd07a644458b469df24599099b4325c9bd841c563747b0fb70d324dbf60"
"design-system/ux-audit-route/thumbs/01-choose-with-demo.jpg","38062","2026-06-16T09:19:36.7273215Z","7eeb8c05ea7346f608c5306e0307ab3c1761bed0eca617a9e9b17de2185321ef"
"design-system/ux-audit-route/thumbs/02-import.jpg","38266","2026-06-16T09:19:36.7413386Z","d8ab92ae4c004519754e7f451e24c14dd090cd98e842b35854ad388ee40713b1"
"design-system/ux-audit-route/thumbs/03-review.jpg","37645","2026-06-16T09:19:36.7568582Z","73a43270621f74d5e9ab831ae6e7a067cb02a845e69cea0f7a700fe95ea3f2b5"
"design-system/ux-audit-route/thumbs/04-accounts.jpg","34252","2026-06-16T09:19:36.7713980Z","fb811eca2392a1622a6e4ea4aa348e38ae38ccfefc04a3ce64d279a1fd6cf96f"
"design-system/ux-audit-route/thumbs/05-pip.jpg","34000","2026-06-16T09:19:36.7851051Z","d3d82af563ec24bb1ef6d8f99a7dbd140bbae63eb20431599b60d03758e663d9"
"design-system/ux-audit-route/thumbs/06-export.jpg","32731","2026-06-16T09:19:36.7991239Z","8d731f72f4dd654626c4cd65786d1a13ed56c01669cb225977d121ed430acc13"
"design-system/ux-audit-route-mobile/01-choose.png","47447","2026-06-16T09:59:21.4520818Z","74ef10ad44b852876903d61c5d04760e34fdd5e43e98e7ccf3e43d3875c41681"
"design-system/ux-audit-route-mobile/02-import.png","52276","2026-06-16T09:59:22.1929957Z","5aa01a38283a72d26e3498653563f89f5f52945f1be027f7c05f7f483972c77c"
"design-system/ux-audit-route-mobile/03-review.png","51395","2026-06-16T09:59:22.9027056Z","a2bd93c2645c977b174712950da0986612d51419564181e4f14d79db149bca3e"
"design-system/ux-audit-route-mobile/04-accounts.png","46680","2026-06-16T09:59:23.6121599Z","b6cde7f9dae3754230f9d1825fdb03d491f6f0fda3642e6c438ade253288b0c5"
"design-system/ux-audit-route-mobile/05-pip.png","45382","2026-06-16T09:59:24.3083500Z","39483408c20158ee5eec9ca236d264189a93b7c5a29cb03c2880018b8df78d65"
"design-system/ux-audit-route-mobile/06-export.png","46409","2026-06-16T09:59:25.0080154Z","3e142a22af22c27e469457363743a985c06fb09058615a6592692cbace0c6c7c"
"design-system/ux-audit-route-mobile-final/01-choose.png","48337","2026-06-16T11:09:12.9839018Z","963a5b2914da44863503c1813676a5278bb851d931d9985f202f3465434abc69"
"design-system/ux-audit-route-mobile-final/02-import.png","50625","2026-06-16T11:09:13.6751250Z","f39f315098eed323f8b02930b36a91ad079f038c4d495205d653d1bda6dd5d85"
"design-system/ux-audit-route-mobile-final/03-review.png","50624","2026-06-16T11:09:14.3547812Z","837ab17b364b1ccc06ab2f060f244d84ee2446ac7f8f47a33e67b7b06addd9d1"
"design-system/ux-audit-route-mobile-final/04-accounts.png","46619","2026-06-16T11:09:15.0353359Z","b760dc2c76408c6fbcdaaa08e3ef2bc7e7606c4acc0838f5de9ba6779fff2b9c"
"design-system/ux-audit-route-mobile-final/05-pip.png","45956","2026-06-16T11:09:15.6994129Z","1563f7fbfd9e9abcbf0c48964b7c8643a908591ae59a8420cd8c6a230c7faec4"
"design-system/ux-audit-route-mobile-final/06-export.png","47124","2026-06-16T11:09:16.3720021Z","74c3e3ee5652f523dcdd62bf3fb80a33496628c0669963dddd3ac60aaa2c5bc1"
"design-system/ux-audit-route-mobile-pass2/01-choose.png","45934","2026-06-16T11:06:02.1242992Z","7a5d6753094c1111aac158275dc2c8f17fbff56085d1c25c3e7e9172f3ca62c8"
"design-system/ux-audit-route-mobile-pass2/01-choose-after-nav-hide.png","48337","2026-06-16T11:08:40.6552350Z","963a5b2914da44863503c1813676a5278bb851d931d9985f202f3465434abc69"
"design-system/ux-audit-route-mobile-pass2/02-import.png","50073","2026-06-16T11:06:02.8327728Z","5501fae5b6014d3f251f5956b9c6f53dbf6b45bd838a73866d2f27daa0a3eff1"
"design-system/ux-audit-route-mobile-pass2/03-review.png","49312","2026-06-16T11:06:03.5387863Z","6f67edc6265c31157de4718f807f713a8814b64c2b1d792b9be9b073fe076276"
"design-system/ux-audit-route-mobile-pass2/04-accounts.png","44468","2026-06-16T11:06:04.2482694Z","0d4de5596ce6a6d0d018f0a67ec961f32ce76a09a7958b3aa0902e3e739ee65c"
"design-system/ux-audit-route-mobile-pass2/05-pip.png","43720","2026-06-16T11:06:04.9472322Z","9045f79a1f62217e01302f67ea9c28759ab8b780a84186529ffecaabcbf5e720"
"design-system/ux-audit-route-mobile-pass2/06-export.png","45311","2026-06-16T11:06:05.6570842Z","fb26e8ab3d8627f25a65ffbb843a8f3e3548bbd562c07d7de319a4168019db29"
"design-system/visual-ux-audit-route-mobile-real-screens.png","244647","2026-06-16T11:10:02.0542313Z","628bfbf76a3f4d671c671868352ddea00eed7a6f71bdd512f0d362eef7eba7de"
"design-system/visual-ux-audit-route-real-screens.png","733736","2026-06-16T09:39:08.1051756Z","fe99192cc0afae9f61514432db016d0b89a2f8c20375d38aa773340516b89880"
"electron/main.cjs","8645","2026-06-18T10:32:15.1206326Z","9bdbc77e4a42fc27dc91c1d0a08b2b0ff0eef001e5072ff9e0b79d1b7828e0df"
"EXACT_IMPLEMENTATION_DIFF_PLAN.md","3981","2026-06-19T11:14:45.8531813Z","a585abe738e89738ded20b64d3b47c0e41d9ebb9234ec3f66ec28fb64af26ada"
"handoff/FOLIO_CALENDAR_ZIP_IMPLEMENTATION_HANDOFF.md","14028","2026-06-19T09:30:06.6300517Z","13e64615065550e3da7057a7d361ab92255655f9a03caa8748b16b7e28ddb26f"
"handoff/Folio_Complete_Product_Implementation_Plan/Folio_Complete_Plan_2026-06-19/00_README.md","4665","2026-06-19T09:45:50.0000000Z","af4bac500ce25e1b972d3633927882cdb179a6a951262655435c1d25097a0091"
"handoff/Folio_Complete_Product_Implementation_Plan/Folio_Complete_Plan_2026-06-19/01_PRODUCT_CONSTITUTION.md","8803","2026-06-19T09:45:50.0000000Z","1df0373c8e91937216b92e24556492e54b04a211e9f141c1df36532de7c61322"
"handoff/Folio_Complete_Product_Implementation_Plan/Folio_Complete_Plan_2026-06-19/02_RESEARCH_ANSWERS.md","11296","2026-06-19T09:45:50.0000000Z","27828e44213696eb9a04d2aed3ffce1c3442d65b2458641f8e521217e2b4f6e4"
"handoff/Folio_Complete_Product_Implementation_Plan/Folio_Complete_Plan_2026-06-19/03_FINANCE_TO_FOLIO_LOGIC_MAP.md","6836","2026-06-19T09:45:50.0000000Z","78ef61c98e9c8eca15ce43f3019875d61e7a846301d219eeb657d888c603fedb"
"handoff/Folio_Complete_Product_Implementation_Plan/Folio_Complete_Plan_2026-06-19/04_DOMAIN_AND_EVIDENCE_MODEL.md","9071","2026-06-19T09:45:50.0000000Z","504bc95af4e93ae87a88dcb14b7b59062c000bd7822b18f841bfbcfdab416564"
"handoff/Folio_Complete_Product_Implementation_Plan/Folio_Complete_Plan_2026-06-19/05_EVIDENCE_AND_PROJECT_STORY_SYSTEM.md","8423","2026-06-19T09:45:50.0000000Z","ec8fa73f09484e47f6b28d4986d42e37b32c7ffa08ea6aa590ed79cde07de8b1"
"handoff/Folio_Complete_Product_Implementation_Plan/Folio_Complete_Plan_2026-06-19/06_TARGETS_SKILLS_AND_COVERAGE.md","5413","2026-06-19T09:45:50.0000000Z","d95c319ef607d5dc700486cf4bada02a6bfe3093b012b95f271299023111c939"
"handoff/Folio_Complete_Product_Implementation_Plan/Folio_Complete_Plan_2026-06-19/07_MEASUREMENT_AND_SCORING.md","6056","2026-06-19T09:45:50.0000000Z","478761424e92c76454b94f8fb4a95000d173a5fe42cb273dc1ee75509792c014"
"handoff/Folio_Complete_Product_Implementation_Plan/Folio_Complete_Plan_2026-06-19/08_DECISION_AND_PLANNING_ENGINE.md","6631","2026-06-19T09:45:50.0000000Z","ad925a2e851221ea04cc3a8d63f8ba8da44d31b53186c298b3cf8c18ebe7661e"
"handoff/Folio_Complete_Product_Implementation_Plan/Folio_Complete_Plan_2026-06-19/09_MELO_COACH_SYSTEM.md","6804","2026-06-19T09:45:50.0000000Z","4b209834c2ee2b2f05249959246bc9fb34990097720f5086cacd789eb94ce5c6"
"handoff/Folio_Complete_Product_Implementation_Plan/Folio_Complete_Plan_2026-06-19/10_UX_IA_AND_USER_JOURNEYS.md","8523","2026-06-19T09:49:54.0000000Z","09c49b0644b77da01404b9adb361930d0729b741a46f38406ef4ae4254b9a03a"
"handoff/Folio_Complete_Product_Implementation_Plan/Folio_Complete_Plan_2026-06-19/11_PUBLIC_PORTFOLIO_AND_CONVERSION.md","5340","2026-06-19T09:49:54.0000000Z","b999de1c26407fa1c0f1aae0ea5a55175662d6356981bf0c92ad924d6c2793bf"
"handoff/Folio_Complete_Product_Implementation_Plan/Folio_Complete_Plan_2026-06-19/12_AI_ARCHITECTURE_EVALUATION_AND_GUARDRAILS.md","7125","2026-06-19T09:49:54.0000000Z","82a565294f8c279ea141271d6c959171effaf30eb7e8d831a4b16a9a901ee1e4"
"handoff/Folio_Complete_Product_Implementation_Plan/Folio_Complete_Plan_2026-06-19/13_DATA_API_EVENT_AND_INTEGRATION_ARCHITECTURE.md","6161","2026-06-19T09:49:54.0000000Z","dedf524d5b2b809bf75eb0315c9c66a1add4a063fac3d5c3b997e30423e8b33c"
"handoff/Folio_Complete_Product_Implementation_Plan/Folio_Complete_Plan_2026-06-19/14_PRIVACY_LEGAL_SECURITY_ACCESSIBILITY_AND_PERFORMANCE.md","6828","2026-06-19T09:49:54.0000000Z","e287ff9a6bf498b98a535feaa36e147ca5c06e226717242a0830e44ffbb3bf82"
"handoff/Folio_Complete_Product_Implementation_Plan/Folio_Complete_Plan_2026-06-19/15_ANALYTICS_OUTCOMES_AND_EXPERIMENTATION.md","4543","2026-06-19T09:49:54.0000000Z","ceb9a3b51e075d2e4e8aeee39e8fd0a0ade5488881ddf656e81fda2de02ed71f"
"handoff/Folio_Complete_Product_Implementation_Plan/Folio_Complete_Plan_2026-06-19/16_COMPETITIVE_POSITIONING_MONETISATION_AND_MOAT.md","5286","2026-06-19T09:49:54.0000000Z","5d22e8863cd35a1f58e14c22a93638dd2e0f2d0b3d63376c3f3345b42daa7300"
"handoff/Folio_Complete_Product_Implementation_Plan/Folio_Complete_Plan_2026-06-19/17_COMPLETE_BUILD_SEQUENCE_AND_ACCEPTANCE.md","7827","2026-06-19T09:49:54.0000000Z","91e2c75f4a3a0be5094b770aec9f0fc5fe41a209ead8c5f1476e531622d0dfc4"
"handoff/Folio_Complete_Product_Implementation_Plan/Folio_Complete_Plan_2026-06-19/18_MIGRATION_FROM_CURRENT_FOLIO.md","3893","2026-06-19T09:49:54.0000000Z","c732d309d07d5a21db8a4bf00212a05a4455570f08fc11ab462a69ed86996c36"
"handoff/Folio_Complete_Product_Implementation_Plan/Folio_Complete_Plan_2026-06-19/19_AGENT_IMPLEMENTATION_HANDOFF.md","5945","2026-06-19T09:49:54.0000000Z","d37e729b7a28ca502c7ee2fb8a151fede6aa9182a25ba53e7601c029a1e4f587"
"handoff/Folio_Complete_Product_Implementation_Plan/Folio_Complete_Plan_2026-06-19/20_RESEARCH_BIBLIOGRAPHY.md","9371","2026-06-19T09:49:54.0000000Z","63bd8962d579ddf65373333228f815793a705905dc3682be3ac179083d13652f"
"handoff/Folio_Complete_Product_Implementation_Plan/Folio_Complete_Plan_2026-06-19/21_DECISION_LOG_AND_KNOWN_UNKNOWNS.md","4324","2026-06-19T09:49:54.0000000Z","27ac010834bcc0639f214391d05d712155e1d5195e318235563b154b844db762"
"handoff/Folio_Complete_Product_Implementation_Plan/Folio_Complete_Plan_2026-06-19/22_SINGLE_AGENT_EXECUTION_PROMPT.md","6790","2026-06-19T09:57:08.0000000Z","684fca2d76fc5fc9f3ab14a10c8694e8e891867c0df8a642b5a96b2267285481"
"handoff/Folio_Complete_Product_Implementation_Plan/Folio_Complete_Plan_2026-06-19/23_ONE_PAGE_ARCHITECTURE.md","2793","2026-06-19T09:57:08.0000000Z","516cb1d36b175c564fda3a6991874f56bb455c7ab66a12eb627b35eaaf282526"
"handoff/Folio_Complete_Product_Implementation_Plan/Folio_Complete_Plan_2026-06-19/FOLIO_COMPLETE_MASTER_PLAN.md","155990","2026-06-19T09:57:08.0000000Z","d88677bc819af239ed51d3d2753aea3d97d09081cb4d9ca3fa597886bde903f4"
"handoff/Folio_Complete_Product_Implementation_Plan/Folio_Complete_Plan_2026-06-19/MANIFEST.json","8663","2026-06-19T09:57:10.0000000Z","07f33dd5befbc8f4412f2050da5e5318354420021f0abc72d3a5890291bf56fd"
"handoff/Folio_Complete_Product_Implementation_Plan/Folio_Complete_Plan_2026-06-19/specs/acceptance-criteria.md","5243","2026-06-19T09:54:26.0000000Z","98366e265ca3cc9a3764522c5a77db45e3d1f27a1debeca6ade6137f0109ed41"
"handoff/Folio_Complete_Product_Implementation_Plan/Folio_Complete_Plan_2026-06-19/specs/ai-evaluation-plan.md","4034","2026-06-19T09:54:26.0000000Z","4f948784757abc62d00822f9673b179c035da0309ab0fd295de2b54556bfd9fc"
"handoff/Folio_Complete_Product_Implementation_Plan/Folio_Complete_Plan_2026-06-19/specs/analytics-events.yaml","2687","2026-06-19T09:53:02.0000000Z","44f6b3500420632201d5f1ed96dbf9db152999c9882c9b8a4082984835dcc94c"
"handoff/Folio_Complete_Product_Implementation_Plan/Folio_Complete_Plan_2026-06-19/specs/coach-policy.json","3005","2026-06-19T09:53:02.0000000Z","984c4ee34cb3a726454e9a24d185ac5a452454fb19d9a6ef0023ff6825987a70"
"handoff/Folio_Complete_Product_Implementation_Plan/Folio_Complete_Plan_2026-06-19/specs/copy-language-guardrails.md","1369","2026-06-19T09:56:08.0000000Z","c1b140f3d8fbf3ac42093d836092eef320adb50dcb1a18d41b5d7d95a07690c2"
"handoff/Folio_Complete_Product_Implementation_Plan/Folio_Complete_Plan_2026-06-19/specs/data-classification.yaml","1067","2026-06-19T09:56:08.0000000Z","b49fcd24b37c9f744fc29ef807378188bee82950e737361147b353b8985ffed7"
"handoff/Folio_Complete_Product_Implementation_Plan/Folio_Complete_Plan_2026-06-19/specs/decision-rules.yaml","6351","2026-06-19T09:53:02.0000000Z","c513126a7231fbeaeda401f1d0ea9e015093b73582f205fd2f6cae02a9de6bda"
"handoff/Folio_Complete_Product_Implementation_Plan/Folio_Complete_Plan_2026-06-19/specs/evidence-item.schema.json","5292","2026-06-19T09:53:02.0000000Z","a079b6aa8a5e2dd2e4c1e128929713514fb7ffc790fb6294e58203e9bbbb4fe6"
"handoff/Folio_Complete_Product_Implementation_Plan/Folio_Complete_Plan_2026-06-19/specs/implementation-backlog.csv","11526","2026-06-19T09:56:08.0000000Z","51fea5c8a485cc72df76b0b091461701d07a8fb5540f40d15e134ffc07d1dc13"
"handoff/Folio_Complete_Product_Implementation_Plan/Folio_Complete_Plan_2026-06-19/specs/migration-checklist.md","1957","2026-06-19T09:54:26.0000000Z","eb0b0a2930c29498511fd5099ac78aa44ac33017cd115ae126f8708d53765d18"
"handoff/Folio_Complete_Product_Implementation_Plan/Folio_Complete_Plan_2026-06-19/specs/notification-policy.md","941","2026-06-19T09:54:26.0000000Z","cdc32c23aaae84acd4e3dbf56ddd5db28c5a40f81ff1d6fe103dd15718de17f0"
"handoff/Folio_Complete_Product_Implementation_Plan/Folio_Complete_Plan_2026-06-19/specs/openapi.yaml","12048","2026-06-19T09:54:26.0000000Z","0f8cccea91ed1bfd2101d48873e8547c31a57fd73b7029170723069b3be46779"
"handoff/Folio_Complete_Product_Implementation_Plan/Folio_Complete_Plan_2026-06-19/specs/opportunity-target.schema.json","3455","2026-06-19T09:53:02.0000000Z","ee50e0d402dc931b7dd7cba8570e6be2d44d1fcd3a2d2c508352681223d821a7"
"handoff/Folio_Complete_Product_Implementation_Plan/Folio_Complete_Plan_2026-06-19/specs/project-story.schema.json","4095","2026-06-19T09:53:02.0000000Z","d5d54a026e3a357de9e2d8d161b9e16016b23584758360b4ecb8737551ee3ad9"
"handoff/Folio_Complete_Product_Implementation_Plan/Folio_Complete_Plan_2026-06-19/specs/recommendation.schema.json","2703","2026-06-19T09:53:02.0000000Z","d53ca0e65f6e8e2957f225b99a8b597e968105d40fc84045fe2cabe715f28f0f"
"handoff/Folio_Complete_Product_Implementation_Plan/Folio_Complete_Plan_2026-06-19/specs/release-gates.yaml","1125","2026-06-19T09:56:08.0000000Z","465cf821f8fc1bbf4a898aa601a1bffa3891f5b408d127881cfd77a15def991b"
"handoff/Folio_Complete_Product_Implementation_Plan/Folio_Complete_Plan_2026-06-19/specs/requirements-traceability.csv","1891","2026-06-19T09:56:08.0000000Z","f7c260ab2828ffc8361e391b633af345efe6606ae7812e628d75df9ee09e0dc1"
"handoff/Folio_Complete_Product_Implementation_Plan/Folio_Complete_Plan_2026-06-19/specs/research-source-matrix.csv","5733","2026-06-19T09:56:08.0000000Z","324c9a7defc5119d4a78a134311041d4c6e4989b29c493378ac7ce24f92c8546"
"handoff/Folio_Complete_Product_Implementation_Plan/Folio_Complete_Plan_2026-06-19/specs/risk-register.csv","4060","2026-06-19T09:56:08.0000000Z","57322dc5d04b95218035ebed95edbeb3a616d131b1847d59a396f70d782a71b8"
"handoff/Folio_Complete_Product_Implementation_Plan/Folio_Complete_Plan_2026-06-19/specs/role-packs.yaml","4319","2026-06-19T09:53:02.0000000Z","d83a1b0f9f1e7cd3082193d6f658a6eda849d700943edffd644984db05c5cced"
"handoff/Folio_Complete_Product_Implementation_Plan/Folio_Complete_Plan_2026-06-19/specs/schema.sql","29031","2026-06-19T09:53:02.0000000Z","595984de9ddd6b9771e488c7d833f56fb0b87e03d414215106bb005edb96e7c4"
"handoff/Folio_Complete_Product_Implementation_Plan/Folio_Complete_Plan_2026-06-19/specs/scoring-config.json","4298","2026-06-19T09:53:02.0000000Z","379cd7a1c22b0e12fddf51726072d577b29038d90248d39c0c7c40c4a125824d"
"handoff/Folio_Complete_Product_Implementation_Plan/Folio_Complete_Plan_2026-06-19/specs/test-matrix.md","1254","2026-06-19T09:54:26.0000000Z","c03a15800a5bdfbab3aebaa7a1388a3ded8bd85f72d29ef9b9b7940fe25f326c"
"handoff/Folio_Complete_Product_Implementation_Plan/Folio_Complete_Plan_2026-06-19/specs/threat-model.md","2820","2026-06-19T09:54:26.0000000Z","371fd4f08edc370c9034d4631d18b55f8ed8c07758cd0bc66dd26e15a6fc2231"
"handoff/Folio_Complete_Product_Implementation_Plan/Folio_Complete_Plan_2026-06-19/specs/ui-screen-contracts.md","1738","2026-06-19T09:54:26.0000000Z","eb029f7b1c4274d72260b552a02ea386bd46475e2a6d9f1cfcdd890c5000e536"
"handoff/Folio_Complete_Product_Implementation_Plan/Folio_Complete_Plan_2026-06-19/VALIDATION_REPORT.json","5170","2026-06-19T09:57:10.0000000Z","d0dfc2546b6ebe324d4d3bfb9410796264eabcd422436663081a672e2cefc209"
"handoff/folio-melo-logo-agent-pack.zip","4292660","2026-06-19T11:24:40.4995931Z","82faa982c13384435f6a791f9dcfb1e3bd5019cd48f1bd42340a0a6816537a0e"
"handoff/hybrid-system-spec/FOLIO_HYBRID_SYSTEM.md","3675","2026-06-19T09:30:14.8856657Z","3261faf0137d60ee4e4580b36c6573861a53c8470b1136827cf4cac51c7395db"
"handoff/melo-logo-agent-pack/ASSET_REPLACEMENT_MAP.md","2651","2026-06-18T10:33:39.0638680Z","4f4b66a8c32e6070294cc1ffc5ae5469534b3d7868f8d193d599604490caf4a0"
"handoff/melo-logo-agent-pack/audit-summaries/exhaustive-workflow-audit.md","28480","2026-06-19T07:31:27.8188244Z","3eeaf34d60d8175c89c96d79ced3b514cb2373f9e8d97ad21724887923c6dca7"
"handoff/melo-logo-agent-pack/audit-summaries/human-workflow-audit.md","10067","2026-06-19T07:29:27.2038095Z","00e5215d7acaaab3d292ca91eee246d8c29b0df007f80d3fa33684d33d9f99c5"
"handoff/melo-logo-agent-pack/audit-summaries/performance-audit.md","1883","2026-06-19T09:49:55.7098087Z","018a0903406b85512844042bc0ddf5d9a4673fc0d9bc9a5e963a63e986b11c6b"
"handoff/melo-logo-agent-pack/current-assets/android-ic_launcher.xml","1499","2026-06-17T23:09:23.3338511Z","7fe6ba7e087e17e3859ee45e7fc51f2bd6d4307718214f63ec409d005e91f80f"
"handoff/melo-logo-agent-pack/current-assets/brand/melo/icons/melo-folio-app-icon-1024.png","258778","2026-06-17T23:08:36.7626176Z","9c0d3b1ebc8f10876660b1509f8917a43b23dd4117b59f348fd38950422793c9"
"handoff/melo-logo-agent-pack/current-assets/brand/melo/icons/melo-folio-app-icon-128.png","12291","2026-06-17T23:08:36.8939277Z","b0ec185486b1e9649abd3de8fa7eea1e452b750aab229d66267893d5882c37fc"
"handoff/melo-logo-agent-pack/current-assets/brand/melo/icons/melo-folio-app-icon-192.png","22579","2026-06-17T23:08:45.2243252Z","301b574a89d2d41c0cb1fbca696be540de7e40f77ec82cc17660a79c969be52a"
"handoff/melo-logo-agent-pack/current-assets/brand/melo/icons/melo-folio-app-icon-256.png","32775","2026-06-17T23:08:36.8582443Z","6b1ff079aa835bf8f0fbf8c94ae78c9411d294d4145fb65994cb62dc52e1a643"
"handoff/melo-logo-agent-pack/current-assets/brand/melo/icons/melo-folio-app-icon-32.png","2178","2026-06-17T23:08:37.0082987Z","6e66acbf077c5765b945ab4809b504cb408f412d5263785c2d2f4149aebef605"
"handoff/melo-logo-agent-pack/current-assets/brand/melo/icons/melo-folio-app-icon-48.png","3637","2026-06-17T23:08:36.9747227Z","0051116009ae02008beb5b6f96dd8a41e1e7af4c2172e65d767983770778966a"
"handoff/melo-logo-agent-pack/current-assets/brand/melo/icons/melo-folio-app-icon-512.png","94333","2026-06-17T23:08:36.8106945Z","3c4ff8d2e4d7c6a71cb0b307abd39d84ea871ca76f5d0a3851684dcfd5887732"
"handoff/melo-logo-agent-pack/current-assets/brand/melo/icons/melo-folio-app-icon-64.png","5224","2026-06-17T23:08:36.9249726Z","d029c6305e420f88f25dca982771f6d50411b08239274441807549382754aa95"
"handoff/melo-logo-agent-pack/current-assets/brand/melo/poses/melo-folio-hero-pose.png","30174","2026-06-17T23:05:34.1764827Z","ae64ef306863bed1371314fe4efc49129ff7d290eef5b3056e9023dcf95c5888"
"handoff/melo-logo-agent-pack/current-assets/icon.ico","270622","2026-06-17T23:08:37.0473559Z","b55b1916aabd91c7080ff9014b8e236035fbd0de29d5bde5e3c4836261f2a731"
"handoff/melo-logo-agent-pack/current-assets/icon.svg","1013","2026-06-18T10:32:15.1206326Z","952c63d19cb1b2bc658d6738edafed9adc09100ad8808027b15be3335fdc86bf"
"handoff/melo-logo-agent-pack/current-assets/icon-preview.png","94333","2026-06-17T23:08:36.8106945Z","3c4ff8d2e4d7c6a71cb0b307abd39d84ea871ca76f5d0a3851684dcfd5887732"
"handoff/melo-logo-agent-pack/current-assets/site.webmanifest","1142","2026-06-18T10:32:15.1206326Z","7f7332078244eda1d18d696368563a5f4973aa1b75dc6090866e6bd57c3870bf"
"handoff/melo-logo-agent-pack/current-files/AndroidManifest.xml","1547","2026-06-14T23:11:39.7781764Z","292c0ce62e28211acfcfd1ac30b46cb4a260e2703a3eeb34549d0b5da00b110c"
"handoff/melo-logo-agent-pack/current-files/App.jsx","484643","2026-06-19T11:22:04.1588274Z","18b038d52087fbf316425ac7c2d2eaf6209de2748e8b69a9e2a6d5f7dcc79cf9"
"handoff/melo-logo-agent-pack/current-files/CURRENT_STATE_AUDIT.md","5708","2026-06-19T11:14:45.8521028Z","75a57f23d3bdd4942b6d9762b7b29116379d870b3ed8bbe7aac0dfb7a3854e93"
"handoff/melo-logo-agent-pack/current-files/EXACT_IMPLEMENTATION_DIFF_PLAN.md","3981","2026-06-19T11:14:45.8531813Z","a585abe738e89738ded20b64d3b47c0e41d9ebb9234ec3f66ec28fb64af26ada"
"handoff/melo-logo-agent-pack/current-files/handoff/FOLIO_CALENDAR_ZIP_IMPLEMENTATION_HANDOFF.md","14028","2026-06-19T09:30:06.6300517Z","13e64615065550e3da7057a7d361ab92255655f9a03caa8748b16b7e28ddb26f"
"handoff/melo-logo-agent-pack/current-files/handoff/hybrid-system-spec/FOLIO_HYBRID_SYSTEM.md","3675","2026-06-19T09:30:14.8856657Z","3261faf0137d60ee4e4580b36c6573861a53c8470b1136827cf4cac51c7395db"
"handoff/melo-logo-agent-pack/current-files/package.json","3281","2026-06-19T11:17:50.5654286Z","d4616dd080bddd361d1316808207bfb02737c0a24c7e6c934ca1f17fbbb3206e"
"handoff/melo-logo-agent-pack/current-files/scripts/build-android-release.ps1","3034","2026-06-18T10:56:22.9042218Z","4e207cdbc5a9429c2a7c66384cfc36a2769ecce38a33875cc256bbe9a6d4a2fd"
"handoff/melo-logo-agent-pack/current-files/scripts/build-handoff-pack.ps1","6680","2026-06-19T11:18:49.4713567Z","e60b8c217b9321465747e650e43f6d62fb90fc25b4d7c081b16b65958e51c81e"
"handoff/melo-logo-agent-pack/current-files/scripts/build-ready-pack.ps1","7562","2026-06-18T10:56:22.9052228Z","c728c86b199efb76b8a7274a145d04eaf41f1fac2fd054a8abe8b712adb92afd"
"handoff/melo-logo-agent-pack/current-files/scripts/check-admin-planner-logic.mjs","2767","2026-06-19T08:56:03.4851384Z","ab70fe963459ff1c05ee13e35ba5ba74b5aa063573953fd501efd4089d688e0e"
"handoff/melo-logo-agent-pack/current-files/scripts/check-calendar-planner-logic.mjs","4886","2026-06-19T11:17:17.3432218Z","8b3435b9f7f3272c411e5cfeb6c90bbbdcb01c676bd5cb99ee41648f5775062e"
"handoff/melo-logo-agent-pack/current-files/scripts/check-handoff-pack.ps1","6772","2026-06-19T11:18:49.4723572Z","2b6602b9d1638181b32b0afbea96b59713b51eea05414f3148f62a27fd88a66f"
"handoff/melo-logo-agent-pack/current-files/scripts/check-package.ps1","5547","2026-06-18T10:56:41.0499729Z","8de42c4788a8e112c3423b6dfab299cfb3220a060d11fa80a7b1da73e791e183"
"handoff/melo-logo-agent-pack/current-files/scripts/check-proof-ledger-logic.mjs","5041","2026-06-19T11:22:44.3778424Z","0d987e4aa8e694258aad8a4e271e3241ede870c2e4274741e0e359b2575ba907"
"handoff/melo-logo-agent-pack/current-files/scripts/sync-android-assets.ps1","1201","2026-06-14T22:42:03.3297808Z","70cb69f931831377c9b16d70f6f83bce645295038e4f91dafa6cad95a073b1b9"
"handoff/melo-logo-agent-pack/current-files/styles.css","335949","2026-06-19T11:22:36.7144596Z","4028c631df97c74657ffaceb32cdf7b4889ddef3b68fcaadf44d2ea8e250f68f"
"handoff/melo-logo-agent-pack/pack-manifest.json","5153","2026-06-19T11:24:39.1358747Z","061f811f5493c807589ab6aeb6e8954a6abbfde779e18797c8aa55cef17f26b8"
"handoff/melo-logo-agent-pack/palette.json","618","2026-06-18T10:33:08.1701705Z","9c44fcece810616eec0b0cc3c85d521396b5960f067b24776e0edb214f415bfa"
"handoff/melo-logo-agent-pack/README.md","8148","2026-06-19T11:18:49.4728623Z","03930eb44408a465b202c6eff1fe26c167a9662293813316e113940b12d3f2b8"
"handoff/melo-logo-agent-pack/release-test-notes.md","14354","2026-06-19T11:24:22.7852968Z","9661daff8031a03c1ca8d5f96a80fbbce3d7c6474e505fdd760405cca9111ed1"
"handoff/melo-logo-agent-pack/screenshots/close-ledger-figma-brand-desktop.png","209934","2026-06-17T23:21:10.9698183Z","a8d8b2eb2319acfd32919c33be364c9ac289f5715b41dd5edb3c5e0f00c558e2"
"handoff/melo-logo-agent-pack/screenshots/close-ledger-figma-brand-mobile.png","86968","2026-06-17T23:21:11.7740645Z","5e9ddbf7b8b07f758dcc98818149181431c2e8cd974fd620f5e5c3db46968a14"
"handoff/melo-logo-agent-pack/screenshots/close-ledger-fresh-emulator-android.png","635892","2026-06-19T10:08:05.6836772Z","25a4644d63de69b4f0c4393ff670c50bbdf1f353feeb5ed142f5ce85003b216c"
"handoff/melo-logo-agent-pack/screenshots/close-ledger-polish32-folio-reference-mark-emulator.png","655115","2026-06-17T08:09:26.2689491Z","9cd3304d9bf674eec71e377ab27af8e83488d06663ecd3f5d53a1da4027f1030"
"handoff/melo-logo-agent-pack/screenshots/close-ledger-polish33-melo-logo-home-emulator.png","1378380","2026-06-17T08:30:44.8730584Z","b9c61078dda64b36be2482e4d691942d6539ae7f6495cbcec3b5866d0dacf35b"
"handoff/melo-logo-agent-pack/screenshots/close-ledger-polish33-melo-logo-intro-emulator.png","74512","2026-06-17T08:30:44.9449999Z","095fee1c1d68198163cb32a85861f1603316982ee90395ec587a59007b05f1ac"
"handoff/melo-logo-agent-pack/screenshots/close-ledger-polish33-melo-logo-loaded-emulator.png","330883","2026-06-17T08:30:45.0111130Z","35b562891f09fab4c58ae82529a7c533e2c97ec6e1d570eacc949c29a9413e67"
"handoff/melo-logo-agent-pack/screenshots/theme-dark-night-populated-final-no-overlap.png","268649","2026-06-17T20:03:05.7203534Z","7d077be160402cdfc7256011633b74767c80c9d912a70f3c33c29ed610334ce6"
"handoff/melo-logo-agent-pack/screenshots/theme-light-melo-final.png","279076","2026-06-17T20:00:38.8454693Z","41a6a42153edb28b7f09d2792f12e75dfd00dc9408367a1fd075cddadc3d2410"
"handoff/melo-logo-agent-pack/STACK_SUMMARY.md","1095","2026-06-19T11:18:49.4728623Z","b74d4d2d2e30657e178fc027c620a54ade1197f9ac35e635f608d9022eb09354"
"import-probe-after-file.png","96175","2026-06-17T23:36:43.9675177Z","5ec6156f43c1c1579513c79e67b9e771de76bf23018baf13bdb4e5c895c74e85"
"import-probe-after-save.png","78083","2026-06-17T23:37:33.2751273Z","20060920fd6e777209c21ac46035caa9c95ce7d5d9e18352cc63886266e2edf4"
"index.html","2804","2026-06-18T10:32:15.1206326Z","55b8c5afdf6ecc900d6018b44f35f02b4fbcb9a292ba56641d24d020d68cbdb2"
"models/ggml-tiny.en.bin","77704715","2026-06-14T18:28:17.6268972Z","921e4cf8686fdd993dcd081a5da5b6c365bfde1162e72b08d75ac75289920b1f"
"OWNER_CAPTURE_SYSTEM.md","2339","2026-06-14T19:21:49.5507254Z","505a8b14d0eabc4c04f17742d3efa48984c486926da9238b8cb88cce2a327c9b"
"package.json","3281","2026-06-19T11:17:50.5654286Z","d4616dd080bddd361d1316808207bfb02737c0a24c7e6c934ca1f17fbbb3206e"
"package-lock.json","226438","2026-06-18T10:32:15.1366437Z","87285cd4a244799b7de28d1938a41737916acbcaeff54cbb79aed534ec170877"
"public/assets/brand/melo/icons/melo-folio-app-icon-1024.png","258778","2026-06-17T23:08:36.7626176Z","9c0d3b1ebc8f10876660b1509f8917a43b23dd4117b59f348fd38950422793c9"
"public/assets/brand/melo/icons/melo-folio-app-icon-128.png","12291","2026-06-17T23:08:36.8939277Z","b0ec185486b1e9649abd3de8fa7eea1e452b750aab229d66267893d5882c37fc"
"public/assets/brand/melo/icons/melo-folio-app-icon-192.png","22579","2026-06-17T23:08:45.2243252Z","301b574a89d2d41c0cb1fbca696be540de7e40f77ec82cc17660a79c969be52a"
"public/assets/brand/melo/icons/melo-folio-app-icon-256.png","32775","2026-06-17T23:08:36.8582443Z","6b1ff079aa835bf8f0fbf8c94ae78c9411d294d4145fb65994cb62dc52e1a643"
"public/assets/brand/melo/icons/melo-folio-app-icon-32.png","2178","2026-06-17T23:08:37.0082987Z","6e66acbf077c5765b945ab4809b504cb408f412d5263785c2d2f4149aebef605"
"public/assets/brand/melo/icons/melo-folio-app-icon-48.png","3637","2026-06-17T23:08:36.9747227Z","0051116009ae02008beb5b6f96dd8a41e1e7af4c2172e65d767983770778966a"
"public/assets/brand/melo/icons/melo-folio-app-icon-512.png","94333","2026-06-17T23:08:36.8106945Z","3c4ff8d2e4d7c6a71cb0b307abd39d84ea871ca76f5d0a3851684dcfd5887732"
"public/assets/brand/melo/icons/melo-folio-app-icon-64.png","5224","2026-06-17T23:08:36.9249726Z","d029c6305e420f88f25dca982771f6d50411b08239274441807549382754aa95"
"public/assets/brand/melo/poses/melo-folio-hero-pose.png","30174","2026-06-17T23:05:34.1764827Z","ae64ef306863bed1371314fe4efc49129ff7d290eef5b3056e9023dcf95c5888"
"public/icon.ico","270622","2026-06-17T23:08:37.0473559Z","b55b1916aabd91c7080ff9014b8e236035fbd0de29d5bde5e3c4836261f2a731"
"public/icon.svg","1013","2026-06-18T10:32:15.1206326Z","952c63d19cb1b2bc658d6738edafed9adc09100ad8808027b15be3335fdc86bf"
"public/icon-preview.png","94333","2026-06-17T23:08:36.8106945Z","3c4ff8d2e4d7c6a71cb0b307abd39d84ea871ca76f5d0a3851684dcfd5887732"
"public/ocr/core/tesseract-core.js","88967","2026-06-13T21:53:23.5077527Z","a824c1b99a19e122d87e4467fe16aabb56c495d6cc9a08bc58cb8a7342636b43"
"public/ocr/core/tesseract-core.wasm","3449168","2026-06-13T21:53:23.7660436Z","c7f5ace62ac0ad065e71e9c6725f1d7cdf82e7eda8fba532cbb9563964da7098"
"public/ocr/core/tesseract-core.wasm.js","4687944","2026-06-13T21:53:23.5567502Z","0bc6ce3e5fbbd0cd89706cf2fd70960e3372f4f01ee24265b26990808aaeb286"
"public/ocr/core/tesseract-core-lstm.js","89261","2026-06-13T21:53:22.7745442Z","6510efc4e8b45c5465df30679b9911ffe0071cd2ee982fa064e6f5136ef2de85"
"public/ocr/core/tesseract-core-lstm.wasm","2855361","2026-06-13T21:53:23.5911749Z","66b17df6e20c5329a17ffa9c202a47eaa3e32500b253d4c7f38e7f2bc01457c3"
"public/ocr/core/tesseract-core-lstm.wasm.js","3896484","2026-06-13T21:53:23.2265981Z","eef5f8b2f8e20e150680b20adaec4a60babafee3adbe8a94583c81fee46e8680"
"public/ocr/core/tesseract-core-relaxedsimd.js","89066","2026-06-13T21:53:23.3162204Z","716be037611f21b568347421f582f1e1a6456b6d5c3a7c2406c8a2a6c0136427"
"public/ocr/core/tesseract-core-relaxedsimd.wasm","3456075","2026-06-13T21:53:23.6738449Z","45f8c9b516df326b6ae6b493ed3a6289df5cbd10490e7b6ff8bf5b12ea42d1da"
"public/ocr/core/tesseract-core-relaxedsimd.wasm.js","4697227","2026-06-13T21:53:23.3995316Z","843074aa5bad1cc6421b74a86201768ced9f244795e4d81435435a61a40ce535"
"public/ocr/core/tesseract-core-relaxedsimd-lstm.js","89360","2026-06-13T21:53:23.2358256Z","a37ac78b707e8d5d3d2e532cc3c4e69b04d127ea44a608f1e7de17640402aa5c"
"public/ocr/core/tesseract-core-relaxedsimd-lstm.wasm","2862266","2026-06-13T21:53:23.6342874Z","7985c92d4c64e7267d24cadffe1b2a1da6bf8aa55fdcaf953fe94fe122a24545"
"public/ocr/core/tesseract-core-relaxedsimd-lstm.wasm.js","3905767","2026-06-13T21:53:23.3162204Z","861a536cf9ef8e63cb644d57bab39c388f37f7d6b6f60024b741c5f6b39a59b3"
"public/ocr/core/tesseract-core-simd.js","88977","2026-06-13T21:53:23.4577559Z","da428fd7989ba749855ea16718a83b23e7ce04016fe31866ad2735813efc7133"
"public/ocr/core/tesseract-core-simd.wasm","3451410","2026-06-13T21:53:23.7443338Z","7d237a13edfeb0fa2f104744fccde0a00e0c076c3e23b7a8fc7af75ec9af2c3e"
"public/ocr/core/tesseract-core-simd.wasm.js","4690932","2026-06-13T21:53:23.5077527Z","6b61ef4e911b5cf57e656bbfe983d6e2b3711a02dd164154ddda064566e8e09d"
"public/ocr/core/tesseract-core-simd-lstm.js","89271","2026-06-13T21:53:23.3995316Z","e48e2f02ddae3716c8dd24bf41cd290d4efa96892d689cdc4013c2545d63f469"
"public/ocr/core/tesseract-core-simd-lstm.wasm","2857601","2026-06-13T21:53:23.7161326Z","34e8d50cac216427d86bf397d610fdd9f49492539bbcdfbfccc4eda20c810bea"
"public/ocr/core/tesseract-core-simd-lstm.wasm.js","3899472","2026-06-13T21:53:23.4577559Z","c58b46a4c796c0b8afccf77591d5b875b6896b45d402bbce8caa6f5362447b38"
"public/ocr/lang/eng.traineddata.gz","10923060","2026-06-13T21:54:28.3953265Z","ed350f3752f81ee8f38769edc14d92d997dababe23b565c59879372cc46a2468"
"public/ocr/worker.min.js","111307","2026-06-13T21:53:23.3437981Z","576b7df7e3393e137e51849357c9adb53fe7ac1bb69bfa06cf3d61520f182c6d"
"public/robots.txt","26","2026-06-13T22:35:50.3445734Z","331ea9090db0c9f6f597bd9840fd5b171830f6e0b3ba1cb24dfa91f0c95aedc1"
"public/site.webmanifest","1142","2026-06-18T10:32:15.1206326Z","7f7332078244eda1d18d696368563a5f4973aa1b75dc6090866e6bd57c3870bf"
"release/builder-debug.yml","6186","2026-06-19T10:07:14.1860009Z","5388d7e80e49f9ddea7b45e1fe37192caddbada2f00c79d1d3dbcba9a29baeb3"
"release/calendar-pass-after-back.png","320248","2026-06-19T07:16:51.2366978Z","e1ae77a561dc235a6d208ea2bb32a247b55e6ec9b40038a55dc4c678e18e7f25"
"release/calendar-pass-browser-calendar.png","176621","2026-06-19T07:19:27.3685216Z","8c19a2f5b0a353c3bc1ba730b8cee2f1115767d446ab2d08c632e65e43e2494d"
"release/calendar-pass-calendar-screen.png","319368","2026-06-19T07:17:20.0681526Z","16657adb1d41a7bfe9d6d1a4efde260ac062bb817fb61778df23de59535f7fd1"
"release/calendar-pass-emulator.png","319344","2026-06-19T07:16:18.0490766Z","47811ade14ff628be500b63381955aa4e7069ac3915e22333165f550caf30df1"
"release/calendar-pass-planned-block.png","167996","2026-06-19T07:20:00.5748715Z","40520233b11c84855fa8b254332ae0e1d5668e9b670d45e94e563a2bb6288888"
"release/Folio-0.5.2-android-installable.apk","29700506","2026-06-19T10:02:24.6135869Z","326f45fb9feb835e505873c5dcdc35bf3a2188beedd587422e1022ce745cd415"
"release/Folio-0.5.2-play-release.aab","29690644","2026-06-19T10:02:30.0767234Z","93e853b4c8db36ffa23cee68a2beb977b1a2841636dc0656b137ae86d1b50a95"
"release/Folio-0.5.2-portable.exe","206247852","2026-06-19T10:07:14.1464244Z","79e9268d70748750b4a4f2b3a86834a7f36a0362282da2c5d63e831cea77043f"
"release/Folio-0.5.2-ready-pack.zip","269873623","2026-06-19T11:24:50.2513790Z","4f920f55016bc32cc6876dce818838118e6205fcc1ff4883ee3570d7ae0a33a1"
"release/Folio-0.5.2-ready-pack.zip.sha256","94","2026-06-19T11:24:50.5653538Z","c73fbf5fa8f412dcc8b1d8d785a118026750c0b1fe5d779fe916ea15d5973ca1"
"release/Folio-0.5.2-ready-pack-contents.md","1400","2026-06-19T11:24:41.0095728Z","d7cf3b5bcf5cd63059d542d3588a8fa2a30a088b7c087aa30c933aae8cc17a27"
"release/Folio-0.5.2-release-ready.md","1812","2026-06-19T11:24:41.0085746Z","6d550b2ac192617287d104934cdcab4199dc1b2d4ca7dccfea62922c79e08bf1"
"release/Folio-0.5.2-test-notes.md","14354","2026-06-19T11:24:22.7852968Z","9661daff8031a03c1ca8d5f96a80fbbce3d7c6474e505fdd760405cca9111ed1"
"release/window.xml","1414","2026-06-19T07:17:40.6262508Z","48a441e4e0f4082a6763a778b799c896d6ab8a4e14d508980c99195f4cb01f8c"
"runtime-calendar-check.png","466192","2026-06-19T09:57:54.1455443Z","98621f9b2192486d6f7b063a48fc5c5bdb20c80d2e0f8681287e4c7ae1f37a7d"
"runtime-calendar-visible-proof.png","428612","2026-06-19T10:01:59.0419278Z","7f6dce7c0638161b082e85a679422edb9fb7148e03b01b8591b1a24f3f1d78b7"
"runtime-proof-ledger-visible.png","296396","2026-06-19T11:24:12.1486284Z","9ef9f41e85d3e0fef201396ce3d5c76879312266813da53f789e3babb1641320"
"screenshots/calendar-clean-planner-emulator.png","267741","2026-06-18T20:10:49.1071826Z","b520930622e5f2e6e5ea96f41af0c85327b1a92db5c157fd702f6ef357e41bee"
"screenshots/calendar-planner-integration-emulator.png","304578","2026-06-18T20:06:02.1885161Z","72cb9e9d139c5cc9d64b86afd47523a430d1449f4e9c237136a9a286343f6048"
"screenshots/calendar-redesign-2-desktop.png","285281","2026-06-18T19:52:07.6713930Z","37f66adce0b5ec79693663cc955151c0ce482b5cb20ffb93ea4eaa323c0d2718"
"screenshots/calendar-redesign-2-mobile.png","202308","2026-06-18T19:52:09.6118078Z","a50bb2e295c70f98e6f7ac5d83d770fc0613c08e5d89ebe174895a121708da92"
"screenshots/calendar-redesign-desktop.png","284910","2026-06-18T19:50:21.2296221Z","6f27bc3e17de963e5ef6864d93c220f2600974f2d3d7d9b40f4b7f077ed21e73"
"screenshots/calendar-redesign-emulator.png","607152","2026-06-18T19:53:46.7465112Z","541ec4309bc8c3d169276cfaa68cad34f79a086c9d6ca3efed1b2b2a8f62edc1"
"screenshots/calendar-redesign-emulator.xml","1415","2026-06-18T19:54:03.6832174Z","d4bd7e243720031f6aaa053dd6669812f344e86f2b182cbde9c5ed8828eaae99"
"screenshots/calendar-redesign-emulator-calendar.png","296556","2026-06-18T19:54:29.3415043Z","2fff05b0e5c33357d63d3c08f9f06830032a22265889ae87a11633f20d1c697f"
"screenshots/calendar-redesign-emulator-pulled.png","319403","2026-06-18T19:54:11.7234591Z","5cc93f4094095668bee3fe08451f71ef9c2714d2821be73641cbb0464eb93f57"
"screenshots/calendar-redesign-mobile.png","201014","2026-06-18T19:50:23.5595581Z","ef01858c5b1fad34b556ee72320304e7218b8688378ad32d189164ac61781f7c"
"screenshots/folio-hybrid-dashboard-desktop.png","728284","2026-06-19T09:06:46.8145830Z","2f2b6826efce7664644cc25a6681c20111e76432406c63359425a343103167c2"
"screenshots/folio-hybrid-dashboard-mobile.png","327181","2026-06-19T09:06:47.5393778Z","70113a58591b6089d6f164fda0a0bd158abefc10dc506d5333f047f648d13689"
"screenshots/folio-hybrid-fresh-emulator.png","320090","2026-06-19T09:08:45.3387628Z","78c9e6e73023dd5dbd917731a9cdaa4d901e36743395e6ead8d85dc3b0d66048"
"screenshots/folio-mark-records-mobile.png","128100","2026-06-18T06:26:12.5401859Z","ba82cc82d10ad1aba922b2c59b9a86e70e6d83da60980092ed0b623a8d06c81d"
"scripts/audit-exhaustive-workflows.mjs","45872","2026-06-18T10:33:08.1541416Z","c387ff2f91e2f910f03d231d729dc16ac897e2585d533ebe6cd4b667eca59c13"
"scripts/audit-human-workflows.mjs","25044","2026-06-18T10:33:08.1651558Z","7d48717527868c09c8b24f095d30d71ef00b2d5fe3dab8908c8959b3fb1891dc"
"scripts/audit-performance-workflows.mjs","15407","2026-06-19T07:38:46.1531266Z","4b9c8cf56ec4ba670fc08bede7b3ead169d0e71e6f500b32edf48db17a39ccf8"
"scripts/build-android-debug.ps1","1859","2026-06-18T10:32:15.1366437Z","e5ec27a1bedd48b4f391b748dacde20f3f03ed5fbb198345f9e6cfbe22d5600f"
"scripts/build-android-release.ps1","3034","2026-06-18T10:56:22.9042218Z","4e207cdbc5a9429c2a7c66384cfc36a2769ecce38a33875cc256bbe9a6d4a2fd"
"scripts/build-handoff-pack.ps1","6680","2026-06-19T11:18:49.4713567Z","e60b8c217b9321465747e650e43f6d62fb90fc25b4d7c081b16b65958e51c81e"
"scripts/build-ready-pack.ps1","7562","2026-06-18T10:56:22.9052228Z","c728c86b199efb76b8a7274a145d04eaf41f1fac2fd054a8abe8b712adb92afd"
"scripts/capture-full-screen-audit.mjs","12112","2026-06-17T11:08:48.9307394Z","2ad2474a5d102a3031da701867a4f222285482781b04d6f19dd4de4fb24db7f1"
"scripts/capture-taste-audit-screenshots.mjs","4388","2026-06-16T17:26:50.4896189Z","62018d2eee8438f32cc9ba5991af78e897d4077397fb1356216c9b3f680ee57d"
"scripts/check-admin-planner-logic.mjs","2767","2026-06-19T08:56:03.4851384Z","ab70fe963459ff1c05ee13e35ba5ba74b5aa063573953fd501efd4089d688e0e"
"scripts/check-calendar-planner-logic.mjs","4886","2026-06-19T11:17:17.3432218Z","8b3435b9f7f3272c411e5cfeb6c90bbbdcb01c676bd5cb99ee41648f5775062e"
"scripts/check-finance-logic.mjs","24473","2026-06-17T22:23:37.5375474Z","54c4257ba6e4db4890333b865dedf977d67b814866999ce11b8f82d396c5418a"
"scripts/check-handoff-pack.ps1","6772","2026-06-19T11:18:49.4723572Z","2b6602b9d1638181b32b0afbea96b59713b51eea05414f3148f62a27fd88a66f"
"scripts/check-package.ps1","5547","2026-06-18T10:56:41.0499729Z","8de42c4788a8e112c3423b6dfab299cfb3220a060d11fa80a7b1da73e791e183"
"scripts/check-product-confidence.mjs","14953","2026-06-19T11:17:09.2810050Z","1717a5b53fec5f92d7963c22d8657638cdb0d3ffa97b9f443d7ab04deca464af"
"scripts/check-proof-ledger-logic.mjs","5041","2026-06-19T11:22:44.3778424Z","0d987e4aa8e694258aad8a4e271e3241ede870c2e4274741e0e359b2575ba907"
"scripts/check-transfer-copy-parser.mjs","1719","2026-06-18T10:32:15.1366437Z","0e872fe5560458b754b841766e89f61ceffa999a86e6faafca6243a6c79ba9e7"
"scripts/check-ux-contract.ps1","22423","2026-06-19T07:15:28.6790973Z","296cc0eec2fcb12b8210fc40376a56aa85c5959c6be969e97d75ea0c113b7b42"
"scripts/check-visual-artifacts.ps1","2169","2026-06-17T00:46:56.4672269Z","6a14fd12970d7c2dd75335144ecf9eab3677908706e2eabe8bd93116ca18f11e"
"scripts/patch-electron-builder-rename.ps1","1572","2026-06-15T02:09:52.3739132Z","289dd8ed9eadfcaee520f770187bb6368834f12a09614fbdb4ea4e17f7fe26e8"
"scripts/sync-android-assets.ps1","1201","2026-06-14T22:42:03.3297808Z","70cb69f931831377c9b16d70f6f83bce645295038e4f91dafa6cad95a073b1b9"
"src/App.jsx","484643","2026-06-19T11:22:04.1588274Z","18b038d52087fbf316425ac7c2d2eaf6209de2748e8b69a9e2a6d5f7dcc79cf9"
"src/styles.css","335949","2026-06-19T11:22:36.7144596Z","4028c631df97c74657ffaceb32cdf7b4889ddef3b68fcaadf44d2ea8e250f68f"
"vite.config.js","150","2026-06-13T21:43:20.1033662Z","645d255dc2c536b38cb0c1e2aaa5754263715388b612aed407ef1818b24bd9dd"
"window.xml","1439","2026-06-17T02:33:53.0461900Z","2f4021d2d52a9bd0e0c9cc7659047d9aa20a5859de05fa0f9cf2520d89b37dee"
