To honour the JVM settings for this build a single-use Daemon process will be forked. For more on this, please refer to https://docs.gradle.org/9.3.1/userguide/gradle_daemon.html#sec:disabling_the_daemon in the Gradle documentation.
Daemon will be stopped at the end of the build
> Task :expo-gradle-plugin:expo-autolinking-plugin-shared:checkKotlinGradlePluginConfigurationErrors SKIPPED
> Task :gradle-plugin:settings-plugin:checkKotlinGradlePluginConfigurationErrors SKIPPED
> Task :gradle-plugin:shared:checkKotlinGradlePluginConfigurationErrors SKIPPED
> Task :expo-gradle-plugin:expo-autolinking-settings-plugin:checkKotlinGradlePluginConfigurationErrors SKIPPED
> Task :expo-gradle-plugin:expo-autolinking-settings-plugin:pluginDescriptors UP-TO-DATE
> Task :gradle-plugin:settings-plugin:pluginDescriptors UP-TO-DATE
> Task :gradle-plugin:settings-plugin:processResources UP-TO-DATE
> Task :expo-gradle-plugin:expo-autolinking-settings-plugin:processResources UP-TO-DATE
> Task :gradle-plugin:shared:compileKotlin UP-TO-DATE
> Task :expo-gradle-plugin:expo-autolinking-plugin-shared:compileKotlin UP-TO-DATE
> Task :expo-gradle-plugin:expo-autolinking-plugin-shared:compileJava NO-SOURCE
> Task :gradle-plugin:shared:compileJava NO-SOURCE
> Task :expo-gradle-plugin:expo-autolinking-plugin-shared:processResources NO-SOURCE
> Task :gradle-plugin:shared:processResources NO-SOURCE
> Task :gradle-plugin:shared:classes UP-TO-DATE
> Task :expo-gradle-plugin:expo-autolinking-plugin-shared:classes UP-TO-DATE
> Task :gradle-plugin:shared:jar UP-TO-DATE
> Task :expo-gradle-plugin:expo-autolinking-plugin-shared:jar UP-TO-DATE
> Task :gradle-plugin:settings-plugin:compileKotlin UP-TO-DATE
> Task :gradle-plugin:settings-plugin:compileJava NO-SOURCE
> Task :gradle-plugin:settings-plugin:classes UP-TO-DATE
> Task :gradle-plugin:settings-plugin:jar UP-TO-DATE
> Task :expo-gradle-plugin:expo-autolinking-settings-plugin:compileKotlin UP-TO-DATE
> Task :expo-gradle-plugin:expo-autolinking-settings-plugin:compileJava NO-SOURCE
> Task :expo-gradle-plugin:expo-autolinking-settings-plugin:classes UP-TO-DATE
> Task :expo-gradle-plugin:expo-autolinking-settings-plugin:jar UP-TO-DATE
> Task :expo-gradle-plugin:expo-max-sdk-override-plugin:checkKotlinGradlePluginConfigurationErrors SKIPPED
> Task :expo-gradle-plugin:expo-autolinking-plugin:checkKotlinGradlePluginConfigurationErrors SKIPPED
> Task :gradle-plugin:react-native-gradle-plugin:checkKotlinGradlePluginConfigurationErrors SKIPPED
> Task :expo-dev-launcher-gradle-plugin:checkKotlinGradlePluginConfigurationErrors SKIPPED
> Task :expo-updates-gradle-plugin:checkKotlinGradlePluginConfigurationErrors SKIPPED
> Task :expo-module-gradle-plugin:checkKotlinGradlePluginConfigurationErrors SKIPPED
> Task :expo-dev-launcher-gradle-plugin:pluginDescriptors UP-TO-DATE
> Task :expo-updates-gradle-plugin:pluginDescriptors UP-TO-DATE
> Task :expo-module-gradle-plugin:pluginDescriptors UP-TO-DATE
> Task :expo-dev-launcher-gradle-plugin:processResources UP-TO-DATE
> Task :expo-updates-gradle-plugin:processResources UP-TO-DATE
> Task :expo-module-gradle-plugin:processResources UP-TO-DATE
> Task :expo-gradle-plugin:expo-max-sdk-override-plugin:compileKotlin UP-TO-DATE
> Task :expo-gradle-plugin:expo-autolinking-plugin:compileKotlin UP-TO-DATE
> Task :expo-gradle-plugin:expo-max-sdk-override-plugin:compileJava NO-SOURCE
> Task :expo-gradle-plugin:expo-autolinking-plugin:compileJava NO-SOURCE
> Task :expo-gradle-plugin:expo-max-sdk-override-plugin:pluginDescriptors UP-TO-DATE
> Task :expo-gradle-plugin:expo-autolinking-plugin:pluginDescriptors UP-TO-DATE
> Task :expo-gradle-plugin:expo-autolinking-plugin:processResources UP-TO-DATE
> Task :expo-gradle-plugin:expo-autolinking-plugin:classes UP-TO-DATE
> Task :expo-gradle-plugin:expo-max-sdk-override-plugin:processResources UP-TO-DATE
> Task :expo-gradle-plugin:expo-max-sdk-override-plugin:classes UP-TO-DATE
> Task :expo-gradle-plugin:expo-autolinking-plugin:jar UP-TO-DATE
> Task :expo-gradle-plugin:expo-max-sdk-override-plugin:jar UP-TO-DATE
> Task :gradle-plugin:react-native-gradle-plugin:compileKotlin UP-TO-DATE
> Task :gradle-plugin:react-native-gradle-plugin:compileJava NO-SOURCE
> Task :gradle-plugin:react-native-gradle-plugin:pluginDescriptors UP-TO-DATE
> Task :gradle-plugin:react-native-gradle-plugin:processResources UP-TO-DATE
> Task :gradle-plugin:react-native-gradle-plugin:classes UP-TO-DATE
> Task :gradle-plugin:react-native-gradle-plugin:jar UP-TO-DATE
> Task :expo-module-gradle-plugin:compileKotlin UP-TO-DATE
> Task :expo-module-gradle-plugin:compileJava NO-SOURCE
> Task :expo-module-gradle-plugin:classes UP-TO-DATE
> Task :expo-dev-launcher-gradle-plugin:compileKotlin UP-TO-DATE
> Task :expo-module-gradle-plugin:jar UP-TO-DATE
> Task :expo-dev-launcher-gradle-plugin:compileJava NO-SOURCE
> Task :expo-dev-launcher-gradle-plugin:classes UP-TO-DATE
> Task :expo-dev-launcher-gradle-plugin:jar UP-TO-DATE
> Task :expo-updates-gradle-plugin:compileKotlin UP-TO-DATE
> Task :expo-updates-gradle-plugin:compileJava NO-SOURCE
> Task :expo-updates-gradle-plugin:classes UP-TO-DATE
> Task :expo-updates-gradle-plugin:jar UP-TO-DATE

> Configure project :
[32m[ExpoRootProject][0m Using the following versions:
  - buildTools:  [32m36.0.0[0m
  - minSdk:      [32m24[0m
  - compileSdk:  [32m36[0m
  - targetSdk:   [32m36[0m
  - ndk:         [32m27.1.12297006[0m
  - kotlin:      [32m2.1.20[0m
  - ksp:         [32m2.1.20-2.0.1[0m

> Configure project :app
 ℹ️  [33mApplying gradle plugin[0m '[32mexpo-max-sdk-override-plugin[0m'
  [expo-max-sdk-override-plugin] This plugin will find all permissions declared with `android:maxSdkVersion`. If there exists a declaration with the `android:maxSdkVersion` annotation and another one without, the plugin will remove the annotation from the final merged manifest. In order to see a log with the changes run a clean build of the app.
 ℹ️  [33mApplying gradle plugin[0m '[32mexpo-dev-launcher-gradle-plugin[0m'
 ℹ️  [33mApplying gradle plugin[0m '[32mexpo-updates-gradle-plugin[0m'

> Configure project :expo

Using expo modules
  - [32mclerk-expo-passkeys[0m (1.0.0)
  - [32mexpo-log-box[0m (56.0.14)
  - [32mexpo-constants[0m (56.0.24)
  - [32mexpo-dev-client[0m (56.0.26)
  - [32mexpo-dev-launcher[0m (56.0.27)
  - [32mexpo-dev-menu[0m (56.0.23)
  - [32mexpo-dev-menu-interface[0m (56.0.1)
  - [32mexpo-eas-client[0m (56.0.1)
  - [32mexpo-iap[0m (4.3.6)
  - [32mexpo-json-utils[0m (56.0.0)
  - [32mexpo-manifests[0m (56.0.4)

> Configure project :expo-modules-core
Linking react-native-worklets native libs into expo-modules-core build tasks
task ':react-native-worklets:mergeDebugNativeLibs'
task ':react-native-worklets:mergeReleaseNativeLibs'

> Configure project :expo
  - [32mexpo-modules-core[0m (56.0.24)
  - [32mexpo-speech-recognition[0m (56.0.4)
  - [32mexpo-structured-headers[0m (56.0.0)
  - [32mexpo-updates[0m (56.0.25)
  - [32mexpo-updates-interface[0m (56.0.2)
  - [32mfolio-local-language[0m (0.1.0)
  - [32mfolio-local-vault[0m (0.1.0)
  - [32mfolio-reader[0m (0.1.0)
  - [33m[📦][0m [32mexpo-dom-webview[0m (56.0.6)
  - [33m[📦][0m [32mexpo-ui[0m (56.0.26)
  - [33m[📦][0m [32mexpo-application[0m (56.0.3)
  - [33m[📦][0m [32mexpo-asset[0m (56.0.23)
  - [33m[📦][0m [32mexpo-audio[0m (56.0.13)
  - [33m[📦][0m [32mexpo-crypto[0m (56.0.4)
  - [33m[📦][0m [32mexpo-document-picker[0m (56.0.4)
  - [33m[📦][0m [32mexpo-file-system[0m (56.0.10)
  - [33m[📦][0m [32mexpo-font[0m (56.0.7)
  - [33m[📦][0m [32mexpo-haptics[0m (56.0.3)
  - [33m[📦][0m [32mexpo-image-loader[0m (56.0.3)
  - [33m[📦][0m [32mexpo-image-picker[0m (56.0.24)
  - [33m[📦][0m [32mexpo-intent-launcher[0m (56.0.4)
  - [33m[📦][0m [32mexpo-keep-awake[0m (56.0.3)
  - [33m[📦][0m [32mexpo-linking[0m (56.0.17)
  - [33m[📦][0m [32mexpo-local-authentication[0m (56.0.5)
  - [33m[📦][0m [32mexpo-notifications[0m (56.0.24)
  - [33m[📦][0m [32mexpo-print[0m (56.0.4)
  - [33m[📦][0m [32mexpo-router[0m (56.2.19)
  - [33m[📦][0m [32mexpo-secure-store[0m (56.0.4)
  - [33m[📦][0m [32mexpo-sharing[0m (56.0.25)
  - [33m[📦][0m [32mexpo-splash-screen[0m (56.0.14)
  - [33m[📦][0m [32mexpo-status-bar[0m (56.0.4)
  - [33m[📦][0m [32mexpo-system-ui[0m (56.0.5)
  - [33m[📦][0m [32mexpo-web-browser[0m (56.0.6)


> Configure project :op-engineering_op-sqlite
[OP-SQLITE] Detected op-sqlite config from package.json at: C:\dev\melo-native-today-batch1-2026-08-24\apps\mobile\android\..\package.json
[OP-SQLITE] using sqlcipher.
[OP-SQLITE] Performance mode enabled
[OP-SQLITE] FTS5 enabled

> Task :expo-dev-client:preBuild UP-TO-DATE
> Task :expo-updates:preBuild UP-TO-DATE
> Task :expo-modules-core:preBuild UP-TO-DATE
> Task :folio-local-language:preBuild UP-TO-DATE
> Task :expo-log-box:preBuild UP-TO-DATE
> Task :expo-structured-headers:preBuild UP-TO-DATE
> Task :expo-dev-launcher:preBuild UP-TO-DATE
> Task :folio-local-vault:preBuild UP-TO-DATE
> Task :folio-reader:preBuild UP-TO-DATE
> Task :clerk-expo-passkeys:preBuild UP-TO-DATE
> Task :expo-iap:preBuild UP-TO-DATE
> Task :expo-dev-menu-interface:preBuild UP-TO-DATE
> Task :expo-json-utils:preBuild UP-TO-DATE
> Task :expo-dev-menu:preBuild UP-TO-DATE
> Task :expo-updates-interface:preBuild UP-TO-DATE
> Task :expo-eas-client:preBuild UP-TO-DATE
> Task :expo-manifests:preBuild UP-TO-DATE
> Task :expo-speech-recognition:preBuild UP-TO-DATE
> Task :clerk-expo-passkeys:preReleaseBuild UP-TO-DATE
> Task :expo:generatePackagesList UP-TO-DATE
> Task :expo:preBuild UP-TO-DATE
> Task :expo-dev-menu-interface:preReleaseBuild UP-TO-DATE
> Task :expo-eas-client:preReleaseBuild UP-TO-DATE
> Task :react-native-masked-view_masked-view:preBuild UP-TO-DATE
> Task :expo-dev-launcher:preReleaseBuild UP-TO-DATE
> Task :expo-dev-client:preReleaseBuild UP-TO-DATE
> Task :expo:preReleaseBuild UP-TO-DATE
> Task :sentry_react-native:generateCodegenSchemaFromJavaScript UP-TO-DATE
> Task :clerk-expo-passkeys:mergeReleaseJniLibFolders UP-TO-DATE
> Task :expo-iap:preReleaseBuild UP-TO-DATE
> Task :expo:mergeReleaseJniLibFolders UP-TO-DATE
> Task :app:generateAutolinkingNewArchitectureFiles UP-TO-DATE
> Task :expo-dev-launcher:mergeReleaseJniLibFolders UP-TO-DATE
> Task :expo-dev-menu:preReleaseBuild UP-TO-DATE
> Task :react-native-gesture-handler:generateCodegenSchemaFromJavaScript UP-TO-DATE
> Task :expo-json-utils:preReleaseBuild UP-TO-DATE
> Task :op-engineering_op-sqlite:generateCodegenSchemaFromJavaScript UP-TO-DATE
> Task :expo-dev-menu:mergeReleaseJniLibFolders UP-TO-DATE
> Task :expo-dev-menu-interface:mergeReleaseJniLibFolders UP-TO-DATE
> Task :expo-iap:mergeReleaseJniLibFolders UP-TO-DATE
> Task :expo-eas-client:mergeReleaseJniLibFolders UP-TO-DATE
> Task :expo-json-utils:mergeReleaseJniLibFolders UP-TO-DATE
> Task :react-native-safe-area-context:generateCodegenSchemaFromJavaScript UP-TO-DATE
> Task :react-native-community_datetimepicker:generateCodegenSchemaFromJavaScript UP-TO-DATE
> Task :expo-iap:mergeReleaseNativeLibs NO-SOURCE
> Task :expo-dev-menu:mergeReleaseNativeLibs NO-SOURCE
> Task :sentry_react-native:generateCodegenArtifactsFromSchema UP-TO-DATE
> Task :expo-dev-client:mergeReleaseJniLibFolders UP-TO-DATE
> Task :sentry_react-native:preBuild UP-TO-DATE
> Task :expo-log-box:preReleaseBuild UP-TO-DATE
> Task :expo-dev-launcher:mergeReleaseNativeLibs NO-SOURCE
> Task :expo-json-utils:mergeReleaseNativeLibs NO-SOURCE
> Task :expo-dev-menu-interface:mergeReleaseNativeLibs NO-SOURCE
> Task :expo-dev-menu:copyReleaseJniLibsProjectOnly UP-TO-DATE
> Task :expo-iap:copyReleaseJniLibsProjectOnly UP-TO-DATE
> Task :expo:mergeReleaseNativeLibs NO-SOURCE
> Task :clerk-expo-passkeys:mergeReleaseNativeLibs NO-SOURCE
> Task :expo-manifests:preReleaseBuild UP-TO-DATE
> Task :expo-modules-core:preReleaseBuild UP-TO-DATE
> Task :clerk-expo-passkeys:copyReleaseJniLibsProjectOnly UP-TO-DATE
> Task :expo-eas-client:mergeReleaseNativeLibs NO-SOURCE
> Task :expo-log-box:mergeReleaseJniLibFolders UP-TO-DATE
> Task :react-native-svg:generateCodegenSchemaFromJavaScript UP-TO-DATE
> Task :expo-speech-recognition:preReleaseBuild UP-TO-DATE
> Task :expo-manifests:mergeReleaseJniLibFolders UP-TO-DATE
> Task :expo-dev-menu-interface:copyReleaseJniLibsProjectOnly UP-TO-DATE
> Task :expo:copyReleaseJniLibsProjectOnly UP-TO-DATE
> Task :expo-dev-launcher:copyReleaseJniLibsProjectOnly UP-TO-DATE
> Task :expo-structured-headers:preReleaseBuild UP-TO-DATE
> Task :expo-modules-core:mergeReleaseJniLibFolders UP-TO-DATE
> Task :expo-updates:preReleaseBuild UP-TO-DATE
> Task :expo-updates-interface:preReleaseBuild UP-TO-DATE
> Task :expo-log-box:mergeReleaseNativeLibs NO-SOURCE
> Task :expo-manifests:mergeReleaseNativeLibs NO-SOURCE
> Task :expo-json-utils:copyReleaseJniLibsProjectOnly UP-TO-DATE
> Task :folio-local-language:preReleaseBuild UP-TO-DATE
> Task :expo-eas-client:copyReleaseJniLibsProjectOnly UP-TO-DATE
> Task :react-native-screens:generateCodegenSchemaFromJavaScript UP-TO-DATE
> Task :folio-local-vault:preReleaseBuild UP-TO-DATE
> Task :op-engineering_op-sqlite:generateCodegenArtifactsFromSchema UP-TO-DATE
> Task :folio-reader:preReleaseBuild UP-TO-DATE
> Task :expo-log-box:copyReleaseJniLibsProjectOnly UP-TO-DATE
> Task :expo-speech-recognition:mergeReleaseJniLibFolders UP-TO-DATE
> Task :react-native-masked-view_masked-view:preReleaseBuild UP-TO-DATE
> Task :expo-manifests:copyReleaseJniLibsProjectOnly UP-TO-DATE
> Task :folio-local-vault:mergeReleaseJniLibFolders UP-TO-DATE
> Task :sentry_react-native:preReleaseBuild UP-TO-DATE
> Task :react-native-masked-view_masked-view:mergeReleaseJniLibFolders UP-TO-DATE
> Task :expo-structured-headers:mergeReleaseJniLibFolders UP-TO-DATE
> Task :sentry_react-native:mergeReleaseJniLibFolders UP-TO-DATE
> Task :folio-local-vault:mergeReleaseNativeLibs NO-SOURCE
> Task :expo-updates-interface:mergeReleaseJniLibFolders UP-TO-DATE
> Task :react-native-gesture-handler:generateCodegenArtifactsFromSchema UP-TO-DATE
> Task :react-native-community_datetimepicker:generateCodegenArtifactsFromSchema UP-TO-DATE
> Task :react-native-svg:generateCodegenArtifactsFromSchema UP-TO-DATE
> Task :react-native-gesture-handler:preBuild UP-TO-DATE
> Task :folio-reader:mergeReleaseJniLibFolders UP-TO-DATE
> Task :folio-local-language:mergeReleaseJniLibFolders UP-TO-DATE
> Task :react-native-community_slider:generateCodegenSchemaFromJavaScript UP-TO-DATE
> Task :react-native-safe-area-context:generateCodegenArtifactsFromSchema UP-TO-DATE
> Task :react-native-community_datetimepicker:preBuild UP-TO-DATE
> Task :react-native-gesture-handler:preReleaseBuild UP-TO-DATE
> Task :expo-dev-client:mergeReleaseNativeLibs NO-SOURCE
> Task :react-native-safe-area-context:preBuild UP-TO-DATE
> Task :app:generateAutolinkingPackageList UP-TO-DATE
> Task :react-native-community_datetimepicker:preReleaseBuild UP-TO-DATE
> Task :folio-local-vault:copyReleaseJniLibsProjectOnly UP-TO-DATE
> Task :react-native-svg:preBuild UP-TO-DATE
> Task :react-native-safe-area-context:preReleaseBuild UP-TO-DATE
> Task :app:generateCodegenSchemaFromJavaScript SKIPPED
> Task :clerk-expo-passkeys:checkKotlinGradlePluginConfigurationErrors SKIPPED
> Task :react-native-svg:preReleaseBuild UP-TO-DATE
> Task :react-native-masked-view_masked-view:mergeReleaseNativeLibs NO-SOURCE
> Task :expo-speech-recognition:mergeReleaseNativeLibs NO-SOURCE
> Task :expo-updates-interface:mergeReleaseNativeLibs NO-SOURCE
> Task :expo-structured-headers:mergeReleaseNativeLibs NO-SOURCE
> Task :react-native-screens:generateCodegenArtifactsFromSchema UP-TO-DATE
> Task :react-native-screens:preBuild UP-TO-DATE
> Task :sentry_react-native:mergeReleaseNativeLibs NO-SOURCE
> Task :react-native-community_datetimepicker:mergeReleaseJniLibFolders UP-TO-DATE
> Task :react-native-safe-area-context:mergeReleaseJniLibFolders UP-TO-DATE
> Task :op-engineering_op-sqlite:prepareHeaders UP-TO-DATE
> Task :react-native-svg:mergeReleaseJniLibFolders UP-TO-DATE
> Task :react-native-gesture-handler:mergeReleaseJniLibFolders UP-TO-DATE
> Task :folio-local-language:mergeReleaseNativeLibs NO-SOURCE
> Task :react-native-masked-view_masked-view:copyReleaseJniLibsProjectOnly UP-TO-DATE
> Task :folio-reader:mergeReleaseNativeLibs NO-SOURCE
> Task :app:generateCodegenArtifactsFromSchema SKIPPED
> Task :expo-structured-headers:copyReleaseJniLibsProjectOnly UP-TO-DATE
> Task :expo-dev-client:copyReleaseJniLibsProjectOnly UP-TO-DATE
> Task :sentry_react-native:copyReleaseJniLibsProjectOnly UP-TO-DATE
> Task :expo-modules-core:checkKotlinGradlePluginConfigurationErrors SKIPPED
> Task :expo:checkKotlinGradlePluginConfigurationErrors SKIPPED
> Task :folio-reader:copyReleaseJniLibsProjectOnly UP-TO-DATE
> Task :react-native-gesture-handler:checkKotlinGradlePluginConfigurationErrors SKIPPED
> Task :react-native-screens:preReleaseBuild UP-TO-DATE
> Task :op-engineering_op-sqlite:preBuild UP-TO-DATE
> Task :react-native-android-widget:generateCodegenSchemaFromJavaScript UP-TO-DATE
> Task :expo-dev-launcher:checkKotlinGradlePluginConfigurationErrors SKIPPED
> Task :react-native-community_datetimepicker:mergeReleaseNativeLibs NO-SOURCE
> Task :react-native-svg:mergeReleaseNativeLibs NO-SOURCE
> Task :op-engineering_op-sqlite:preReleaseBuild UP-TO-DATE
> Task :expo-dev-menu:checkKotlinGradlePluginConfigurationErrors SKIPPED
> Task :react-native-safe-area-context:mergeReleaseNativeLibs NO-SOURCE
> Task :folio-local-language:copyReleaseJniLibsProjectOnly UP-TO-DATE
> Task :clerk-expo-passkeys:generateReleaseBuildConfig UP-TO-DATE
> Task :expo:generateReleaseBuildConfig UP-TO-DATE
> Task :react-native-gesture-handler:generateReleaseBuildConfig UP-TO-DATE
> Task :expo-speech-recognition:copyReleaseJniLibsProjectOnly UP-TO-DATE
> Task :app:generateReactNativeEntryPoint UP-TO-DATE
> Task :expo-updates-interface:copyReleaseJniLibsProjectOnly UP-TO-DATE
> Task :expo-modules-core:generateReleaseBuildConfig UP-TO-DATE
> Task :expo-dev-menu:generateReleaseBuildConfig UP-TO-DATE
> Task :expo-eas-client:checkKotlinGradlePluginConfigurationErrors SKIPPED
> Task :react-native-community_datetimepicker:copyReleaseJniLibsProjectOnly UP-TO-DATE
> Task :react-native-community_datetimepicker:checkKotlinGradlePluginConfigurationErrors SKIPPED
> Task :expo-dev-client:checkKotlinGradlePluginConfigurationErrors SKIPPED
> Task :expo-dev-menu-interface:checkKotlinGradlePluginConfigurationErrors SKIPPED
> Task :react-native-svg:copyReleaseJniLibsProjectOnly UP-TO-DATE
> Task :expo-dev-menu:generateReleaseResValues UP-TO-DATE
> Task :expo-iap:checkKotlinGradlePluginConfigurationErrors SKIPPED
> Task :expo-json-utils:checkKotlinGradlePluginConfigurationErrors SKIPPED
> Task :expo-eas-client:generateReleaseBuildConfig UP-TO-DATE
> Task :expo:generateReleaseResValues UP-TO-DATE
> Task :react-native-community_datetimepicker:generateReleaseBuildConfig UP-TO-DATE
> Task :react-native-gesture-handler:generateReleaseResValues UP-TO-DATE
> Task :expo-dev-menu:generateReleaseResources UP-TO-DATE
> Task :expo-dev-menu-interface:generateReleaseBuildConfig UP-TO-DATE
> Task :clerk-expo-passkeys:generateReleaseResValues UP-TO-DATE
> Task :expo-modules-core:generateReleaseResValues UP-TO-DATE
> Task :expo-iap:generateReleaseBuildConfig UP-TO-DATE
> Task :expo-eas-client:generateReleaseResValues UP-TO-DATE
> Task :react-native-svg:generateReleaseBuildConfig UP-TO-DATE
> Task :react-native-community_datetimepicker:generateReleaseResValues UP-TO-DATE
> Task :expo-dev-menu-interface:generateReleaseResValues UP-TO-DATE
> Task :expo-json-utils:generateReleaseBuildConfig UP-TO-DATE
> Task :expo-modules-core:generateReleaseResources UP-TO-DATE
> Task :expo-dev-menu-interface:generateReleaseResources UP-TO-DATE
> Task :react-native-community_datetimepicker:generateReleaseResources UP-TO-DATE
> Task :clerk-expo-passkeys:generateReleaseResources UP-TO-DATE
> Task :expo-iap:generateReleaseResValues UP-TO-DATE
> Task :react-native-gesture-handler:generateReleaseResources UP-TO-DATE
> Task :expo:generateReleaseResources UP-TO-DATE
> Task :expo-json-utils:generateReleaseResValues UP-TO-DATE
> Task :react-native-safe-area-context:copyReleaseJniLibsProjectOnly UP-TO-DATE
> Task :react-native-svg:generateReleaseResValues UP-TO-DATE
> Task :expo-eas-client:generateReleaseResources UP-TO-DATE
> Task :expo-json-utils:generateReleaseResources UP-TO-DATE
> Task :react-native-svg:generateReleaseResources UP-TO-DATE
> Task :expo-json-utils:javaPreCompileRelease UP-TO-DATE
> Task :expo-iap:generateReleaseResources UP-TO-DATE
> Task :react-native-gesture-handler:packageReleaseResources UP-TO-DATE
> Task :clerk-expo-passkeys:packageReleaseResources UP-TO-DATE
> Task :expo-dev-menu:packageReleaseResources UP-TO-DATE
> Task :expo:packageReleaseResources UP-TO-DATE
> Task :expo-dev-menu-interface:packageReleaseResources UP-TO-DATE
> Task :expo-modules-core:packageReleaseResources UP-TO-DATE
> Task :react-native-community_datetimepicker:packageReleaseResources UP-TO-DATE
> Task :react-native-safe-area-context:checkKotlinGradlePluginConfigurationErrors SKIPPED
> Task :react-native-safe-area-context:generateReleaseBuildConfig UP-TO-DATE
> Task :react-native-community_slider:generateCodegenArtifactsFromSchema UP-TO-DATE
> Task :expo-eas-client:packageReleaseResources UP-TO-DATE
> Task :expo-iap:packageReleaseResources UP-TO-DATE
> Task :react-native-community_slider:preBuild UP-TO-DATE
> Task :react-native-community_slider:preReleaseBuild UP-TO-DATE
> Task :expo-json-utils:packageReleaseResources UP-TO-DATE
> Task :react-native-android-widget:generateCodegenArtifactsFromSchema UP-TO-DATE
> Task :react-native-svg:packageReleaseResources UP-TO-DATE
> Task :react-native-community_slider:mergeReleaseJniLibFolders UP-TO-DATE
> Task :react-native-android-widget:preBuild UP-TO-DATE
> Task :react-native-safe-area-context:generateReleaseResValues UP-TO-DATE
> Task :react-native-android-widget:preReleaseBuild UP-TO-DATE
> Task :expo-iap:parseReleaseLocalResources UP-TO-DATE
> Task :react-native-safe-area-context:generateReleaseResources UP-TO-DATE
> Task :react-native-android-widget:mergeReleaseJniLibFolders UP-TO-DATE
> Task :react-native-android-widget:mergeReleaseNativeLibs NO-SOURCE
> Task :expo-iap:generateReleaseRFile UP-TO-DATE
> Task :react-native-community_slider:mergeReleaseNativeLibs NO-SOURCE
> Task :expo-iap:javaPreCompileRelease UP-TO-DATE
> Task :react-native-android-widget:copyReleaseJniLibsProjectOnly UP-TO-DATE
> Task :react-native-community_slider:copyReleaseJniLibsProjectOnly UP-TO-DATE
> Task :expo-manifests:checkKotlinGradlePluginConfigurationErrors SKIPPED
> Task :expo-speech-recognition:checkKotlinGradlePluginConfigurationErrors SKIPPED
> Task :react-native-safe-area-context:packageReleaseResources UP-TO-DATE
> Task :expo-speech-recognition:generateReleaseBuildConfig UP-TO-DATE
> Task :expo-log-box:checkKotlinGradlePluginConfigurationErrors SKIPPED
> Task :expo-speech-recognition:generateReleaseResValues UP-TO-DATE
> Task :expo-log-box:generateReleaseBuildConfig UP-TO-DATE
> Task :expo-log-box:generateReleaseResValues UP-TO-DATE
> Task :expo-manifests:generateReleaseBuildConfig UP-TO-DATE
> Task :expo-log-box:generateReleaseResources UP-TO-DATE
> Task :expo-manifests:generateReleaseResValues UP-TO-DATE
> Task :expo-log-box:packageReleaseResources UP-TO-DATE
> Task :expo-log-box:parseReleaseLocalResources UP-TO-DATE
> Task :expo-manifests:generateReleaseResources UP-TO-DATE
> Task :expo-manifests:packageReleaseResources UP-TO-DATE
> Task :expo-manifests:parseReleaseLocalResources UP-TO-DATE
> Task :react-native-safe-area-context:parseReleaseLocalResources UP-TO-DATE
> Task :expo-speech-recognition:generateReleaseResources UP-TO-DATE
> Task :react-native-safe-area-context:generateReleaseRFile UP-TO-DATE
> Task :expo-speech-recognition:packageReleaseResources UP-TO-DATE
> Task :expo-speech-recognition:parseReleaseLocalResources UP-TO-DATE
> Task :expo-speech-recognition:generateReleaseRFile UP-TO-DATE
> Task :expo-speech-recognition:javaPreCompileRelease UP-TO-DATE
> Task :expo-structured-headers:checkKotlinGradlePluginConfigurationErrors SKIPPED
> Task :expo-structured-headers:generateReleaseBuildConfig UP-TO-DATE
> Task :react-native-reanimated:assertMinimalReactNativeVersionTask
> Task :react-native-reanimated:assertNewArchitectureEnabledTask SKIPPED
> Task :expo-structured-headers:generateReleaseResValues UP-TO-DATE
> Task :expo-structured-headers:generateReleaseResources UP-TO-DATE
> Task :expo-structured-headers:packageReleaseResources UP-TO-DATE
> Task :expo-structured-headers:parseReleaseLocalResources UP-TO-DATE
> Task :react-native-worklets:assertMinimalReactNativeVersionTask
> Task :react-native-worklets:assertNewArchitectureEnabledTask SKIPPED
> Task :react-native-community_datetimepicker:parseReleaseLocalResources UP-TO-DATE
> Task :expo:parseReleaseLocalResources UP-TO-DATE
> Task :react-native-community_datetimepicker:generateReleaseRFile UP-TO-DATE
> Task :expo:generateReleaseRFile UP-TO-DATE
> Task :expo-updates-interface:checkKotlinGradlePluginConfigurationErrors SKIPPED
> Task :expo-updates-interface:generateReleaseBuildConfig UP-TO-DATE
> Task :expo-structured-headers:generateReleaseRFile UP-TO-DATE
> Task :expo-updates-interface:generateReleaseResValues UP-TO-DATE
> Task :expo-structured-headers:javaPreCompileRelease UP-TO-DATE
> Task :folio-local-language:checkKotlinGradlePluginConfigurationErrors SKIPPED
> Task :expo-updates-interface:generateReleaseResources UP-TO-DATE
> Task :folio-local-language:generateReleaseBuildConfig UP-TO-DATE
> Task :folio-local-language:generateReleaseResValues UP-TO-DATE
> Task :react-native-worklets:generateCodegenSchemaFromJavaScript UP-TO-DATE
> Task :expo-updates-interface:packageReleaseResources UP-TO-DATE
> Task :expo-updates-interface:parseReleaseLocalResources UP-TO-DATE
> Task :expo-dev-menu-interface:parseReleaseLocalResources UP-TO-DATE
> Task :expo-json-utils:parseReleaseLocalResources UP-TO-DATE
> Task :expo-dev-menu-interface:generateReleaseRFile UP-TO-DATE
> Task :expo-dev-menu-interface:javaPreCompileRelease UP-TO-DATE
> Task :folio-local-vault:checkKotlinGradlePluginConfigurationErrors SKIPPED
> Task :expo-updates-interface:generateReleaseRFile UP-TO-DATE
> Task :folio-local-vault:generateReleaseBuildConfig UP-TO-DATE
> Task :folio-local-vault:generateReleaseResValues UP-TO-DATE
> Task :expo-updates-interface:javaPreCompileRelease UP-TO-DATE
> Task :folio-reader:checkKotlinGradlePluginConfigurationErrors SKIPPED
> Task :folio-local-vault:generateReleaseResources UP-TO-DATE
> Task :folio-reader:generateReleaseBuildConfig UP-TO-DATE
> Task :folio-local-vault:packageReleaseResources UP-TO-DATE
> Task :folio-reader:generateReleaseResValues UP-TO-DATE
> Task :folio-local-vault:parseReleaseLocalResources UP-TO-DATE
> Task :folio-reader:generateReleaseResources UP-TO-DATE
> Task :folio-local-language:generateReleaseResources UP-TO-DATE
> Task :expo-manifests:generateReleaseRFile UP-TO-DATE
> Task :folio-local-vault:generateReleaseRFile UP-TO-DATE
> Task :folio-local-vault:javaPreCompileRelease UP-TO-DATE
> Task :expo-manifests:javaPreCompileRelease UP-TO-DATE
> Task :react-native-worklets:generateCodegenArtifactsFromSchema UP-TO-DATE
> Task :expo:javaPreCompileRelease UP-TO-DATE
> Task :folio-reader:packageReleaseResources UP-TO-DATE
> Task :react-native-masked-view_masked-view:generateReleaseBuildConfig UP-TO-DATE
> Task :expo-json-utils:generateReleaseRFile UP-TO-DATE
> Task :react-native-masked-view_masked-view:generateReleaseResValues UP-TO-DATE
> Task :react-native-community_slider:generateReleaseBuildConfig UP-TO-DATE
> Task :folio-local-language:packageReleaseResources UP-TO-DATE
> Task :folio-reader:parseReleaseLocalResources UP-TO-DATE
> Task :react-native-masked-view_masked-view:generateReleaseResources UP-TO-DATE
> Task :sentry_react-native:generateReleaseBuildConfig UP-TO-DATE
> Task :folio-reader:generateReleaseRFile UP-TO-DATE
> Task :react-native-community_slider:generateReleaseResValues UP-TO-DATE
> Task :folio-reader:javaPreCompileRelease UP-TO-DATE
> Task :react-native-android-widget:generateReleaseBuildConfig UP-TO-DATE
> Task :sentry_react-native:generateReleaseResValues UP-TO-DATE
> Task :react-native-community_slider:generateReleaseResources UP-TO-DATE
> Task :react-native-android-widget:generateReleaseResValues UP-TO-DATE
> Task :folio-local-language:parseReleaseLocalResources UP-TO-DATE
> Task :react-native-android-widget:generateReleaseResources UP-TO-DATE
> Task :react-native-community_slider:packageReleaseResources UP-TO-DATE
> Task :react-native-android-widget:packageReleaseResources UP-TO-DATE
> Task :sentry_react-native:generateReleaseResources UP-TO-DATE
> Task :react-native-android-widget:parseReleaseLocalResources UP-TO-DATE
> Task :react-native-community_slider:parseReleaseLocalResources UP-TO-DATE
> Task :react-native-android-widget:generateReleaseRFile UP-TO-DATE
> Task :react-native-android-widget:javaPreCompileRelease UP-TO-DATE
> Task :react-native-masked-view_masked-view:packageReleaseResources UP-TO-DATE
> Task :react-native-community_slider:generateReleaseRFile UP-TO-DATE
> Task :react-native-masked-view_masked-view:parseReleaseLocalResources UP-TO-DATE
> Task :react-native-community_slider:javaPreCompileRelease UP-TO-DATE
> Task :folio-local-language:generateReleaseRFile UP-TO-DATE
> Task :folio-local-language:javaPreCompileRelease UP-TO-DATE
> Task :react-native-masked-view_masked-view:generateReleaseRFile UP-TO-DATE
> Task :react-native-masked-view_masked-view:javaPreCompileRelease UP-TO-DATE
> Task :sentry_react-native:packageReleaseResources UP-TO-DATE
> Task :sentry_react-native:parseReleaseLocalResources UP-TO-DATE
> Task :react-native-worklets:prepareWorkletsHeadersForPrefabs UP-TO-DATE
> Task :react-native-worklets:preBuild
> Task :react-native-worklets:preReleaseBuild
> Task :expo-eas-client:parseReleaseLocalResources UP-TO-DATE
> Task :sentry_react-native:generateReleaseRFile UP-TO-DATE
> Task :expo-eas-client:generateReleaseRFile UP-TO-DATE
> Task :sentry_react-native:javaPreCompileRelease UP-TO-DATE
> Task :expo-eas-client:javaPreCompileRelease UP-TO-DATE
> Task :expo:writeReleaseAarMetadata UP-TO-DATE
> Task :expo-dev-menu-interface:writeReleaseAarMetadata UP-TO-DATE
> Task :expo-eas-client:writeReleaseAarMetadata UP-TO-DATE
> Task :expo-iap:writeReleaseAarMetadata UP-TO-DATE
> Task :expo-json-utils:writeReleaseAarMetadata UP-TO-DATE
> Task :expo-manifests:writeReleaseAarMetadata UP-TO-DATE
> Task :expo-speech-recognition:writeReleaseAarMetadata UP-TO-DATE
> Task :expo-structured-headers:writeReleaseAarMetadata UP-TO-DATE
> Task :expo-updates-interface:writeReleaseAarMetadata UP-TO-DATE
> Task :folio-local-language:writeReleaseAarMetadata UP-TO-DATE
> Task :folio-local-vault:writeReleaseAarMetadata UP-TO-DATE
> Task :folio-reader:writeReleaseAarMetadata UP-TO-DATE
> Task :expo:extractDeepLinksRelease UP-TO-DATE
> Task :expo:processReleaseManifest UP-TO-DATE
> Task :expo-dev-menu-interface:extractDeepLinksRelease UP-TO-DATE
> Task :react-native-reanimated:assertWorkletsVersionTask
> Task :expo-dev-menu-interface:processReleaseManifest UP-TO-DATE
> Task :react-native-reanimated:generateCodegenSchemaFromJavaScript UP-TO-DATE
> Task :expo-eas-client:extractDeepLinksRelease UP-TO-DATE
> Task :react-native-reanimated:generateCodegenArtifactsFromSchema UP-TO-DATE
> Task :expo-eas-client:processReleaseManifest UP-TO-DATE
> Task :expo-iap:extractDeepLinksRelease UP-TO-DATE
> Task :expo-iap:processReleaseManifest UP-TO-DATE
> Task :expo-json-utils:extractDeepLinksRelease UP-TO-DATE
> Task :expo-json-utils:processReleaseManifest UP-TO-DATE
> Task :expo-manifests:extractDeepLinksRelease UP-TO-DATE
> Task :app:buildKotlinToolingMetadata UP-TO-DATE
> Task :app:checkKotlinGradlePluginConfigurationErrors SKIPPED
> Task :expo-manifests:processReleaseManifest UP-TO-DATE
> Task :react-native-reanimated:prepareReanimatedHeadersForPrefabs UP-TO-DATE
> Task :react-native-reanimated:preBuild
> Task :react-native-reanimated:preReleaseBuild
> Task :react-native-reanimated:mergeReleaseJniLibFolders UP-TO-DATE
> Task :react-native-reanimated:generateReleaseBuildConfig UP-TO-DATE
> Task :react-native-reanimated:generateReleaseResValues UP-TO-DATE
> Task :react-native-reanimated:generateReleaseResources UP-TO-DATE
> Task :react-native-reanimated:packageReleaseResources UP-TO-DATE
> Task :expo-speech-recognition:extractDeepLinksRelease UP-TO-DATE
> Task :react-native-reanimated:parseReleaseLocalResources UP-TO-DATE
> Task :react-native-reanimated:generateReleaseRFile UP-TO-DATE
> Task :react-native-reanimated:javaPreCompileRelease UP-TO-DATE
> Task :react-native-reanimated:writeReleaseAarMetadata UP-TO-DATE
> Task :expo-structured-headers:extractDeepLinksRelease UP-TO-DATE
> Task :expo-structured-headers:processReleaseManifest UP-TO-DATE
> Task :expo-updates-interface:extractDeepLinksRelease UP-TO-DATE
> Task :expo-updates-interface:processReleaseManifest UP-TO-DATE
> Task :folio-local-language:extractDeepLinksRelease UP-TO-DATE
> Task :folio-local-language:processReleaseManifest UP-TO-DATE
> Task :folio-local-vault:extractDeepLinksRelease UP-TO-DATE
> Task :expo-modules-core:parseReleaseLocalResources UP-TO-DATE
> Task :expo-modules-core:generateReleaseRFile UP-TO-DATE
> Task :expo-modules-core:javaPreCompileRelease UP-TO-DATE
> Task :expo-modules-core:writeReleaseAarMetadata UP-TO-DATE
> Task :expo-modules-core:extractDeepLinksRelease UP-TO-DATE
> Task :expo-modules-core:processReleaseManifest UP-TO-DATE
> Task :folio-reader:extractDeepLinksRelease UP-TO-DATE
> Task :folio-reader:processReleaseManifest UP-TO-DATE
> Task :react-native-reanimated:extractDeepLinksRelease UP-TO-DATE
> Task :react-native-reanimated:processReleaseManifest UP-TO-DATE
> Task :expo:prepareReleaseArtProfile UP-TO-DATE
> Task :expo-dev-menu-interface:prepareReleaseArtProfile UP-TO-DATE
> Task :expo-eas-client:prepareReleaseArtProfile UP-TO-DATE
> Task :expo-iap:prepareReleaseArtProfile UP-TO-DATE
> Task :expo-json-utils:prepareReleaseArtProfile UP-TO-DATE
> Task :expo-manifests:prepareReleaseArtProfile UP-TO-DATE
> Task :expo-modules-core:prepareReleaseArtProfile UP-TO-DATE
> Task :expo-structured-headers:prepareReleaseArtProfile UP-TO-DATE
> Task :expo-updates-interface:prepareReleaseArtProfile UP-TO-DATE
> Task :folio-local-language:prepareReleaseArtProfile UP-TO-DATE
> Task :folio-reader:prepareReleaseArtProfile UP-TO-DATE
> Task :react-native-reanimated:prepareReleaseArtProfile UP-TO-DATE
> Task :react-native-reanimated:processReleaseJavaRes NO-SOURCE
> Task :expo:mergeReleaseShaders UP-TO-DATE
> Task :expo:compileReleaseShaders NO-SOURCE
> Task :expo:generateReleaseAssets UP-TO-DATE
> Task :react-native-gesture-handler:parseReleaseLocalResources UP-TO-DATE
> Task :react-native-gesture-handler:generateReleaseRFile UP-TO-DATE
> Task :react-native-gesture-handler:javaPreCompileRelease UP-TO-DATE
> Task :react-native-gesture-handler:writeReleaseAarMetadata UP-TO-DATE
> Task :expo:mergeReleaseAssets UP-TO-DATE
> Task :react-native-gesture-handler:extractDeepLinksRelease UP-TO-DATE
> Task :react-native-gesture-handler:processReleaseManifest UP-TO-DATE
> Task :expo-dev-menu-interface:mergeReleaseShaders UP-TO-DATE
> Task :react-native-gesture-handler:prepareReleaseArtProfile UP-TO-DATE
> Task :expo-dev-menu-interface:compileReleaseShaders NO-SOURCE
> Task :expo-dev-menu-interface:generateReleaseAssets UP-TO-DATE
> Task :expo-eas-client:mergeReleaseShaders UP-TO-DATE
> Task :expo-eas-client:compileReleaseShaders NO-SOURCE
> Task :expo-eas-client:generateReleaseAssets UP-TO-DATE
> Task :expo-eas-client:mergeReleaseAssets UP-TO-DATE
> Task :expo-dev-menu-interface:mergeReleaseAssets UP-TO-DATE
> Task :expo-iap:mergeReleaseShaders UP-TO-DATE
> Task :expo-json-utils:mergeReleaseShaders UP-TO-DATE
> Task :expo-iap:compileReleaseShaders NO-SOURCE
> Task :expo-json-utils:compileReleaseShaders NO-SOURCE
> Task :expo-iap:generateReleaseAssets UP-TO-DATE
> Task :expo-json-utils:generateReleaseAssets UP-TO-DATE
> Task :expo-json-utils:mergeReleaseAssets UP-TO-DATE
> Task :expo-iap:mergeReleaseAssets UP-TO-DATE
> Task :expo-manifests:mergeReleaseShaders UP-TO-DATE

> Task :expo-constants:createExpoConfig
🔍 [expo-iap] Config values: horizonAppId=undefined, isHorizonEnabled=false, isOnsideEnabled=false
📦 [expo-iap] Using OpenIAP from CocoaPods
› [@sentry/react-native/expo] Missing config for organization, project. Environment variables will be used as a fallback during the build. https://docs.sentry.io/platforms/react-native/manual-setup/

> Task :expo-manifests:compileReleaseShaders NO-SOURCE
> Task :expo-manifests:generateReleaseAssets UP-TO-DATE
> Task :expo-modules-core:mergeReleaseShaders UP-TO-DATE
> Task :expo-modules-core:compileReleaseShaders NO-SOURCE
> Task :expo-modules-core:generateReleaseAssets UP-TO-DATE
> Task :expo-manifests:mergeReleaseAssets UP-TO-DATE
> Task :expo-modules-core:mergeReleaseAssets UP-TO-DATE
> Task :expo-structured-headers:mergeReleaseShaders UP-TO-DATE
> Task :expo-updates-interface:mergeReleaseShaders UP-TO-DATE
> Task :expo-structured-headers:compileReleaseShaders NO-SOURCE
> Task :expo-updates-interface:compileReleaseShaders NO-SOURCE
> Task :expo-updates-interface:generateReleaseAssets UP-TO-DATE
> Task :expo-updates-interface:mergeReleaseAssets UP-TO-DATE
> Task :folio-local-language:mergeReleaseShaders UP-TO-DATE
> Task :expo-structured-headers:generateReleaseAssets UP-TO-DATE
> Task :expo-structured-headers:mergeReleaseAssets UP-TO-DATE
> Task :folio-local-language:compileReleaseShaders NO-SOURCE
> Task :expo-log-box:generateReleaseRFile UP-TO-DATE
> Task :folio-local-language:generateReleaseAssets UP-TO-DATE
> Task :folio-reader:mergeReleaseShaders UP-TO-DATE
> Task :react-native-svg:parseReleaseLocalResources UP-TO-DATE
> Task :expo-log-box:javaPreCompileRelease UP-TO-DATE
> Task :folio-local-vault:processReleaseManifest UP-TO-DATE
> Task :expo-speech-recognition:processReleaseManifest UP-TO-DATE
> Task :folio-local-language:mergeReleaseAssets UP-TO-DATE
> Task :expo-log-box:writeReleaseAarMetadata UP-TO-DATE
> Task :folio-local-vault:prepareReleaseArtProfile UP-TO-DATE
> Task :folio-reader:compileReleaseShaders NO-SOURCE
> Task :expo-speech-recognition:prepareReleaseArtProfile UP-TO-DATE
> Task :folio-reader:generateReleaseAssets UP-TO-DATE
> Task :expo-log-box:extractDeepLinksRelease UP-TO-DATE
> Task :react-native-svg:generateReleaseRFile UP-TO-DATE
> Task :folio-local-vault:mergeReleaseShaders UP-TO-DATE
> Task :clerk-expo-passkeys:parseReleaseLocalResources UP-TO-DATE
> Task :expo-speech-recognition:mergeReleaseShaders UP-TO-DATE
> Task :react-native-gesture-handler:mergeReleaseShaders UP-TO-DATE
> Task :folio-reader:mergeReleaseAssets UP-TO-DATE
> Task :react-native-svg:javaPreCompileRelease UP-TO-DATE
> Task :react-native-gesture-handler:compileReleaseShaders NO-SOURCE
> Task :react-native-gesture-handler:generateReleaseAssets UP-TO-DATE
> Task :folio-local-vault:compileReleaseShaders NO-SOURCE
> Task :folio-local-vault:generateReleaseAssets UP-TO-DATE
> Task :react-native-reanimated:mergeReleaseShaders UP-TO-DATE
> Task :react-native-reanimated:compileReleaseShaders NO-SOURCE
> Task :react-native-reanimated:generateReleaseAssets UP-TO-DATE
> Task :react-native-gesture-handler:mergeReleaseAssets UP-TO-DATE
> Task :folio-local-vault:mergeReleaseAssets UP-TO-DATE
> Task :expo-speech-recognition:compileReleaseShaders NO-SOURCE
> Task :react-native-reanimated:mergeReleaseAssets UP-TO-DATE
> Task :expo-speech-recognition:generateReleaseAssets UP-TO-DATE
> Task :expo-modules-core:extractProguardFiles UP-TO-DATE
> Task :expo:extractProguardFiles UP-TO-DATE
> Task :expo-speech-recognition:mergeReleaseAssets UP-TO-DATE
> Task :expo-dev-menu-interface:extractProguardFiles UP-TO-DATE
> Task :expo-modules-core:prepareLintJarForPublish UP-TO-DATE
> Task :expo-eas-client:extractProguardFiles UP-TO-DATE
> Task :expo-iap:extractProguardFiles UP-TO-DATE
> Task :expo-json-utils:extractProguardFiles UP-TO-DATE
> Task :clerk-expo-passkeys:generateReleaseRFile UP-TO-DATE
> Task :expo-log-box:processReleaseManifest UP-TO-DATE
> Task :expo-iap:prepareLintJarForPublish UP-TO-DATE
> Task :expo-eas-client:prepareLintJarForPublish UP-TO-DATE
> Task :expo-dev-menu-interface:prepareLintJarForPublish UP-TO-DATE
> Task :expo-json-utils:prepareLintJarForPublish UP-TO-DATE
> Task :clerk-expo-passkeys:javaPreCompileRelease UP-TO-DATE
> Task :expo-log-box:prepareReleaseArtProfile UP-TO-DATE
> Task :expo-manifests:extractProguardFiles UP-TO-DATE
> Task :expo-structured-headers:extractProguardFiles UP-TO-DATE
> Task :expo-speech-recognition:extractProguardFiles UP-TO-DATE
> Task :clerk-expo-passkeys:writeReleaseAarMetadata UP-TO-DATE
> Task :expo-manifests:prepareLintJarForPublish UP-TO-DATE
> Task :expo-log-box:mergeReleaseShaders UP-TO-DATE
> Task :expo-structured-headers:prepareLintJarForPublish UP-TO-DATE
> Task :expo-updates-interface:extractProguardFiles UP-TO-DATE
> Task :expo-log-box:compileReleaseShaders NO-SOURCE
> Task :expo-log-box:generateReleaseAssets UP-TO-DATE
> Task :expo-speech-recognition:prepareLintJarForPublish UP-TO-DATE
> Task :folio-local-language:extractProguardFiles UP-TO-DATE
> Task :clerk-expo-passkeys:extractDeepLinksRelease UP-TO-DATE
> Task :folio-local-vault:extractProguardFiles UP-TO-DATE
> Task :folio-local-vault:prepareLintJarForPublish UP-TO-DATE
> Task :folio-reader:extractProguardFiles UP-TO-DATE
> Task :expo-dev-menu:parseReleaseLocalResources UP-TO-DATE
> Task :expo-log-box:mergeReleaseAssets UP-TO-DATE
> Task :folio-local-language:prepareLintJarForPublish UP-TO-DATE
> Task :folio-reader:prepareLintJarForPublish UP-TO-DATE
> Task :expo-log-box:extractProguardFiles UP-TO-DATE
> Task :react-native-gesture-handler:extractProguardFiles UP-TO-DATE
> Task :expo-updates-interface:prepareLintJarForPublish UP-TO-DATE
> Task :react-native-reanimated:extractProguardFiles UP-TO-DATE
> Task :clerk-expo-passkeys:processReleaseManifest UP-TO-DATE
> Task :expo:prepareLintJarForPublish UP-TO-DATE
> Task :expo-log-box:prepareLintJarForPublish UP-TO-DATE
> Task :react-native-gesture-handler:prepareLintJarForPublish UP-TO-DATE
> Task :react-native-reanimated:prepareLintJarForPublish UP-TO-DATE
> Task :expo:stripReleaseDebugSymbols NO-SOURCE
> Task :react-native-gesture-handler:extractDeepLinksForAarRelease UP-TO-DATE
> Task :clerk-expo-passkeys:prepareReleaseArtProfile UP-TO-DATE
> Task :react-native-masked-view_masked-view:compileReleaseJavaWithJavac UP-TO-DATE
> Task :expo-iap:stripReleaseDebugSymbols NO-SOURCE
> Task :expo-log-box:stripReleaseDebugSymbols NO-SOURCE
> Task :expo-dev-menu:generateReleaseRFile UP-TO-DATE
> Task :expo:copyReleaseJniLibsProjectAndLocalJars UP-TO-DATE

> Task :op-engineering_op-sqlite:configureCMakeRelWithDebInfo[arm64-v8a]
[CXX5304] This version only understands SDK XML versions up to 3 but an SDK XML file of version 4 was encountered. This can happen if you use versions of Android Studio and the command-line tools that were released at different times.
[CXX5304] This version only understands SDK XML versions up to 3 but an SDK XML file of version 4 was encountered. This can happen if you use versions of Android Studio and the command-line tools that were released at different times.

> Task :expo-iap:copyReleaseJniLibsProjectAndLocalJars UP-TO-DATE
> Task :expo-log-box:copyReleaseJniLibsProjectAndLocalJars UP-TO-DATE
> Task :clerk-expo-passkeys:mergeReleaseShaders UP-TO-DATE
> Task :react-native-masked-view_masked-view:mergeReleaseGeneratedProguardFiles UP-TO-DATE
> Task :expo-modules-core:extractDeepLinksForAarRelease UP-TO-DATE
> Task :react-native-reanimated:extractDeepLinksForAarRelease UP-TO-DATE
> Task :expo-dev-menu-interface:stripReleaseDebugSymbols NO-SOURCE
> Task :expo-iap:extractDeepLinksForAarRelease UP-TO-DATE
> Task :expo:extractDeepLinksForAarRelease UP-TO-DATE
> Task :expo-log-box:extractDeepLinksForAarRelease UP-TO-DATE
> Task :clerk-expo-passkeys:compileReleaseShaders NO-SOURCE
> Task :expo-dev-menu:javaPreCompileRelease UP-TO-DATE
> Task :react-native-reanimated:mergeReleaseJavaResource UP-TO-DATE
> Task :clerk-expo-passkeys:generateReleaseAssets UP-TO-DATE
> Task :expo-eas-client:stripReleaseDebugSymbols NO-SOURCE
> Task :expo-dev-menu-interface:copyReleaseJniLibsProjectAndLocalJars UP-TO-DATE
> Task :expo-manifests:stripReleaseDebugSymbols NO-SOURCE
> Task :expo-dev-menu:writeReleaseAarMetadata UP-TO-DATE
> Task :expo-json-utils:stripReleaseDebugSymbols NO-SOURCE
> Task :expo-dev-menu-interface:extractDeepLinksForAarRelease UP-TO-DATE
> Task :expo-dev-menu:extractDeepLinksRelease UP-TO-DATE
> Task :expo-speech-recognition:stripReleaseDebugSymbols NO-SOURCE
> Task :expo-manifests:copyReleaseJniLibsProjectAndLocalJars UP-TO-DATE
> Task :clerk-expo-passkeys:mergeReleaseAssets UP-TO-DATE
> Task :expo-structured-headers:stripReleaseDebugSymbols NO-SOURCE
> Task :expo-speech-recognition:copyReleaseJniLibsProjectAndLocalJars UP-TO-DATE
> Task :expo-manifests:extractDeepLinksForAarRelease UP-TO-DATE
> Task :expo-updates-interface:stripReleaseDebugSymbols NO-SOURCE
> Task :clerk-expo-passkeys:extractProguardFiles UP-TO-DATE
> Task :expo-structured-headers:copyReleaseJniLibsProjectAndLocalJars UP-TO-DATE
> Task :expo-speech-recognition:extractDeepLinksForAarRelease UP-TO-DATE
> Task :clerk-expo-passkeys:prepareLintJarForPublish UP-TO-DATE
> Task :folio-local-language:stripReleaseDebugSymbols NO-SOURCE
> Task :expo-structured-headers:extractDeepLinksForAarRelease UP-TO-DATE
> Task :expo-updates-interface:copyReleaseJniLibsProjectAndLocalJars UP-TO-DATE
> Task :expo-dev-menu:processReleaseManifest UP-TO-DATE
> Task :clerk-expo-passkeys:stripReleaseDebugSymbols NO-SOURCE
> Task :folio-local-vault:stripReleaseDebugSymbols NO-SOURCE
> Task :folio-local-language:copyReleaseJniLibsProjectAndLocalJars UP-TO-DATE
> Task :clerk-expo-passkeys:copyReleaseJniLibsProjectAndLocalJars UP-TO-DATE
> Task :expo-dev-menu:prepareReleaseArtProfile UP-TO-DATE
> Task :expo-updates-interface:extractDeepLinksForAarRelease UP-TO-DATE
> Task :folio-local-language:extractDeepLinksForAarRelease UP-TO-DATE
> Task :clerk-expo-passkeys:extractDeepLinksForAarRelease UP-TO-DATE
> Task :folio-local-vault:copyReleaseJniLibsProjectAndLocalJars UP-TO-DATE
> Task :folio-reader:stripReleaseDebugSymbols NO-SOURCE
> Task :expo-modules-core:writeReleaseLintModelMetadata UP-TO-DATE
> Task :clerk-expo-passkeys:writeReleaseLintModelMetadata UP-TO-DATE
> Task :expo-dev-menu:mergeReleaseShaders UP-TO-DATE
> Task :folio-reader:copyReleaseJniLibsProjectAndLocalJars UP-TO-DATE
> Task :expo-dev-menu-interface:writeReleaseLintModelMetadata UP-TO-DATE
> Task :react-native-svg:compileReleaseJavaWithJavac UP-TO-DATE
> Task :expo-iap:writeReleaseLintModelMetadata UP-TO-DATE
> Task :expo-log-box:writeReleaseLintModelMetadata UP-TO-DATE
> Task :folio-reader:extractDeepLinksForAarRelease UP-TO-DATE
> Task :expo-dev-menu:compileReleaseShaders NO-SOURCE
> Task :expo-dev-menu:generateReleaseAssets UP-TO-DATE
> Task :expo-manifests:writeReleaseLintModelMetadata UP-TO-DATE
> Task :expo-speech-recognition:writeReleaseLintModelMetadata UP-TO-DATE
> Task :expo-updates-interface:writeReleaseLintModelMetadata UP-TO-DATE
> Task :expo-structured-headers:writeReleaseLintModelMetadata UP-TO-DATE
> Task :expo-dev-menu:mergeReleaseAssets UP-TO-DATE
> Task :react-native-svg:bundleLibCompileToJarRelease UP-TO-DATE
> Task :react-native-masked-view_masked-view:exportReleaseConsumerProguardFiles UP-TO-DATE
> Task :expo-json-utils:copyReleaseJniLibsProjectAndLocalJars UP-TO-DATE
> Task :folio-local-vault:extractDeepLinksForAarRelease UP-TO-DATE
> Task :folio-local-language:writeReleaseLintModelMetadata UP-TO-DATE
> Task :expo-eas-client:copyReleaseJniLibsProjectAndLocalJars UP-TO-DATE
> Task :folio-reader:writeReleaseLintModelMetadata UP-TO-DATE
> Task :react-native-svg:mergeReleaseGeneratedProguardFiles UP-TO-DATE
> Task :react-native-android-widget:compileReleaseJavaWithJavac UP-TO-DATE
> Task :react-native-android-widget:mergeReleaseGeneratedProguardFiles UP-TO-DATE
> Task :react-native-android-widget:exportReleaseConsumerProguardFiles UP-TO-DATE
> Task :expo-eas-client:extractDeepLinksForAarRelease UP-TO-DATE
> Task :expo:writeReleaseLintModelMetadata UP-TO-DATE
> Task :react-native-svg:exportReleaseConsumerProguardFiles UP-TO-DATE
> Task :folio-local-vault:writeReleaseLintModelMetadata UP-TO-DATE
> Task :expo-eas-client:writeReleaseLintModelMetadata UP-TO-DATE
> Task :react-native-reanimated:writeReleaseLintModelMetadata UP-TO-DATE
> Task :react-native-gesture-handler:writeReleaseLintModelMetadata UP-TO-DATE
> Task :react-native-svg:writeReleaseAarMetadata UP-TO-DATE
> Task :react-native-masked-view_masked-view:writeReleaseAarMetadata UP-TO-DATE
> Task :expo-dev-menu:extractProguardFiles UP-TO-DATE
> Task :expo-json-utils:extractDeepLinksForAarRelease UP-TO-DATE
> Task :react-native-android-widget:writeReleaseAarMetadata UP-TO-DATE
> Task :expo-dev-menu:prepareLintJarForPublish UP-TO-DATE
> Task :react-native-masked-view_masked-view:extractDeepLinksRelease UP-TO-DATE
> Task :react-native-svg:extractDeepLinksRelease UP-TO-DATE
> Task :expo-json-utils:writeReleaseLintModelMetadata UP-TO-DATE
> Task :expo-dev-menu:stripReleaseDebugSymbols NO-SOURCE
> Task :expo-dev-client:dataBindingMergeDependencyArtifactsRelease UP-TO-DATE
> Task :expo-dev-menu:copyReleaseJniLibsProjectAndLocalJars UP-TO-DATE
> Task :react-native-svg:processReleaseManifest UP-TO-DATE
> Task :react-native-masked-view_masked-view:processReleaseManifest UP-TO-DATE
> Task :react-native-android-widget:extractDeepLinksRelease UP-TO-DATE
> Task :expo-dev-client:generateReleaseResValues UP-TO-DATE
> Task :react-native-masked-view_masked-view:bundleLibCompileToJarRelease UP-TO-DATE
> Task :sentry_react-native:compileReleaseJavaWithJavac UP-TO-DATE
> Task :expo-dev-client:generateReleaseResources UP-TO-DATE
> Task :expo-dev-menu:extractDeepLinksForAarRelease UP-TO-DATE
> Task :react-native-masked-view_masked-view:prepareReleaseArtProfile UP-TO-DATE
> Task :react-native-android-widget:processReleaseManifest UP-TO-DATE
> Task :react-native-masked-view_masked-view:bundleLibRuntimeToJarRelease UP-TO-DATE
> Task :expo-dev-menu:writeReleaseLintModelMetadata UP-TO-DATE
> Task :react-native-svg:prepareReleaseArtProfile UP-TO-DATE
> Task :sentry_react-native:mergeReleaseGeneratedProguardFiles UP-TO-DATE
> Task :react-native-android-widget:bundleLibCompileToJarRelease UP-TO-DATE
> Task :react-native-svg:bundleLibRuntimeToJarRelease UP-TO-DATE
> Task :sentry_react-native:exportReleaseConsumerProguardFiles UP-TO-DATE
> Task :expo-dev-client:packageReleaseResources UP-TO-DATE
> Task :react-native-android-widget:prepareReleaseArtProfile UP-TO-DATE
> Task :react-native-svg:processReleaseJavaRes NO-SOURCE
> Task :react-native-masked-view_masked-view:processReleaseJavaRes NO-SOURCE
> Task :react-native-community_slider:compileReleaseJavaWithJavac UP-TO-DATE
> Task :expo-dev-client:parseReleaseLocalResources UP-TO-DATE
> Task :react-native-svg:mergeReleaseShaders UP-TO-DATE
> Task :react-native-community_slider:mergeReleaseGeneratedProguardFiles UP-TO-DATE
> Task :react-native-android-widget:bundleLibRuntimeToJarRelease UP-TO-DATE
> Task :react-native-community_slider:exportReleaseConsumerProguardFiles UP-TO-DATE
> Task :react-native-android-widget:processReleaseJavaRes NO-SOURCE
> Task :react-native-community_slider:writeReleaseAarMetadata UP-TO-DATE
> Task :react-native-android-widget:mergeReleaseShaders UP-TO-DATE
> Task :react-native-android-widget:compileReleaseShaders NO-SOURCE
> Task :react-native-android-widget:generateReleaseAssets UP-TO-DATE
> Task :react-native-android-widget:mergeReleaseAssets UP-TO-DATE
> Task :react-native-community_slider:extractDeepLinksRelease UP-TO-DATE
> Task :react-native-svg:compileReleaseShaders NO-SOURCE
> Task :react-native-svg:generateReleaseAssets UP-TO-DATE
> Task :react-native-android-widget:createFullJarRelease UP-TO-DATE
> Task :react-native-masked-view_masked-view:mergeReleaseShaders UP-TO-DATE
> Task :react-native-android-widget:extractProguardFiles UP-TO-DATE
> Task :react-native-masked-view_masked-view:compileReleaseShaders NO-SOURCE
> Task :react-native-masked-view_masked-view:generateReleaseAssets UP-TO-DATE
> Task :sentry_react-native:writeReleaseAarMetadata UP-TO-DATE
> Task :react-native-svg:mergeReleaseAssets UP-TO-DATE
> Task :react-native-masked-view_masked-view:mergeReleaseAssets UP-TO-DATE
> Task :react-native-svg:createFullJarRelease UP-TO-DATE
> Task :react-native-community_slider:processReleaseManifest UP-TO-DATE
> Task :react-native-svg:extractProguardFiles UP-TO-DATE
> Task :react-native-community_slider:bundleLibCompileToJarRelease UP-TO-DATE
> Task :sentry_react-native:extractDeepLinksRelease UP-TO-DATE
> Task :react-native-community_slider:prepareReleaseArtProfile UP-TO-DATE
> Task :react-native-masked-view_masked-view:createFullJarRelease UP-TO-DATE
> Task :react-native-masked-view_masked-view:extractProguardFiles UP-TO-DATE
> Task :sentry_react-native:processReleaseManifest UP-TO-DATE
> Task :react-native-community_slider:bundleLibRuntimeToJarRelease UP-TO-DATE
> Task :react-native-community_slider:processReleaseJavaRes NO-SOURCE
> Task :react-native-community_slider:mergeReleaseShaders UP-TO-DATE
> Task :react-native-community_slider:compileReleaseShaders NO-SOURCE
> Task :sentry_react-native:bundleLibCompileToJarRelease UP-TO-DATE
> Task :sentry_react-native:prepareReleaseArtProfile UP-TO-DATE
> Task :sentry_react-native:bundleLibRuntimeToJarRelease UP-TO-DATE
> Task :react-native-community_slider:generateReleaseAssets UP-TO-DATE
> Task :sentry_react-native:processReleaseJavaRes NO-SOURCE
> Task :react-native-community_slider:mergeReleaseAssets UP-TO-DATE
> Task :react-native-community_slider:createFullJarRelease UP-TO-DATE
> Task :sentry_react-native:mergeReleaseShaders UP-TO-DATE
> Task :sentry_react-native:compileReleaseShaders NO-SOURCE
> Task :sentry_react-native:generateReleaseAssets UP-TO-DATE
> Task :react-native-community_slider:extractProguardFiles UP-TO-DATE
> Task :sentry_react-native:mergeReleaseAssets UP-TO-DATE
> Task :sentry_react-native:createFullJarRelease UP-TO-DATE
> Task :sentry_react-native:extractProguardFiles UP-TO-DATE
> Task :expo-constants:preBuild
> Task :expo-constants:preReleaseBuild
> Task :expo-constants:mergeReleaseJniLibFolders UP-TO-DATE
> Task :expo-constants:mergeReleaseNativeLibs NO-SOURCE
> Task :expo-constants:copyReleaseJniLibsProjectOnly UP-TO-DATE
> Task :expo-constants:checkKotlinGradlePluginConfigurationErrors SKIPPED
> Task :expo-constants:generateReleaseBuildConfig UP-TO-DATE
> Task :expo-constants:generateReleaseResValues UP-TO-DATE
> Task :expo-constants:generateReleaseResources UP-TO-DATE
> Task :expo-updates:configureCMakeRelWithDebInfo[arm64-v8a]
> Task :react-native-worklets:configureCMakeRelWithDebInfo[arm64-v8a]
> Task :expo-constants:packageReleaseResources UP-TO-DATE
> Task :expo-dev-launcher:dataBindingMergeDependencyArtifactsRelease UP-TO-DATE
> Task :expo-dev-launcher:generateReleaseResValues UP-TO-DATE
> Task :expo-constants:parseReleaseLocalResources UP-TO-DATE
> Task :op-engineering_op-sqlite:configureCMakeRelWithDebInfo[x86_64]
> Task :op-engineering_op-sqlite:generateJsonModelRelease
> Task :expo-constants:generateReleaseRFile UP-TO-DATE
> Task :expo-constants:javaPreCompileRelease UP-TO-DATE
> Task :expo-constants:writeReleaseAarMetadata UP-TO-DATE
> Task :expo-constants:extractDeepLinksRelease UP-TO-DATE
> Task :op-engineering_op-sqlite:prefabReleaseConfigurePackage UP-TO-DATE
> Task :expo-constants:processReleaseManifest UP-TO-DATE
> Task :expo-dev-client:dataBindingGenBaseClassesRelease UP-TO-DATE
> Task :expo-constants:prepareReleaseArtProfile UP-TO-DATE
> Task :expo-dev-client:generateReleaseBuildConfig UP-TO-DATE
> Task :expo-dev-launcher:generateReleaseResources UP-TO-DATE
> Task :expo-dev-client:generateReleaseRFile UP-TO-DATE
> Task :expo-dev-client:javaPreCompileRelease UP-TO-DATE
> Task :expo-dev-client:writeReleaseAarMetadata UP-TO-DATE
> Task :expo-dev-client:extractDeepLinksRelease UP-TO-DATE
> Task :expo-dev-client:processReleaseManifest UP-TO-DATE
> Task :expo-dev-launcher:packageReleaseResources UP-TO-DATE
> Task :expo-dev-client:prepareReleaseArtProfile UP-TO-DATE
> Task :expo-dev-client:mergeReleaseShaders UP-TO-DATE
> Task :expo-dev-client:compileReleaseShaders NO-SOURCE
> Task :expo-dev-client:generateReleaseAssets UP-TO-DATE
> Task :expo-dev-client:mergeReleaseAssets UP-TO-DATE
> Task :expo-constants:mergeReleaseShaders UP-TO-DATE
> Task :expo-dev-client:extractProguardFiles UP-TO-DATE
> Task :expo-constants:compileReleaseShaders NO-SOURCE
> Task :expo-constants:generateReleaseAssets UP-TO-DATE
> Task :expo-dev-client:prepareLintJarForPublish UP-TO-DATE
> Task :expo-dev-client:stripReleaseDebugSymbols NO-SOURCE
> Task :expo-dev-client:copyReleaseJniLibsProjectAndLocalJars UP-TO-DATE
> Task :expo-dev-launcher:parseReleaseLocalResources UP-TO-DATE
> Task :expo-dev-client:extractDeepLinksForAarRelease UP-TO-DATE
> Task :expo-dev-client:writeReleaseLintModelMetadata UP-TO-DATE
> Task :react-native-screens:configureCMakeRelWithDebInfo[arm64-v8a]
> Task :react-native-svg:generateReleaseLintModel UP-TO-DATE
> Task :react-native-svg:prepareLintJarForPublish UP-TO-DATE
> Task :react-native-svg:stripReleaseDebugSymbols NO-SOURCE
> Task :react-native-svg:copyReleaseJniLibsProjectAndLocalJars UP-TO-DATE
> Task :react-native-svg:extractDeepLinksForAarRelease UP-TO-DATE
> Task :sentry_react-native:generateReleaseLintModel UP-TO-DATE
> Task :sentry_react-native:prepareLintJarForPublish UP-TO-DATE
> Task :sentry_react-native:stripReleaseDebugSymbols NO-SOURCE
> Task :react-native-community_datetimepicker:compileReleaseKotlin UP-TO-DATE
> Task :sentry_react-native:copyReleaseJniLibsProjectAndLocalJars UP-TO-DATE
> Task :react-native-community_datetimepicker:javaPreCompileRelease UP-TO-DATE
> Task :sentry_react-native:extractDeepLinksForAarRelease UP-TO-DATE
> Task :react-native-community_slider:generateReleaseLintModel UP-TO-DATE
> Task :react-native-community_slider:prepareLintJarForPublish UP-TO-DATE
> Task :react-native-community_slider:stripReleaseDebugSymbols NO-SOURCE
> Task :react-native-svg:extractReleaseAnnotations UP-TO-DATE
> Task :sentry_react-native:extractReleaseAnnotations UP-TO-DATE
> Task :react-native-community_slider:copyReleaseJniLibsProjectAndLocalJars UP-TO-DATE
> Task :react-native-svg:mergeReleaseConsumerProguardFiles UP-TO-DATE
> Task :react-native-masked-view_masked-view:generateReleaseLintModel UP-TO-DATE
> Task :react-native-community_slider:extractDeepLinksForAarRelease UP-TO-DATE
> Task :sentry_react-native:mergeReleaseConsumerProguardFiles UP-TO-DATE
> Task :react-native-masked-view_masked-view:prepareLintJarForPublish UP-TO-DATE
> Task :react-native-svg:mergeReleaseJavaResource UP-TO-DATE
> Task :react-native-masked-view_masked-view:stripReleaseDebugSymbols NO-SOURCE
> Task :react-native-svg:syncReleaseLibJars UP-TO-DATE
> Task :sentry_react-native:mergeReleaseJavaResource UP-TO-DATE
> Task :react-native-masked-view_masked-view:copyReleaseJniLibsProjectAndLocalJars UP-TO-DATE
> Task :react-native-community_slider:extractReleaseAnnotations UP-TO-DATE
> Task :react-native-community_slider:mergeReleaseConsumerProguardFiles UP-TO-DATE
> Task :react-native-masked-view_masked-view:extractDeepLinksForAarRelease UP-TO-DATE
> Task :react-native-svg:bundleReleaseLocalLintAar UP-TO-DATE
> Task :react-native-community_slider:mergeReleaseJavaResource UP-TO-DATE
> Task :react-native-community_datetimepicker:compileReleaseJavaWithJavac UP-TO-DATE
> Task :react-native-community_slider:syncReleaseLibJars UP-TO-DATE
> Task :react-native-masked-view_masked-view:extractReleaseAnnotations UP-TO-DATE
> Task :react-native-masked-view_masked-view:mergeReleaseConsumerProguardFiles UP-TO-DATE
> Task :sentry_react-native:syncReleaseLibJars UP-TO-DATE
> Task :react-native-community_slider:bundleReleaseLocalLintAar UP-TO-DATE
> Task :react-native-safe-area-context:compileReleaseKotlin UP-TO-DATE
> Task :react-native-community_datetimepicker:mergeReleaseGeneratedProguardFiles UP-TO-DATE
> Task :react-native-masked-view_masked-view:mergeReleaseJavaResource UP-TO-DATE
> Task :react-native-community_datetimepicker:exportReleaseConsumerProguardFiles UP-TO-DATE
> Task :react-native-safe-area-context:javaPreCompileRelease UP-TO-DATE
> Task :sentry_react-native:bundleReleaseLocalLintAar UP-TO-DATE
> Task :react-native-community_datetimepicker:writeReleaseAarMetadata UP-TO-DATE
> Task :react-native-community_datetimepicker:extractDeepLinksRelease UP-TO-DATE
> Task :react-native-masked-view_masked-view:syncReleaseLibJars UP-TO-DATE
> Task :react-native-masked-view_masked-view:bundleReleaseLocalLintAar UP-TO-DATE
> Task :react-native-community_datetimepicker:processReleaseManifest UP-TO-DATE
> Task :react-native-community_datetimepicker:bundleLibCompileToJarRelease UP-TO-DATE
> Task :react-native-community_datetimepicker:prepareReleaseArtProfile UP-TO-DATE
> Task :react-native-community_datetimepicker:bundleLibRuntimeToJarRelease UP-TO-DATE
> Task :react-native-community_slider:lintVitalAnalyzeRelease UP-TO-DATE
> Task :react-native-community_slider:writeReleaseLintModelMetadata UP-TO-DATE
> Task :react-native-community_datetimepicker:processReleaseJavaRes UP-TO-DATE
> Task :react-native-svg:writeReleaseLintModelMetadata UP-TO-DATE
> Task :react-native-safe-area-context:compileReleaseJavaWithJavac UP-TO-DATE
> Task :react-native-community_datetimepicker:mergeReleaseShaders UP-TO-DATE
> Task :react-native-community_datetimepicker:compileReleaseShaders NO-SOURCE
> Task :react-native-community_datetimepicker:generateReleaseAssets UP-TO-DATE
> Task :react-native-safe-area-context:mergeReleaseGeneratedProguardFiles UP-TO-DATE
> Task :react-native-safe-area-context:exportReleaseConsumerProguardFiles UP-TO-DATE
> Task :react-native-community_datetimepicker:mergeReleaseAssets UP-TO-DATE
> Task :react-native-safe-area-context:writeReleaseAarMetadata UP-TO-DATE
> Task :react-native-community_datetimepicker:createFullJarRelease UP-TO-DATE
> Task :react-native-community_slider:generateReleaseLintVitalModel UP-TO-DATE
> Task :op-engineering_op-sqlite:buildCMakeRelWithDebInfo[arm64-v8a]
> Task :sentry_react-native:lintVitalAnalyzeRelease UP-TO-DATE
> Task :react-native-safe-area-context:extractDeepLinksRelease UP-TO-DATE
> Task :react-native-svg:lintVitalAnalyzeRelease UP-TO-DATE
> Task :sentry_react-native:writeReleaseLintModelMetadata UP-TO-DATE
> Task :react-native-community_datetimepicker:extractProguardFiles UP-TO-DATE
> Task :react-native-masked-view_masked-view:lintVitalAnalyzeRelease UP-TO-DATE
> Task :react-native-safe-area-context:processReleaseManifest UP-TO-DATE
> Task :react-native-safe-area-context:bundleLibCompileToJarRelease UP-TO-DATE
> Task :react-native-masked-view_masked-view:writeReleaseLintModelMetadata UP-TO-DATE
> Task :sentry_react-native:generateReleaseLintVitalModel UP-TO-DATE
> Task :react-native-safe-area-context:prepareReleaseArtProfile UP-TO-DATE
> Task :react-native-svg:generateReleaseLintVitalModel UP-TO-DATE
> Task :react-native-safe-area-context:bundleLibRuntimeToJarRelease UP-TO-DATE
> Task :react-native-masked-view_masked-view:generateReleaseLintVitalModel UP-TO-DATE
> Task :react-native-safe-area-context:processReleaseJavaRes UP-TO-DATE
> Task :react-native-safe-area-context:mergeReleaseShaders UP-TO-DATE
> Task :react-native-safe-area-context:compileReleaseShaders NO-SOURCE
> Task :react-native-safe-area-context:generateReleaseAssets UP-TO-DATE
> Task :react-native-safe-area-context:mergeReleaseAssets UP-TO-DATE
> Task :react-native-safe-area-context:createFullJarRelease UP-TO-DATE
> Task :react-native-safe-area-context:extractProguardFiles UP-TO-DATE
> Task :react-native-safe-area-context:generateReleaseLintModel UP-TO-DATE
> Task :react-native-safe-area-context:prepareLintJarForPublish UP-TO-DATE
> Task :react-native-safe-area-context:stripReleaseDebugSymbols NO-SOURCE
> Task :react-native-safe-area-context:copyReleaseJniLibsProjectAndLocalJars UP-TO-DATE
> Task :react-native-safe-area-context:extractDeepLinksForAarRelease UP-TO-DATE
> Task :react-native-safe-area-context:extractReleaseAnnotations UP-TO-DATE
> Task :react-native-safe-area-context:mergeReleaseConsumerProguardFiles UP-TO-DATE
> Task :expo-updates:buildCMakeRelWithDebInfo[arm64-v8a]
> Task :react-native-safe-area-context:mergeReleaseJavaResource UP-TO-DATE
> Task :react-native-safe-area-context:syncReleaseLibJars UP-TO-DATE
> Task :react-native-safe-area-context:bundleReleaseLocalLintAar UP-TO-DATE
> Task :react-native-android-widget:generateReleaseLintModel UP-TO-DATE
> Task :react-native-android-widget:prepareLintJarForPublish UP-TO-DATE
> Task :react-native-android-widget:stripReleaseDebugSymbols NO-SOURCE
> Task :react-native-android-widget:copyReleaseJniLibsProjectAndLocalJars UP-TO-DATE
> Task :react-native-android-widget:extractDeepLinksForAarRelease UP-TO-DATE
> Task :react-native-worklets:buildCMakeRelWithDebInfo[arm64-v8a][worklets]
> Task :react-native-android-widget:extractReleaseAnnotations UP-TO-DATE
> Task :react-native-screens:buildCMakeRelWithDebInfo[arm64-v8a]
> Task :react-native-android-widget:mergeReleaseConsumerProguardFiles UP-TO-DATE
> Task :react-native-android-widget:mergeReleaseJavaResource UP-TO-DATE
> Task :react-native-safe-area-context:lintVitalAnalyzeRelease UP-TO-DATE
> Task :react-native-android-widget:syncReleaseLibJars UP-TO-DATE
> Task :react-native-safe-area-context:writeReleaseLintModelMetadata UP-TO-DATE
> Task :react-native-android-widget:bundleReleaseLocalLintAar UP-TO-DATE
> Task :react-native-safe-area-context:generateReleaseLintVitalModel UP-TO-DATE
> Task :op-engineering_op-sqlite:buildCMakeRelWithDebInfo[x86_64]
> Task :expo-constants:mergeReleaseAssets
> Task :expo-constants:extractProguardFiles UP-TO-DATE
> Task :expo-constants:prepareLintJarForPublish UP-TO-DATE
> Task :expo-constants:stripReleaseDebugSymbols NO-SOURCE
> Task :expo-constants:copyReleaseJniLibsProjectAndLocalJars UP-TO-DATE
> Task :expo-constants:extractDeepLinksForAarRelease UP-TO-DATE
> Task :expo-constants:writeReleaseLintModelMetadata UP-TO-DATE
> Task :op-engineering_op-sqlite:externalNativeBuildRelease
> Task :react-native-android-widget:lintVitalAnalyzeRelease UP-TO-DATE
> Task :op-engineering_op-sqlite:prefabReleasePackage UP-TO-DATE
> Task :react-native-android-widget:writeReleaseLintModelMetadata UP-TO-DATE
> Task :op-engineering_op-sqlite:mergeReleaseJniLibFolders UP-TO-DATE
> Task :expo-updates:configureCMakeRelWithDebInfo[armeabi-v7a]
> Task :op-engineering_op-sqlite:mergeReleaseNativeLibs UP-TO-DATE
> Task :react-native-screens:configureCMakeRelWithDebInfo[x86_64]
> Task :op-engineering_op-sqlite:copyReleaseJniLibsProjectOnly UP-TO-DATE
> Task :op-engineering_op-sqlite:checkKotlinGradlePluginConfigurationErrors SKIPPED
> Task :react-native-android-widget:generateReleaseLintVitalModel UP-TO-DATE
> Task :op-engineering_op-sqlite:generateReleaseBuildConfig UP-TO-DATE
> Task :op-engineering_op-sqlite:generateReleaseResValues UP-TO-DATE
> Task :op-engineering_op-sqlite:generateReleaseResources UP-TO-DATE
> Task :expo-dev-launcher:dataBindingGenBaseClassesRelease UP-TO-DATE
> Task :expo-dev-launcher:generateReleaseBuildConfig UP-TO-DATE
> Task :op-engineering_op-sqlite:packageReleaseResources UP-TO-DATE
> Task :expo-dev-launcher:generateReleaseRFile UP-TO-DATE
> Task :op-engineering_op-sqlite:parseReleaseLocalResources UP-TO-DATE
> Task :expo-dev-launcher:javaPreCompileRelease UP-TO-DATE
> Task :expo-dev-launcher:writeReleaseAarMetadata UP-TO-DATE
> Task :op-engineering_op-sqlite:generateReleaseRFile UP-TO-DATE
> Task :expo-dev-launcher:extractDeepLinksRelease UP-TO-DATE
> Task :expo-dev-launcher:processReleaseManifest UP-TO-DATE
> Task :expo-dev-launcher:prepareReleaseArtProfile UP-TO-DATE
> Task :expo-dev-launcher:mergeReleaseShaders UP-TO-DATE
> Task :expo-dev-launcher:compileReleaseShaders NO-SOURCE
> Task :expo-dev-launcher:generateReleaseAssets UP-TO-DATE
> Task :expo-dev-launcher:mergeReleaseAssets UP-TO-DATE
> Task :expo-dev-launcher:extractProguardFiles UP-TO-DATE
> Task :react-native-worklets:configureCMakeRelWithDebInfo[x86_64]
> Task :expo-dev-launcher:prepareLintJarForPublish UP-TO-DATE
> Task :expo-dev-launcher:stripReleaseDebugSymbols NO-SOURCE
> Task :expo-dev-launcher:copyReleaseJniLibsProjectAndLocalJars UP-TO-DATE
> Task :expo-dev-launcher:extractDeepLinksForAarRelease UP-TO-DATE
> Task :expo-dev-launcher:writeReleaseLintModelMetadata UP-TO-DATE
> Task :op-engineering_op-sqlite:compileReleaseKotlin UP-TO-DATE
> Task :op-engineering_op-sqlite:javaPreCompileRelease UP-TO-DATE
> Task :expo-updates:buildCMakeRelWithDebInfo[armeabi-v7a]
> Task :op-engineering_op-sqlite:compileReleaseJavaWithJavac UP-TO-DATE
> Task :op-engineering_op-sqlite:mergeReleaseGeneratedProguardFiles UP-TO-DATE
> Task :op-engineering_op-sqlite:exportReleaseConsumerProguardFiles UP-TO-DATE
> Task :op-engineering_op-sqlite:writeReleaseAarMetadata UP-TO-DATE
> Task :op-engineering_op-sqlite:extractDeepLinksRelease UP-TO-DATE
> Task :react-native-community_datetimepicker:generateReleaseLintModel UP-TO-DATE
> Task :react-native-screens:buildCMakeRelWithDebInfo[x86_64]
> Task :react-native-community_datetimepicker:prepareLintJarForPublish UP-TO-DATE
> Task :react-native-community_datetimepicker:stripReleaseDebugSymbols NO-SOURCE
> Task :react-native-screens:mergeReleaseJniLibFolders UP-TO-DATE
> Task :op-engineering_op-sqlite:processReleaseManifest UP-TO-DATE
> Task :react-native-community_datetimepicker:copyReleaseJniLibsProjectAndLocalJars UP-TO-DATE
> Task :op-engineering_op-sqlite:bundleLibCompileToJarRelease UP-TO-DATE
> Task :op-engineering_op-sqlite:prepareReleaseArtProfile UP-TO-DATE
> Task :react-native-community_datetimepicker:extractDeepLinksForAarRelease UP-TO-DATE
> Task :react-native-screens:mergeReleaseNativeLibs UP-TO-DATE
> Task :op-engineering_op-sqlite:bundleLibRuntimeToJarRelease UP-TO-DATE
> Task :react-native-screens:copyReleaseJniLibsProjectOnly UP-TO-DATE
> Task :react-native-screens:checkKotlinGradlePluginConfigurationErrors SKIPPED
> Task :expo-updates:configureCMakeRelWithDebInfo[x86]
> Task :op-engineering_op-sqlite:processReleaseJavaRes UP-TO-DATE
> Task :react-native-screens:generateReleaseBuildConfig UP-TO-DATE
> Task :react-native-screens:generateReleaseResValues UP-TO-DATE
> Task :op-engineering_op-sqlite:mergeReleaseShaders UP-TO-DATE
> Task :react-native-community_datetimepicker:extractReleaseAnnotations UP-TO-DATE
> Task :op-engineering_op-sqlite:compileReleaseShaders NO-SOURCE
> Task :op-engineering_op-sqlite:generateReleaseAssets UP-TO-DATE
> Task :react-native-community_datetimepicker:mergeReleaseConsumerProguardFiles UP-TO-DATE
> Task :react-native-screens:generateReleaseResources UP-TO-DATE
> Task :op-engineering_op-sqlite:mergeReleaseAssets UP-TO-DATE
> Task :op-engineering_op-sqlite:createFullJarRelease UP-TO-DATE
> Task :op-engineering_op-sqlite:extractProguardFiles UP-TO-DATE
> Task :react-native-community_datetimepicker:mergeReleaseJavaResource UP-TO-DATE
> Task :react-native-screens:packageReleaseResources UP-TO-DATE
> Task :react-native-community_datetimepicker:syncReleaseLibJars UP-TO-DATE
> Task :react-native-screens:parseReleaseLocalResources UP-TO-DATE
> Task :react-native-community_datetimepicker:bundleReleaseLocalLintAar UP-TO-DATE
> Task :react-native-screens:generateReleaseRFile UP-TO-DATE
> Task :react-native-community_datetimepicker:lintVitalAnalyzeRelease UP-TO-DATE
> Task :react-native-community_datetimepicker:writeReleaseLintModelMetadata UP-TO-DATE
> Task :op-engineering_op-sqlite:generateReleaseLintModel UP-TO-DATE
> Task :op-engineering_op-sqlite:prepareLintJarForPublish UP-TO-DATE
> Task :op-engineering_op-sqlite:stripReleaseDebugSymbols UP-TO-DATE
> Task :op-engineering_op-sqlite:copyReleaseJniLibsProjectAndLocalJars UP-TO-DATE
> Task :op-engineering_op-sqlite:extractDeepLinksForAarRelease UP-TO-DATE
> Task :react-native-community_datetimepicker:generateReleaseLintVitalModel UP-TO-DATE
> Task :op-engineering_op-sqlite:extractReleaseAnnotations UP-TO-DATE
> Task :op-engineering_op-sqlite:mergeReleaseConsumerProguardFiles UP-TO-DATE
> Task :op-engineering_op-sqlite:mergeReleaseJavaResource UP-TO-DATE
> Task :op-engineering_op-sqlite:syncReleaseLibJars UP-TO-DATE
> Task :op-engineering_op-sqlite:bundleReleaseLocalLintAar UP-TO-DATE
> Task :op-engineering_op-sqlite:lintVitalAnalyzeRelease UP-TO-DATE
> Task :react-native-worklets:buildCMakeRelWithDebInfo[x86_64][worklets]
> Task :op-engineering_op-sqlite:writeReleaseLintModelMetadata UP-TO-DATE
> Task :op-engineering_op-sqlite:generateReleaseLintVitalModel UP-TO-DATE
> Task :expo-updates:buildCMakeRelWithDebInfo[x86]
> Task :react-native-worklets:externalNativeBuildRelease
> Task :react-native-worklets:generateJsonModelRelease
> Task :react-native-worklets:prefabReleaseConfigurePackage
> Task :expo-updates:configureCMakeRelWithDebInfo[x86_64]
> Task :react-native-worklets:prefabReleasePackage UP-TO-DATE
> Task :react-native-worklets:mergeReleaseJniLibFolders UP-TO-DATE
> Task :react-native-worklets:mergeReleaseNativeLibs UP-TO-DATE
> Task :react-native-worklets:copyReleaseJniLibsProjectOnly UP-TO-DATE
> Task :react-native-worklets:checkKotlinGradlePluginConfigurationErrors SKIPPED
> Task :react-native-worklets:generateReleaseBuildConfig UP-TO-DATE
> Task :react-native-worklets:generateReleaseResValues UP-TO-DATE
> Task :react-native-worklets:generateReleaseResources UP-TO-DATE
> Task :react-native-worklets:packageReleaseResources UP-TO-DATE
> Task :react-native-worklets:parseReleaseLocalResources UP-TO-DATE
> Task :react-native-worklets:generateReleaseRFile UP-TO-DATE
> Task :react-native-worklets:compileReleaseKotlin NO-SOURCE
> Task :react-native-worklets:javaPreCompileRelease UP-TO-DATE
> Task :expo-updates:buildCMakeRelWithDebInfo[x86_64]
> Task :expo-updates:mergeReleaseJniLibFolders UP-TO-DATE
> Task :expo-updates:mergeReleaseNativeLibs UP-TO-DATE
> Task :expo-updates:copyReleaseJniLibsProjectOnly UP-TO-DATE
> Task :expo-updates:checkKotlinGradlePluginConfigurationErrors SKIPPED
> Task :react-native-worklets:compileReleaseJavaWithJavac UP-TO-DATE
> Task :expo-updates:generateReleaseBuildConfig UP-TO-DATE
> Task :react-native-worklets:bundleLibCompileToJarRelease UP-TO-DATE
> Task :expo-updates:generateReleaseResValues UP-TO-DATE
> Task :react-native-worklets:mergeReleaseGeneratedProguardFiles UP-TO-DATE
> Task :expo-updates:generateReleaseResources UP-TO-DATE
> Task :react-native-worklets:exportReleaseConsumerProguardFiles UP-TO-DATE
> Task :react-native-worklets:writeReleaseAarMetadata UP-TO-DATE
> Task :react-native-worklets:extractDeepLinksRelease UP-TO-DATE
> Task :react-native-screens:compileReleaseKotlin UP-TO-DATE
> Task :expo-updates:packageReleaseResources UP-TO-DATE
> Task :react-native-screens:javaPreCompileRelease UP-TO-DATE
> Task :expo-updates:parseReleaseLocalResources UP-TO-DATE
> Task :expo-updates:generateReleaseRFile UP-TO-DATE
> Task :react-native-worklets:processReleaseManifest UP-TO-DATE
> Task :react-native-worklets:prepareReleaseArtProfile UP-TO-DATE
> Task :react-native-worklets:bundleLibRuntimeToJarRelease UP-TO-DATE
> Task :react-native-reanimated:configureCMakeRelWithDebInfo[arm64-v8a]
> Task :react-native-worklets:processReleaseJavaRes NO-SOURCE
> Task :react-native-screens:compileReleaseJavaWithJavac UP-TO-DATE
> Task :react-native-worklets:mergeReleaseShaders UP-TO-DATE
> Task :react-native-worklets:compileReleaseShaders NO-SOURCE
> Task :react-native-screens:mergeReleaseGeneratedProguardFiles UP-TO-DATE
> Task :react-native-worklets:generateReleaseAssets UP-TO-DATE
> Task :expo-updates:javaPreCompileRelease UP-TO-DATE
> Task :expo-updates:writeReleaseAarMetadata UP-TO-DATE
> Task :react-native-worklets:mergeReleaseAssets UP-TO-DATE
> Task :react-native-screens:exportReleaseConsumerProguardFiles UP-TO-DATE
> Task :expo-modules-core:configureCMakeRelWithDebInfo[arm64-v8a]
> Task :expo-updates:extractDeepLinksRelease UP-TO-DATE
> Task :react-native-screens:writeReleaseAarMetadata UP-TO-DATE
> Task :react-native-worklets:createFullJarRelease UP-TO-DATE
> Task :react-native-screens:extractDeepLinksRelease UP-TO-DATE
> Task :react-native-worklets:extractProguardFiles UP-TO-DATE
> Task :expo-updates:processReleaseManifest UP-TO-DATE
> Task :expo-updates:prepareReleaseArtProfile UP-TO-DATE
> Task :react-native-screens:processReleaseManifest UP-TO-DATE
> Task :expo-updates:mergeReleaseShaders UP-TO-DATE
> Task :react-native-screens:bundleLibCompileToJarRelease UP-TO-DATE
> Task :expo-updates:compileReleaseShaders NO-SOURCE
> Task :expo-updates:generateReleaseAssets UP-TO-DATE
> Task :react-native-screens:prepareReleaseArtProfile UP-TO-DATE
> Task :expo-updates:mergeReleaseAssets UP-TO-DATE
> Task :expo-updates:extractProguardFiles UP-TO-DATE
> Task :react-native-screens:bundleLibRuntimeToJarRelease UP-TO-DATE
> Task :expo-updates:prepareLintJarForPublish UP-TO-DATE
> Task :expo-updates:stripReleaseDebugSymbols UP-TO-DATE
> Task :react-native-screens:processReleaseJavaRes UP-TO-DATE
> Task :expo-updates:copyReleaseJniLibsProjectAndLocalJars UP-TO-DATE
> Task :expo-updates:extractDeepLinksForAarRelease UP-TO-DATE
> Task :react-native-screens:mergeReleaseShaders UP-TO-DATE
> Task :react-native-reanimated:configureCMakeRelWithDebInfo[x86_64]
> Task :react-native-reanimated:generateJsonModelRelease
> Task :expo-updates:writeReleaseLintModelMetadata UP-TO-DATE
> Task :react-native-screens:compileReleaseShaders NO-SOURCE
> Task :react-native-screens:generateReleaseAssets UP-TO-DATE
> Task :react-native-reanimated:prefabReleaseConfigurePackage UP-TO-DATE
> Task :react-native-screens:mergeReleaseAssets UP-TO-DATE
> Task :react-native-worklets:generateReleaseLintModel UP-TO-DATE
> Task :react-native-screens:createFullJarRelease UP-TO-DATE
> Task :react-native-worklets:prepareLintJarForPublish UP-TO-DATE
> Task :react-native-screens:extractProguardFiles UP-TO-DATE
> Task :react-native-worklets:stripReleaseDebugSymbols UP-TO-DATE
> Task :react-native-worklets:copyReleaseJniLibsProjectAndLocalJars UP-TO-DATE
> Task :react-native-worklets:extractDeepLinksForAarRelease UP-TO-DATE
> Task :react-native-worklets:extractReleaseAnnotations UP-TO-DATE
> Task :react-native-worklets:mergeReleaseConsumerProguardFiles UP-TO-DATE

> Task :app:createBundleReleaseJsAndAssets
🔍 [expo-iap] Config values: horizonAppId=undefined, isHorizonEnabled=false, isOnsideEnabled=false
📦 [expo-iap] Using OpenIAP from CocoaPods
› [@sentry/react-native/expo] Missing config for organization, project. Environment variables will be used as a fallback during the build. https://docs.sentry.io/platforms/react-native/manual-setup/

> Task :react-native-worklets:mergeReleaseJavaResource UP-TO-DATE
> Task :react-native-screens:generateReleaseLintModel UP-TO-DATE
> Task :react-native-worklets:syncReleaseLibJars UP-TO-DATE
> Task :react-native-screens:prepareLintJarForPublish UP-TO-DATE
> Task :react-native-worklets:bundleReleaseLocalLintAar UP-TO-DATE
> Task :react-native-screens:stripReleaseDebugSymbols UP-TO-DATE
> Task :react-native-worklets:writeReleaseLintModelMetadata UP-TO-DATE
> Task :react-native-screens:copyReleaseJniLibsProjectAndLocalJars UP-TO-DATE
> Task :react-native-screens:extractDeepLinksForAarRelease UP-TO-DATE
> Task :react-native-worklets:lintVitalAnalyzeRelease UP-TO-DATE
> Task :react-native-screens:extractReleaseAnnotations UP-TO-DATE
> Task :react-native-screens:mergeReleaseConsumerProguardFiles UP-TO-DATE
> Task :react-native-screens:mergeReleaseJavaResource UP-TO-DATE
> Task :react-native-worklets:generateReleaseLintVitalModel UP-TO-DATE
> Task :expo-modules-core:buildCMakeRelWithDebInfo[arm64-v8a]
> Task :react-native-screens:syncReleaseLibJars UP-TO-DATE
> Task :react-native-screens:bundleReleaseLocalLintAar UP-TO-DATE
> Task :react-native-screens:lintVitalAnalyzeRelease UP-TO-DATE
> Task :react-native-screens:writeReleaseLintModelMetadata UP-TO-DATE
> Task :expo-modules-core:configureCMakeRelWithDebInfo[x86_64]
> Task :react-native-screens:generateReleaseLintVitalModel UP-TO-DATE
> Task :react-native-reanimated:buildCMakeRelWithDebInfo[arm64-v8a][reanimated]
> Task :expo-modules-core:buildCMakeRelWithDebInfo[x86_64]
> Task :expo-modules-core:mergeReleaseNativeLibs UP-TO-DATE
> Task :expo-modules-core:copyReleaseJniLibsProjectOnly UP-TO-DATE
> Task :react-native-reanimated:buildCMakeRelWithDebInfo[x86_64][reanimated]
> Task :react-native-reanimated:externalNativeBuildRelease
> Task :react-native-reanimated:prefabReleasePackage UP-TO-DATE
> Task :react-native-reanimated:mergeReleaseNativeLibs UP-TO-DATE
> Task :react-native-reanimated:copyReleaseJniLibsProjectOnly UP-TO-DATE
> Task :react-native-reanimated:compileReleaseJavaWithJavac UP-TO-DATE
> Task :react-native-reanimated:bundleLibCompileToJarRelease UP-TO-DATE
> Task :react-native-reanimated:mergeReleaseGeneratedProguardFiles UP-TO-DATE
> Task :react-native-reanimated:exportReleaseConsumerProguardFiles UP-TO-DATE
> Task :react-native-reanimated:bundleLibRuntimeToJarRelease UP-TO-DATE
> Task :react-native-reanimated:createFullJarRelease UP-TO-DATE
> Task :react-native-reanimated:generateReleaseLintModel UP-TO-DATE
> Task :react-native-reanimated:stripReleaseDebugSymbols UP-TO-DATE
> Task :react-native-reanimated:copyReleaseJniLibsProjectAndLocalJars UP-TO-DATE
> Task :react-native-reanimated:extractReleaseAnnotations UP-TO-DATE
> Task :expo-modules-core:compileReleaseKotlin UP-TO-DATE
> Task :react-native-reanimated:mergeReleaseConsumerProguardFiles UP-TO-DATE
> Task :react-native-reanimated:syncReleaseLibJars UP-TO-DATE
> Task :react-native-reanimated:bundleReleaseLocalLintAar UP-TO-DATE
> Task :react-native-reanimated:lintVitalAnalyzeRelease UP-TO-DATE
> Task :expo-modules-core:compileReleaseJavaWithJavac UP-TO-DATE
> Task :react-native-reanimated:generateReleaseLintVitalModel UP-TO-DATE
> Task :expo-modules-core:bundleLibCompileToJarRelease UP-TO-DATE
> Task :react-native-gesture-handler:configureCMakeRelWithDebInfo[arm64-v8a]
> Task :expo-dev-menu-interface:compileReleaseKotlin NO-SOURCE
> Task :expo-dev-client:compileReleaseKotlin NO-SOURCE
> Task :expo-dev-menu-interface:compileReleaseJavaWithJavac UP-TO-DATE
> Task :expo-modules-core:mergeReleaseGeneratedProguardFiles UP-TO-DATE
> Task :expo-structured-headers:compileReleaseKotlin NO-SOURCE
> Task :expo-dev-menu-interface:bundleLibCompileToJarRelease UP-TO-DATE
> Task :expo-modules-core:exportReleaseConsumerProguardFiles UP-TO-DATE
> Task :expo-dev-menu-interface:mergeReleaseGeneratedProguardFiles UP-TO-DATE
> Task :expo-modules-core:bundleLibRuntimeToJarRelease UP-TO-DATE
> Task :expo-dev-menu-interface:exportReleaseConsumerProguardFiles UP-TO-DATE
> Task :expo-dev-menu-interface:bundleLibRuntimeToJarRelease UP-TO-DATE
> Task :expo-modules-core:processReleaseJavaRes UP-TO-DATE
> Task :expo-modules-core:createFullJarRelease UP-TO-DATE
> Task :expo-dev-menu-interface:processReleaseJavaRes NO-SOURCE
> Task :expo-dev-menu-interface:createFullJarRelease UP-TO-DATE
> Task :expo-dev-menu-interface:extractReleaseAnnotations UP-TO-DATE
> Task :expo-dev-client:compileReleaseJavaWithJavac UP-TO-DATE
> Task :expo-dev-menu-interface:mergeReleaseConsumerProguardFiles UP-TO-DATE
> Task :expo-dev-menu-interface:mergeReleaseJavaResource UP-TO-DATE
> Task :expo-dev-menu-interface:syncReleaseLibJars UP-TO-DATE
> Task :expo-dev-menu-interface:bundleReleaseLocalLintAar UP-TO-DATE
> Task :expo-dev-client:bundleLibCompileToJarRelease UP-TO-DATE
> Task :expo-dev-client:mergeReleaseGeneratedProguardFiles UP-TO-DATE
> Task :expo-dev-client:exportReleaseConsumerProguardFiles UP-TO-DATE
> Task :expo-dev-client:bundleLibRuntimeToJarRelease UP-TO-DATE
> Task :expo-dev-client:processReleaseJavaRes NO-SOURCE
> Task :expo-dev-client:createFullJarRelease UP-TO-DATE
> Task :react-native-gesture-handler:buildCMakeRelWithDebInfo[arm64-v8a]
> Task :expo-dev-client:extractReleaseAnnotations UP-TO-DATE
> Task :expo-dev-client:mergeReleaseConsumerProguardFiles UP-TO-DATE
> Task :expo-dev-client:mergeReleaseJavaResource UP-TO-DATE
> Task :expo-dev-client:syncReleaseLibJars UP-TO-DATE
> Task :expo-dev-client:bundleReleaseLocalLintAar UP-TO-DATE
> Task :expo-speech-recognition:compileReleaseKotlin UP-TO-DATE
> Task :expo-speech-recognition:compileReleaseJavaWithJavac UP-TO-DATE
> Task :expo-speech-recognition:bundleLibCompileToJarRelease UP-TO-DATE
> Task :expo-speech-recognition:mergeReleaseGeneratedProguardFiles UP-TO-DATE
> Task :expo-speech-recognition:exportReleaseConsumerProguardFiles UP-TO-DATE
> Task :expo-speech-recognition:bundleLibRuntimeToJarRelease UP-TO-DATE
> Task :expo-speech-recognition:processReleaseJavaRes UP-TO-DATE
> Task :expo-speech-recognition:createFullJarRelease UP-TO-DATE
> Task :clerk-expo-passkeys:compileReleaseKotlin UP-TO-DATE
> Task :expo-speech-recognition:extractReleaseAnnotations UP-TO-DATE
> Task :expo-speech-recognition:mergeReleaseConsumerProguardFiles UP-TO-DATE
> Task :clerk-expo-passkeys:compileReleaseJavaWithJavac UP-TO-DATE
> Task :clerk-expo-passkeys:bundleLibCompileToJarRelease UP-TO-DATE
> Task :folio-local-vault:compileReleaseKotlin UP-TO-DATE
> Task :folio-local-vault:compileReleaseJavaWithJavac UP-TO-DATE
> Task :folio-local-vault:bundleLibCompileToJarRelease UP-TO-DATE
> Task :folio-local-vault:mergeReleaseGeneratedProguardFiles UP-TO-DATE
> Task :folio-local-vault:exportReleaseConsumerProguardFiles UP-TO-DATE
> Task :folio-local-vault:bundleLibRuntimeToJarRelease UP-TO-DATE
> Task :folio-local-vault:processReleaseJavaRes UP-TO-DATE
> Task :folio-local-vault:createFullJarRelease UP-TO-DATE
> Task :clerk-expo-passkeys:mergeReleaseGeneratedProguardFiles UP-TO-DATE
> Task :expo-speech-recognition:mergeReleaseJavaResource UP-TO-DATE
> Task :clerk-expo-passkeys:exportReleaseConsumerProguardFiles UP-TO-DATE
> Task :expo-speech-recognition:syncReleaseLibJars UP-TO-DATE
> Task :folio-local-vault:extractReleaseAnnotations UP-TO-DATE
> Task :react-native-gesture-handler:configureCMakeRelWithDebInfo[x86_64]
> Task :expo-speech-recognition:bundleReleaseLocalLintAar UP-TO-DATE
> Task :folio-local-vault:mergeReleaseConsumerProguardFiles UP-TO-DATE
> Task :folio-local-vault:mergeReleaseJavaResource UP-TO-DATE
> Task :folio-local-vault:syncReleaseLibJars UP-TO-DATE
> Task :clerk-expo-passkeys:bundleLibRuntimeToJarRelease UP-TO-DATE
> Task :folio-local-vault:bundleReleaseLocalLintAar UP-TO-DATE
> Task :clerk-expo-passkeys:processReleaseJavaRes UP-TO-DATE
> Task :clerk-expo-passkeys:createFullJarRelease UP-TO-DATE
> Task :clerk-expo-passkeys:extractReleaseAnnotations UP-TO-DATE
> Task :clerk-expo-passkeys:mergeReleaseConsumerProguardFiles UP-TO-DATE
> Task :expo-log-box:compileReleaseKotlin UP-TO-DATE
> Task :expo-log-box:compileReleaseJavaWithJavac UP-TO-DATE
> Task :expo-log-box:bundleLibCompileToJarRelease UP-TO-DATE
> Task :clerk-expo-passkeys:mergeReleaseJavaResource UP-TO-DATE
> Task :expo-updates-interface:compileReleaseKotlin UP-TO-DATE
> Task :expo-log-box:mergeReleaseGeneratedProguardFiles UP-TO-DATE
> Task :expo-structured-headers:compileReleaseJavaWithJavac UP-TO-DATE
> Task :expo-log-box:exportReleaseConsumerProguardFiles UP-TO-DATE
> Task :expo-structured-headers:bundleLibCompileToJarRelease UP-TO-DATE
> Task :clerk-expo-passkeys:syncReleaseLibJars UP-TO-DATE
> Task :clerk-expo-passkeys:bundleReleaseLocalLintAar UP-TO-DATE
> Task :expo-updates-interface:compileReleaseJavaWithJavac UP-TO-DATE
> Task :expo-updates-interface:bundleLibCompileToJarRelease UP-TO-DATE
> Task :expo-structured-headers:mergeReleaseGeneratedProguardFiles UP-TO-DATE
> Task :expo-updates-interface:mergeReleaseGeneratedProguardFiles UP-TO-DATE
> Task :expo-json-utils:compileReleaseKotlin UP-TO-DATE
> Task :expo-structured-headers:exportReleaseConsumerProguardFiles UP-TO-DATE
> Task :expo-updates-interface:exportReleaseConsumerProguardFiles UP-TO-DATE
> Task :expo-structured-headers:bundleLibRuntimeToJarRelease UP-TO-DATE
> Task :expo-eas-client:compileReleaseKotlin UP-TO-DATE
> Task :expo-json-utils:compileReleaseJavaWithJavac UP-TO-DATE
> Task :expo-structured-headers:processReleaseJavaRes NO-SOURCE
> Task :expo-updates-interface:bundleLibRuntimeToJarRelease UP-TO-DATE
> Task :expo-log-box:bundleLibRuntimeToJarRelease UP-TO-DATE
> Task :expo-constants:compileReleaseKotlin UP-TO-DATE
> Task :expo-json-utils:bundleLibCompileToJarRelease UP-TO-DATE
> Task :expo-json-utils:mergeReleaseGeneratedProguardFiles UP-TO-DATE
> Task :expo-log-box:processReleaseJavaRes UP-TO-DATE
> Task :expo-structured-headers:createFullJarRelease UP-TO-DATE
> Task :expo-json-utils:exportReleaseConsumerProguardFiles UP-TO-DATE
> Task :expo-updates-interface:processReleaseJavaRes UP-TO-DATE
> Task :expo-json-utils:bundleLibRuntimeToJarRelease UP-TO-DATE
> Task :expo-structured-headers:extractReleaseAnnotations UP-TO-DATE
> Task :expo-log-box:createFullJarRelease UP-TO-DATE
> Task :expo-eas-client:compileReleaseJavaWithJavac UP-TO-DATE
> Task :expo-constants:compileReleaseJavaWithJavac UP-TO-DATE
> Task :expo-structured-headers:mergeReleaseConsumerProguardFiles UP-TO-DATE
> Task :expo-structured-headers:mergeReleaseJavaResource UP-TO-DATE
> Task :expo-eas-client:bundleLibCompileToJarRelease UP-TO-DATE
> Task :expo-constants:bundleLibCompileToJarRelease UP-TO-DATE
> Task :expo-structured-headers:syncReleaseLibJars UP-TO-DATE
> Task :expo-eas-client:mergeReleaseGeneratedProguardFiles UP-TO-DATE
> Task :expo-constants:mergeReleaseGeneratedProguardFiles UP-TO-DATE
> Task :expo-updates-interface:createFullJarRelease UP-TO-DATE
> Task :expo-structured-headers:bundleReleaseLocalLintAar UP-TO-DATE
> Task :expo-constants:exportReleaseConsumerProguardFiles UP-TO-DATE
> Task :expo-updates-interface:extractReleaseAnnotations UP-TO-DATE
> Task :expo-eas-client:exportReleaseConsumerProguardFiles UP-TO-DATE
> Task :expo-constants:bundleLibRuntimeToJarRelease UP-TO-DATE
> Task :expo-log-box:extractReleaseAnnotations UP-TO-DATE
> Task :expo-log-box:mergeReleaseConsumerProguardFiles UP-TO-DATE
> Task :expo-constants:processReleaseJavaRes UP-TO-DATE
> Task :expo-json-utils:processReleaseJavaRes UP-TO-DATE
> Task :expo-log-box:mergeReleaseJavaResource UP-TO-DATE
> Task :expo-updates-interface:mergeReleaseConsumerProguardFiles UP-TO-DATE
> Task :expo-log-box:syncReleaseLibJars UP-TO-DATE
> Task :expo-updates-interface:mergeReleaseJavaResource UP-TO-DATE
> Task :expo-log-box:bundleReleaseLocalLintAar UP-TO-DATE
> Task :expo-eas-client:bundleLibRuntimeToJarRelease UP-TO-DATE
> Task :expo-updates-interface:syncReleaseLibJars UP-TO-DATE
> Task :expo-json-utils:createFullJarRelease UP-TO-DATE
> Task :expo-constants:createFullJarRelease UP-TO-DATE
> Task :expo-json-utils:extractReleaseAnnotations UP-TO-DATE
> Task :expo-constants:extractReleaseAnnotations UP-TO-DATE
> Task :expo-json-utils:mergeReleaseConsumerProguardFiles UP-TO-DATE
> Task :expo-updates-interface:bundleReleaseLocalLintAar UP-TO-DATE
> Task :react-native-gesture-handler:buildCMakeRelWithDebInfo[x86_64]
> Task :expo-constants:mergeReleaseConsumerProguardFiles UP-TO-DATE
> Task :react-native-gesture-handler:mergeReleaseNativeLibs UP-TO-DATE
> Task :react-native-gesture-handler:copyReleaseJniLibsProjectOnly UP-TO-DATE
> Task :expo-constants:mergeReleaseJavaResource UP-TO-DATE
> Task :expo-eas-client:processReleaseJavaRes UP-TO-DATE
> Task :expo-constants:syncReleaseLibJars UP-TO-DATE
> Task :expo-json-utils:mergeReleaseJavaResource UP-TO-DATE
> Task :expo-eas-client:createFullJarRelease UP-TO-DATE
> Task :expo-json-utils:syncReleaseLibJars UP-TO-DATE
> Task :expo-json-utils:bundleReleaseLocalLintAar UP-TO-DATE
> Task :expo-eas-client:extractReleaseAnnotations UP-TO-DATE
> Task :expo-manifests:compileReleaseKotlin UP-TO-DATE
> Task :expo-eas-client:mergeReleaseConsumerProguardFiles UP-TO-DATE
> Task :expo-manifests:compileReleaseJavaWithJavac UP-TO-DATE
> Task :expo-manifests:bundleLibCompileToJarRelease UP-TO-DATE
> Task :expo-eas-client:mergeReleaseJavaResource UP-TO-DATE
> Task :expo-manifests:mergeReleaseGeneratedProguardFiles UP-TO-DATE
> Task :expo-eas-client:syncReleaseLibJars UP-TO-DATE
> Task :expo-manifests:exportReleaseConsumerProguardFiles UP-TO-DATE
> Task :expo-eas-client:bundleReleaseLocalLintAar UP-TO-DATE
> Task :expo-dev-launcher:compileReleaseKotlin UP-TO-DATE
> Task :folio-local-language:compileReleaseKotlin UP-TO-DATE
> Task :expo-dev-launcher:compileReleaseJavaWithJavac UP-TO-DATE
> Task :expo-manifests:bundleLibRuntimeToJarRelease UP-TO-DATE
> Task :folio-local-language:compileReleaseJavaWithJavac UP-TO-DATE
> Task :expo-dev-launcher:bundleLibCompileToJarRelease UP-TO-DATE
> Task :folio-local-language:bundleLibCompileToJarRelease UP-TO-DATE
> Task :expo-dev-launcher:mergeReleaseGeneratedProguardFiles UP-TO-DATE
> Task :folio-local-language:mergeReleaseGeneratedProguardFiles UP-TO-DATE
> Task :expo-dev-launcher:exportReleaseConsumerProguardFiles UP-TO-DATE
> Task :expo-dev-launcher:bundleLibRuntimeToJarRelease UP-TO-DATE
> Task :expo-manifests:processReleaseJavaRes UP-TO-DATE
> Task :expo-manifests:createFullJarRelease UP-TO-DATE
> Task :expo-dev-launcher:processReleaseJavaRes UP-TO-DATE
> Task :expo-manifests:extractReleaseAnnotations UP-TO-DATE
> Task :expo-manifests:mergeReleaseConsumerProguardFiles UP-TO-DATE
> Task :expo-dev-launcher:createFullJarRelease UP-TO-DATE
> Task :folio-local-language:exportReleaseConsumerProguardFiles UP-TO-DATE
> Task :folio-local-language:bundleLibRuntimeToJarRelease UP-TO-DATE
> Task :expo-dev-launcher:extractReleaseAnnotations UP-TO-DATE
> Task :expo-manifests:mergeReleaseJavaResource UP-TO-DATE
> Task :react-native-gesture-handler:compileReleaseKotlin UP-TO-DATE
> Task :expo-dev-launcher:mergeReleaseConsumerProguardFiles UP-TO-DATE
> Task :expo-manifests:syncReleaseLibJars UP-TO-DATE
> Task :expo-dev-launcher:mergeReleaseJavaResource UP-TO-DATE
> Task :expo-manifests:bundleReleaseLocalLintAar UP-TO-DATE
> Task :expo-dev-launcher:syncReleaseLibJars UP-TO-DATE
> Task :expo-constants:bundleReleaseLocalLintAar
> Task :expo-dev-menu:compileReleaseKotlin UP-TO-DATE
> Task :react-native-gesture-handler:compileReleaseJavaWithJavac UP-TO-DATE
> Task :expo-dev-menu:compileReleaseJavaWithJavac UP-TO-DATE
> Task :expo-dev-launcher:bundleReleaseLocalLintAar UP-TO-DATE
> Task :expo-dev-menu:bundleLibCompileToJarRelease UP-TO-DATE
> Task :react-native-gesture-handler:mergeReleaseGeneratedProguardFiles UP-TO-DATE
> Task :react-native-gesture-handler:exportReleaseConsumerProguardFiles UP-TO-DATE
> Task :expo-dev-menu:mergeReleaseGeneratedProguardFiles UP-TO-DATE
> Task :expo-dev-menu:exportReleaseConsumerProguardFiles UP-TO-DATE
> Task :react-native-gesture-handler:bundleLibCompileToJarRelease UP-TO-DATE
> Task :expo-dev-menu:bundleLibRuntimeToJarRelease UP-TO-DATE
> Task :react-native-gesture-handler:bundleLibRuntimeToJarRelease UP-TO-DATE

> Task :app:createBundleReleaseJsAndAssets
Expo Autolinking module resolution enabled

> Task :expo-dev-menu:processReleaseJavaRes UP-TO-DATE
> Task :react-native-gesture-handler:processReleaseJavaRes UP-TO-DATE
> Task :expo-dev-menu:createFullJarRelease UP-TO-DATE
> Task :react-native-gesture-handler:createFullJarRelease UP-TO-DATE
> Task :folio-local-language:processReleaseJavaRes UP-TO-DATE
> Task :expo-iap:compileReleaseKotlin UP-TO-DATE
> Task :expo-dev-menu:extractReleaseAnnotations UP-TO-DATE
> Task :expo-dev-menu:mergeReleaseConsumerProguardFiles UP-TO-DATE
> Task :expo-iap:compileReleaseJavaWithJavac UP-TO-DATE
> Task :expo-dev-menu:mergeReleaseJavaResource UP-TO-DATE
> Task :expo-iap:bundleLibCompileToJarRelease UP-TO-DATE
> Task :expo-iap:mergeReleaseGeneratedProguardFiles UP-TO-DATE
> Task :expo-dev-menu:syncReleaseLibJars UP-TO-DATE
> Task :folio-local-language:createFullJarRelease UP-TO-DATE
> Task :expo-iap:exportReleaseConsumerProguardFiles UP-TO-DATE
> Task :folio-reader:compileReleaseKotlin UP-TO-DATE
> Task :expo-dev-menu:bundleReleaseLocalLintAar UP-TO-DATE
> Task :expo-iap:bundleLibRuntimeToJarRelease UP-TO-DATE
> Task :expo-iap:processReleaseJavaRes UP-TO-DATE
> Task :folio-local-language:extractReleaseAnnotations UP-TO-DATE
> Task :react-native-gesture-handler:generateReleaseLintModel UP-TO-DATE
> Task :folio-local-language:mergeReleaseConsumerProguardFiles UP-TO-DATE
> Task :expo-iap:createFullJarRelease UP-TO-DATE
> Task :react-native-gesture-handler:stripReleaseDebugSymbols UP-TO-DATE
> Task :folio-reader:compileReleaseJavaWithJavac UP-TO-DATE
> Task :folio-local-language:mergeReleaseJavaResource UP-TO-DATE
> Task :react-native-gesture-handler:copyReleaseJniLibsProjectAndLocalJars UP-TO-DATE
> Task :folio-local-language:syncReleaseLibJars UP-TO-DATE
> Task :expo-iap:extractReleaseAnnotations UP-TO-DATE
> Task :folio-reader:bundleLibCompileToJarRelease UP-TO-DATE
> Task :expo-iap:mergeReleaseConsumerProguardFiles UP-TO-DATE
> Task :folio-local-language:bundleReleaseLocalLintAar UP-TO-DATE
> Task :react-native-gesture-handler:extractReleaseAnnotations UP-TO-DATE
> Task :react-native-gesture-handler:mergeReleaseConsumerProguardFiles UP-TO-DATE
> Task :expo-iap:mergeReleaseJavaResource UP-TO-DATE
> Task :folio-reader:mergeReleaseGeneratedProguardFiles UP-TO-DATE
> Task :react-native-gesture-handler:mergeReleaseJavaResource UP-TO-DATE
> Task :expo-iap:syncReleaseLibJars UP-TO-DATE
> Task :folio-reader:exportReleaseConsumerProguardFiles UP-TO-DATE
> Task :react-native-gesture-handler:syncReleaseLibJars UP-TO-DATE
> Task :folio-reader:bundleLibRuntimeToJarRelease UP-TO-DATE
> Task :react-native-gesture-handler:bundleReleaseLocalLintAar UP-TO-DATE
> Task :expo-iap:bundleReleaseLocalLintAar UP-TO-DATE
> Task :folio-reader:processReleaseJavaRes UP-TO-DATE
> Task :folio-reader:createFullJarRelease UP-TO-DATE
> Task :react-native-gesture-handler:lintVitalAnalyzeRelease UP-TO-DATE
> Task :folio-reader:extractReleaseAnnotations UP-TO-DATE
> Task :react-native-gesture-handler:generateReleaseLintVitalModel UP-TO-DATE
> Task :folio-reader:mergeReleaseConsumerProguardFiles UP-TO-DATE
> Task :expo-modules-core:generateReleaseLintModel UP-TO-DATE
> Task :folio-reader:mergeReleaseJavaResource UP-TO-DATE
> Task :expo-constants:generateReleaseLintModel UP-TO-DATE
> Task :expo-json-utils:generateReleaseLintModel UP-TO-DATE
> Task :expo-dev-menu-interface:generateReleaseLintModel UP-TO-DATE
> Task :expo-manifests:generateReleaseLintModel UP-TO-DATE
> Task :expo-log-box:generateReleaseLintModel UP-TO-DATE
> Task :expo-updates-interface:generateReleaseLintModel UP-TO-DATE
> Task :folio-local-vault:generateReleaseLintModel UP-TO-DATE
> Task :expo-speech-recognition:generateReleaseLintModel UP-TO-DATE
> Task :expo-eas-client:generateReleaseLintModel UP-TO-DATE
> Task :expo-constants:generateReleaseLintVitalModel UP-TO-DATE
> Task :expo-modules-core:stripReleaseDebugSymbols UP-TO-DATE
> Task :expo-dev-menu-interface:generateReleaseLintVitalModel UP-TO-DATE
> Task :expo-eas-client:generateReleaseLintVitalModel UP-TO-DATE
> Task :expo-modules-core:copyReleaseJniLibsProjectAndLocalJars UP-TO-DATE
> Task :expo-modules-core:extractReleaseAnnotations UP-TO-DATE
> Task :expo-modules-core:mergeReleaseConsumerProguardFiles UP-TO-DATE
> Task :expo-dev-client:generateReleaseLintModel UP-TO-DATE
> Task :folio-local-language:generateReleaseLintModel UP-TO-DATE
> Task :expo-dev-client:generateReleaseLintVitalModel UP-TO-DATE
> Task :expo-json-utils:generateReleaseLintVitalModel UP-TO-DATE
> Task :expo-manifests:generateReleaseLintVitalModel UP-TO-DATE
> Task :expo-log-box:generateReleaseLintVitalModel UP-TO-DATE
> Task :expo-updates-interface:generateReleaseLintVitalModel UP-TO-DATE
> Task :expo-speech-recognition:generateReleaseLintVitalModel UP-TO-DATE
> Task :expo-modules-core:mergeReleaseJavaResource UP-TO-DATE
> Task :expo-modules-core:syncReleaseLibJars UP-TO-DATE
> Task :folio-local-vault:generateReleaseLintVitalModel UP-TO-DATE
> Task :expo-modules-core:bundleReleaseLocalLintAar UP-TO-DATE
> Task :folio-local-language:generateReleaseLintVitalModel UP-TO-DATE
> Task :expo-constants:lintVitalAnalyzeRelease UP-TO-DATE
> Task :expo-dev-menu-interface:lintVitalAnalyzeRelease UP-TO-DATE
> Task :expo-dev-client:lintVitalAnalyzeRelease UP-TO-DATE
> Task :expo-eas-client:lintVitalAnalyzeRelease UP-TO-DATE
> Task :expo-modules-core:generateReleaseLintVitalModel UP-TO-DATE
> Task :expo-json-utils:lintVitalAnalyzeRelease UP-TO-DATE
> Task :expo-log-box:lintVitalAnalyzeRelease UP-TO-DATE
> Task :expo-manifests:lintVitalAnalyzeRelease UP-TO-DATE
> Task :expo-modules-core:lintVitalAnalyzeRelease UP-TO-DATE
> Task :expo-updates-interface:lintVitalAnalyzeRelease UP-TO-DATE
> Task :folio-local-language:lintVitalAnalyzeRelease UP-TO-DATE
> Task :expo-speech-recognition:lintVitalAnalyzeRelease UP-TO-DATE
> Task :folio-local-vault:lintVitalAnalyzeRelease UP-TO-DATE
> Task :expo-dev-launcher:generateReleaseLintModel UP-TO-DATE
> Task :expo-updates:kspReleaseKotlin UP-TO-DATE
> Task :expo-dev-launcher:lintVitalAnalyzeRelease UP-TO-DATE
> Task :expo-structured-headers:generateReleaseLintModel UP-TO-DATE
> Task :expo-dev-launcher:generateReleaseLintVitalModel UP-TO-DATE
> Task :expo-structured-headers:lintVitalAnalyzeRelease UP-TO-DATE
> Task :expo-iap:generateReleaseLintModel UP-TO-DATE
> Task :expo-structured-headers:generateReleaseLintVitalModel UP-TO-DATE
> Task :expo-iap:lintVitalAnalyzeRelease UP-TO-DATE
> Task :expo-dev-menu:generateReleaseLintModel UP-TO-DATE
> Task :expo-iap:generateReleaseLintVitalModel UP-TO-DATE
> Task :expo-dev-menu:lintVitalAnalyzeRelease UP-TO-DATE
> Task :expo-dev-menu:generateReleaseLintVitalModel UP-TO-DATE
> Task :folio-reader:generateReleaseLintModel UP-TO-DATE
> Task :folio-reader:syncReleaseLibJars UP-TO-DATE
> Task :folio-reader:bundleReleaseLocalLintAar UP-TO-DATE
> Task :clerk-expo-passkeys:generateReleaseLintModel UP-TO-DATE
> Task :folio-reader:lintVitalAnalyzeRelease UP-TO-DATE
> Task :folio-reader:generateReleaseLintVitalModel UP-TO-DATE
> Task :clerk-expo-passkeys:lintVitalAnalyzeRelease UP-TO-DATE
> Task :expo-updates:compileReleaseKotlin UP-TO-DATE
> Task :clerk-expo-passkeys:generateReleaseLintVitalModel UP-TO-DATE
> Task :expo-updates:compileReleaseJavaWithJavac UP-TO-DATE
> Task :expo-updates:bundleLibCompileToJarRelease UP-TO-DATE
> Task :expo-updates:mergeReleaseGeneratedProguardFiles UP-TO-DATE
> Task :expo-updates:exportReleaseConsumerProguardFiles UP-TO-DATE
> Task :expo-updates:bundleLibRuntimeToJarRelease UP-TO-DATE
> Task :expo-updates:processReleaseJavaRes UP-TO-DATE
> Task :expo-updates:createFullJarRelease UP-TO-DATE
> Task :expo-updates:generateReleaseLintModel UP-TO-DATE
> Task :expo-updates:extractReleaseAnnotations UP-TO-DATE
> Task :expo-updates:mergeReleaseConsumerProguardFiles UP-TO-DATE
> Task :expo-updates:mergeReleaseJavaResource UP-TO-DATE
> Task :expo-updates:syncReleaseLibJars UP-TO-DATE
> Task :expo-updates:bundleReleaseLocalLintAar UP-TO-DATE
> Task :expo-updates:lintVitalAnalyzeRelease UP-TO-DATE
> Task :expo-updates:generateReleaseLintVitalModel UP-TO-DATE
> Task :expo:compileReleaseKotlin UP-TO-DATE
> Task :expo:compileReleaseJavaWithJavac UP-TO-DATE
> Task :expo:mergeReleaseGeneratedProguardFiles UP-TO-DATE
> Task :expo:exportReleaseConsumerProguardFiles UP-TO-DATE
> Task :expo:bundleLibCompileToJarRelease UP-TO-DATE
> Task :expo:bundleLibRuntimeToJarRelease UP-TO-DATE
> Task :expo:processReleaseJavaRes UP-TO-DATE
> Task :expo:createFullJarRelease UP-TO-DATE
> Task :expo:generateReleaseLintModel UP-TO-DATE
> Task :expo:extractReleaseAnnotations UP-TO-DATE
> Task :expo:mergeReleaseConsumerProguardFiles UP-TO-DATE
> Task :expo:mergeReleaseJavaResource UP-TO-DATE
> Task :expo:syncReleaseLibJars UP-TO-DATE
> Task :expo:bundleReleaseLocalLintAar UP-TO-DATE
> Task :expo:generateReleaseLintVitalModel UP-TO-DATE

> Task :app:createBundleReleaseJsAndAssets
Starting Metro Bundler

warning: Bundler cache is empty, rebuilding (this may take a minute)
| (node:57648) Warning: The 'NO_COLOR' env is ignored due to the 'FORCE_COLOR' env being set.
| (Use `node --trace-warnings ...` to show where the warning was created)
| (node:57648) Warning: The 'NO_COLOR' env is ignored due to the 'FORCE_COLOR' env being set.
| (Use `node --trace-warnings ...` to show where the warning was created)
| (node:57648) Warning: The 'NO_COLOR' env is ignored due to the 'FORCE_COLOR' env being set.
| (Use `node --trace-warnings ...` to show where the warning was created)
| (node:57648) Warning: The 'NO_COLOR' env is ignored due to the 'FORCE_COLOR' env being set.
| (Use `node --trace-warnings ...` to show where the warning was created)
| (node:57648) Warning: The 'NO_COLOR' env is ignored due to the 'FORCE_COLOR' env being set.
| (Use `node --trace-warnings ...` to show where the warning was created)
| (node:57648) Warning: The 'NO_COLOR' env is ignored due to the 'FORCE_COLOR' env being set.
| (Use `node --trace-warnings ...` to show where the warning was created)
| (node:57648) Warning: The 'NO_COLOR' env is ignored due to the 'FORCE_COLOR' env being set.
| (Use `node --trace-warnings ...` to show where the warning was created)
| (node:57648) Warning: The 'NO_COLOR' env is ignored due to the 'FORCE_COLOR' env being set.
| (Use `node --trace-warnings ...` to show where the warning was created)
| (node:57648) Warning: The 'NO_COLOR' env is ignored due to the 'FORCE_COLOR' env being set.
| (Use `node --trace-warnings ...` to show where the warning was created)
| (node:57648) Warning: The 'NO_COLOR' env is ignored due to the 'FORCE_COLOR' env being set.
| (Use `node --trace-warnings ...` to show where the warning was created)
| (node:57648) Warning: The 'NO_COLOR' env is ignored due to the 'FORCE_COLOR' env being set.
| (Use `node --trace-warnings ...` to show where the warning was created)
| (node:57648) Warning: The 'NO_COLOR' env is ignored due to the 'FORCE_COLOR' env being set.
| (Use `node --trace-warnings ...` to show where the warning was created)
| (node:57648) Warning: The 'NO_COLOR' env is ignored due to the 'FORCE_COLOR' env being set.
| (Use `node --trace-warnings ...` to show where the warning was created)
 WARN  Attempted to import the module "C:\dev\melo-native-today-batch1-2026-08-24\node_modules\@noble\hashes\crypto.js" which is not listed in the "exports" of "C:\dev\melo-native-today-batch1-2026-08-24\node_modules\@noble\hashes" under the requested subpath "./crypto.js". Falling back to file-based resolution. Consider updating the call site or asking the package maintainer(s) to expose this API.
Android Bundled 16945ms node_modules\expo-router\entry.js (2861 modules)
Writing bundle output to: android\app\build\generated\assets\react\release\index.android.bundle
Writing sourcemap output to: android\app\build\intermediates\sourcemaps\react\release\index.android.bundle.packager.map
Copying 54 asset files
Done writing bundle output
Done writing sourcemap output

> Task :expo:lintVitalAnalyzeRelease
> Task :app:preBuild
> Task :app:preReleaseBuild
> Task :app:configureCMakeRelWithDebInfo[arm64-v8a]
> Task :app:buildCMakeRelWithDebInfo[arm64-v8a]
> Task :app:configureCMakeRelWithDebInfo[x86_64]
> Task :app:buildCMakeRelWithDebInfo[x86_64]
> Task :app:mergeReleaseJniLibFolders UP-TO-DATE
> Task :app:mergeReleaseNativeLibs UP-TO-DATE
> Task :app:stripReleaseDebugSymbols UP-TO-DATE
> Task :app:extractReleaseNativeSymbolTables UP-TO-DATE
> Task :app:mergeReleaseNativeDebugMetadata UP-TO-DATE
> Task :app:checkReleaseDuplicateClasses UP-TO-DATE
> Task :app:generateReleaseBuildConfig
> Task :app:checkReleaseAarMetadata UP-TO-DATE
> Task :app:createBundleReleaseJsAndAssets_SentryUpload_com.folio.v2.greenfield@0.0.5+5_5 SKIPPED
> Task :app:generateReleaseResValues UP-TO-DATE
> Task :app:mapReleaseSourceSetPaths UP-TO-DATE
> Task :app:generateReleaseResources UP-TO-DATE
> Task :app:mergeReleaseResources UP-TO-DATE
> Task :app:packageReleaseResources UP-TO-DATE
> Task :app:parseReleaseLocalResources UP-TO-DATE
> Task :app:createReleaseCompatibleScreenManifests
> Task :app:extractDeepLinksRelease

> Task :app:processReleaseMainManifest
C:\dev\melo-native-today-batch1-2026-08-24\apps\mobile\android\app\src\main\AndroidManifest.xml:6:3-95 Warning:
	uses-permission#android.permission.SYSTEM_ALERT_WINDOW was tagged at AndroidManifest.xml:6 to remove other declarations but no other declaration present
C:\dev\melo-native-today-batch1-2026-08-24\apps\mobile\android\app\src\main\AndroidManifest.xml Warning:
	provider#expo.modules.filesystem.FileSystemFileProvider@android:authorities was tagged at AndroidManifest.xml:0 to replace other declarations but no other declaration present
C:\dev\melo-native-today-batch1-2026-08-24\apps\mobile\android\app\src\main\AndroidManifest.xml Warning:
	activity#expo.modules.imagepicker.ExpoCropImageActivity@android:exported was tagged at AndroidManifest.xml:0 to replace other declarations but no other declaration present

> Task :app:expoReleaseOverrideMaxSdkConflicts
[33m---------- Expo Max Sdk Override Plugin ----------[0m
[32m>>> No 'android:maxSdkVersion' conflicts found[0m
[33m--------------------------------------------------[0m

> Task :app:processReleaseManifest
> Task :app:javaPreCompileRelease UP-TO-DATE
> Task :app:mergeReleaseArtProfile UP-TO-DATE
> Task :app:extractProguardFiles UP-TO-DATE
> Task :app:mergeReleaseStartupProfile UP-TO-DATE
> Task :app:mergeReleaseShaders UP-TO-DATE
> Task :app:compileReleaseShaders NO-SOURCE

> Task :app:createReleaseUpdatesResources
🔍 [expo-iap] Config values: horizonAppId=undefined, isHorizonEnabled=false, isOnsideEnabled=false
📦 [expo-iap] Using OpenIAP from CocoaPods
› [@sentry/react-native/expo] Missing config for organization, project. Environment variables will be used as a fallback during the build. https://docs.sentry.io/platforms/react-native/manual-setup/
Expo Autolinking module resolution enabled
 WARN  Attempted to import the module "C:\dev\melo-native-today-batch1-2026-08-24\node_modules\@noble\hashes\crypto.js" which is not listed in the "exports" of "C:\dev\melo-native-today-batch1-2026-08-24\node_modules\@noble\hashes" under the requested subpath "./crypto.js". Falling back to file-based resolution. Consider updating the call site or asking the package maintainer(s) to expose this API.
{"sources":[{"type":"file","filePath":"../../node_modules/@expo/config-plugins/build/android/BuildProperties.js","reasons":["expoConfigPlugins"],"hash":"4c8f334d334c6e26208f4f638112b00b5f551e80"},{"type":"file","filePath":"../../node_modules/@expo/config-plugins/build/android/codeMod.js","reasons":["expoConfigPlugins"],"hash":"04eadaa3b175dbbb7b32f4038e15ecfce7d15bb8"},{"type":"file","filePath":"../../node_modules/@expo/config-plugins/build/android/Colors.js","reasons":["expoConfigPlugins"],"hash":"65bece73816c39c39a64f99af2a617685fe55fff"},{"type":"file","filePath":"../../node_modules/@expo/config-plugins/build/android/index.js","reasons":["expoConfigPlugins"],"hash":"de790cc13474dae2d144a3a0acdedfb8d09d844d"},{"type":"file","filePath":"../../node_modules/@expo/config-plugins/build/android/Manifest.js","reasons":["expoConfigPlugins"],"hash":"8ce09c72e4c33b64cb851fb201f8701df4804737"},{"type":"file","filePath":"../../node_modules/@expo/config-plugins/build/android/Permissions.js","reasons":["expoConfigPlugins"],"hash":"4126f0b707e72b825673cde28b3a75ca52baf405"},{"type":"file","filePath":"../../node_modules/@expo/config-plugins/build/index.js","reasons":["expoConfigPlugins"],"hash":"cfb8b658f4a9a95eab1d60f23ab86c3ebda81720"},{"type":"file","filePath":"../../node_modules/@expo/config-plugins/build/ios/BuildProperties.js","reasons":["expoConfigPlugins"],"hash":"f8d2dc1dced6f2dadddf78e8ed7fd1cdffee3f5c"},{"type":"file","filePath":"../../node_modules/@expo/config-plugins/build/ios/index.js","reasons":["expoConfigPlugins"],"hash":"4b1cc67535a435a7e8fb7d24b73f29bf09db3142"},{"type":"file","filePath":"../../node_modules/@expo/config-plugins/build/ios/Permissions.js","reasons":["expoConfigPlugins"],"hash":"33cf8daf6ca5afcf5fa487cd1cc3b499f56b314a"},{"type":"file","filePath":"../../node_modules/@expo/config-plugins/build/Plugin.types.js","reasons":["expoConfigPlugins"],"hash":"774f9efa8ae55e18de054e585f8e7082ca2943c9"},{"type":"file","filePath":"../../node_modules/@expo/config-plugins/build/plugins/android-plugins.js","reasons":["expoConfigPlugins"],"hash":"50dd08e8fe656231469f5c1fb40f01157edc8b94"},{"type":"file","filePath":"../../node_modules/@expo/config-plugins/build/plugins/createBaseMod.js","reasons":["expoConfigPlugins"],"hash":"37b34773c7add9d983a37fd230e7c51732f8a4b4"},{"type":"file","filePath":"../../node_modules/@expo/config-plugins/build/plugins/ios-plugins.js","reasons":["expoConfigPlugins"],"hash":"890b7a2c129470585f417a87ec656e385edae598"},{"type":"file","filePath":"../../node_modules/@expo/config-plugins/build/plugins/mod-compiler.js","reasons":["expoConfigPlugins"],"hash":"d9151fdeb6e3912d8e9a5a7f963fb8aee662dace"},{"type":"file","filePath":"../../node_modules/@expo/config-plugins/build/plugins/withAndroidBaseMods.js","reasons":["expoConfigPlugins"],"hash":"3548851b13b85f63eaed8d74bef73be3270b599c"},{"type":"file","filePath":"../../node_modules/@expo/config-plugins/build/plugins/withDangerousMod.js","reasons":["expoConfigPlugins"],"hash":"37373320468d1fe3d56da799d0e16ad976b6d77f"},{"type":"file","filePath":"../../node_modules/@expo/config-plugins/build/plugins/withFinalizedMod.js","reasons":["expoConfigPlugins"],"hash":"fade1338f5bd83a41ead0dedaf61f76d20959cb8"},{"type":"file","filePath":"../../node_modules/@expo/config-plugins/build/plugins/withIosBaseMods.js","reasons":["expoConfigPlugins"],"hash":"ae8b74745688a9dca2393d3d58d885bc982db060"},{"type":"file","filePath":"../../node_modules/@expo/config-plugins/build/plugins/withMod.js","reasons":["expoConfigPlugins"],"hash":"37acf8c985ceb9fc11a3e683d87962db78cc0d3a"},{"type":"file","filePath":"../../node_modules/@expo/config-plugins/build/plugins/withPlugins.js","reasons":["expoConfigPlugins"],"hash":"366b66c6a956117f72bc90cb63a5d87223b9ca26"},{"type":"file","filePath":"../../node_modules/@expo/config-plugins/build/plugins/withRunOnce.js","reasons":["expoConfigPlugins"],"hash":"82bc7a862e08fdd19a2002fe5f31ccfa0e5fb94c"},{"type":"file","filePath":"../../node_modules/@expo/config-plugins/build/plugins/withStaticPlugin.js","reasons":["expoConfigPlugins"],"hash":"2a03769963960c3f1aa656ddfe4d00f70083ecd6"},{"type":"file","filePath":"../../node_modules/@expo/config-plugins/build/utils/errors.js","reasons":["expoConfigPlugins"],"hash":"0557ba67f69010260fe211d6bcb80931146624db"},{"type":"file","filePath":"../../node_modules/@expo/config-plugins/build/utils/generateCode.js","reasons":["expoConfigPlugins"],"hash":"85d00ca45c6daae3fdee5733086248366b64164c"},{"type":"file","filePath":"../../node_modules/@expo/config-plugins/build/utils/history.js","reasons":["expoConfigPlugins"],"hash":"b69b6ee277a281bfedc10f64e5e5d0c66a700d4c"},{"type":"file","filePath":"../../node_modules/@expo/config-plugins/build/utils/plugin-resolver.js","reasons":["expoConfigPlugins"],"hash":"76bade5c47ab86934fb2ddceff6a41e2a0d05047"},{"type":"file","filePath":"../../node_modules/@expo/config-plugins/build/utils/validations.js","reasons":["expoConfigPlugins"],"hash":"f85d3e92c19516516d9df66d4ee3a6de3cab99dc"},{"type":"file","filePath":"../../node_modules/@expo/config/build/buildCacheProvider.js","reasons":["expoConfigPlugins"],"hash":"55e5d7a05955e00a6dd313a0a8f6642a495cf282"},{"type":"file","filePath":"../../node_modules/@expo/config/build/Config.js","reasons":["expoConfigPlugins"],"hash":"c00c58226e741fff795853bd45d80c50a930e1da"},{"type":"file","filePath":"../../node_modules/@expo/config/build/Config.types.js","reasons":["expoConfigPlugins"],"hash":"0c25aa7bd09bedaf468160dfc402da13557ace91"},{"type":"file","filePath":"../../node_modules/@expo/config/build/environment.js","reasons":["expoConfigPlugins"],"hash":"1349a7afa9b372da89dcf91e50426e9422fb2c88"},{"type":"file","filePath":"../../node_modules/@expo/config/build/Errors.js","reasons":["expoConfigPlugins"],"hash":"197102cdb7b5825baf4bb90f4bce0b3aeaf6c566"},{"type":"file","filePath":"../../node_modules/@expo/config/build/evalConfig.js","reasons":["expoConfigPlugins"],"hash":"b9cbfa98aa521e4f77fedcf4ee0a66b5aa38934f"},{"type":"file","filePath":"../../node_modules/@expo/config/build/getConfig.js","reasons":["expoConfigPlugins"],"hash":"5d7e033ee030cecbf480ccd308f84536304224a9"},{"type":"file","filePath":"../../node_modules/@expo/config/build/getExpoSDKVersion.js","reasons":["expoConfigPlugins"],"hash":"765d4737159a9131e4859a79a5b43084236fbed1"},{"type":"file","filePath":"../../node_modules/@expo/config/build/index.js","reasons":["expoConfigPlugins"],"hash":"34a56bca96614808fbe217e058539da4f8845a49"},{"type":"file","filePath":"../../node_modules/@expo/config/build/plugins/withConfigPlugins.js","reasons":["expoConfigPlugins"],"hash":"72a222c97d762bcaa43ec1329983d62b8fd6b102"},{"type":"file","filePath":"../../node_modules/@expo/config/build/plugins/withInternal.js","reasons":["expoConfigPlugins"],"hash":"7e1944a6b2d84fbbd7da725357d7b6479ddeb620"},{"type":"file","filePath":"../../node_modules/@expo/config/build/resolvePackageJson.js","reasons":["expoConfigPlugins"],"hash":"76c81ecb73d3d2e66ee67961ad61bcae9941a096"},{"type":"file","filePath":"../../node_modules/@expo/config/build/Serialize.js","reasons":["expoConfigPlugins"],"hash":"4346f7e9052a4a686322a995305f36dfb2d1258f"},{"type":"file","filePath":"../../node_modules/@expo/image-utils/build/Cache.js","reasons":["expoConfigPlugins"],"hash":"6e4486f8bc634dba0da340c595c9dfe1afabd184"},{"type":"file","filePath":"../../node_modules/@expo/image-utils/build/Download.js","reasons":["expoConfigPlugins"],"hash":"e5033460819b567c014c4ff799bf264df6c0e4dd"},{"type":"file","filePath":"../../node_modules/@expo/image-utils/build/env.js","reasons":["expoConfigPlugins"],"hash":"9ca75fde021dcc793c86c8b903fb9366336e9213"},{"type":"file","filePath":"../../node_modules/@expo/image-utils/build/Ico.js","reasons":["expoConfigPlugins"],"hash":"35ba0971ae24ce6368b27ce68dc529a1d692e763"},{"type":"file","filePath":"../../node_modules/@expo/image-utils/build/Image.js","reasons":["expoConfigPlugins"],"hash":"84c0ede30785e89baa7ab3719d484b4ffab73e76"},{"type":"file","filePath":"../../node_modules/@expo/image-utils/build/index.js","reasons":["expoConfigPlugins"],"hash":"2dacf8a6939d7c66b1cf9000bb4743c4ac9666bf"},{"type":"file","filePath":"../../node_modules/@expo/image-utils/build/jimp.js","reasons":["expoConfigPlugins"],"hash":"97258e0c78f495e09fe4ad0380fa70d24d44d5ab"},{"type":"file","filePath":"../../node_modules/@expo/image-utils/build/sharp.js","reasons":["expoConfigPlugins"],"hash":"99445ee00796ff9641ca6dc12d41bebbb0e4629c"},{"type":"file","filePath":"../../node_modules/@expo/json-file/build/JsonFile.js","reasons":["expoConfigPlugins"],"hash":"02f9fb2702447007edf23ec41cff5eb807a1ada5"},{"type":"file","filePath":"../../node_modules/@expo/json-file/build/JsonFileError.js","reasons":["expoConfigPlugins"],"hash":"642cf9543ab0690e88e81b59b5c7f1506c0ce90b"},{"type":"file","filePath":"../../node_modules/@expo/json-file/build/writeAtomic.js","reasons":["expoConfigPlugins"],"hash":"b3727d350e45c40d0b64b4123e005ab5f09ad2af"},{"type":"file","filePath":"../../node_modules/@expo/plist/build/build.js","reasons":["expoConfigPlugins"],"hash":"608945916d225f02dc3a252bf60fc68a03ffc3ec"},{"type":"file","filePath":"../../node_modules/@expo/plist/build/index.js","reasons":["expoConfigPlugins"],"hash":"218359b7cf164e5d901864c34296051bf7c2014a"},{"type":"file","filePath":"../../node_modules/@expo/plist/build/parse.js","reasons":["expoConfigPlugins"],"hash":"710c8991bee203e0095cebcc8d18a73b92344df9"},{"type":"file","filePath":"../../node_modules/@expo/require-utils/build/index.js","reasons":["expoConfigPlugins"],"hash":"30dc5832754477cca6415c11e6ac1457d16eb29d"},{"type":"file","filePath":"../../node_modules/@expo/require-utils/build/load.js","reasons":["expoConfigPlugins"],"hash":"cf7fb591b79d8434f9ff4831d8ff75900f9c5203"},{"type":"file","filePath":"../../node_modules/@expo/require-utils/build/resolve.js","reasons":["expoConfigPlugins"],"hash":"286694b2e9cf3d96e4b16151c0977508f4bd5765"},{"type":"file","filePath":"../../node_modules/@expo/require-utils/build/resolveGlobal.js","reasons":["expoConfigPlugins"],"hash":"f1f9e132925a28d3db7b3f97a7ccfefd2ac2f633"},{"type":"file","filePath":"../../node_modules/@expo/schema-utils/build/deref.js","reasons":["expoConfigPlugins"],"hash":"969a13f4fe606f788af627fe3317f3839eabebf3"},{"type":"file","filePath":"../../node_modules/@expo/schema-utils/build/index.js","reasons":["expoConfigPlugins"],"hash":"ed1217a2dcd7d01d5ea69bd8dbe8edb40e933c63"},{"type":"file","filePath":"../../node_modules/@expo/schema-utils/build/validate.js","reasons":["expoConfigPlugins"],"hash":"c6ebc2a294ebe3d4e12b3190ddbc28490515daa3"},{"type":"file","filePath":"../../node_modules/@sentry/react-native/expo.js","reasons":["expoConfigPlugins"],"hash":"d8d52eb35882add604ac82eef3aec8ee9432ef21"},{"type":"file","filePath":"../../node_modules/@sentry/react-native/package.json","reasons":["expoConfigPlugins"],"hash":"815f877c65062d9d7bd3184f826f81aac83889eb"},{"type":"file","filePath":"../../node_modules/@sentry/react-native/plugin/build/index.js","reasons":["expoConfigPlugins"],"hash":"947f0c4d019bc60b73c4a32906f7ed5090b0f0bc"},{"type":"file","filePath":"../../node_modules/@sentry/react-native/plugin/build/utils.js","reasons":["expoConfigPlugins"],"hash":"ea821bbf495760fd9c068716101b06ab29759ce8"},{"type":"file","filePath":"../../node_modules/@sentry/react-native/plugin/build/withSentry.js","reasons":["expoConfigPlugins"],"hash":"a510e5f6b661f74feb1b896e421aa15d0829381e"},{"type":"file","filePath":"../../node_modules/@sentry/react-native/plugin/build/withSentryAndroid.js","reasons":["expoConfigPlugins"],"hash":"aca35bf05906321b6d6206931c56ca6f3a49db5a"},{"type":"file","filePath":"../../node_modules/@sentry/react-native/plugin/build/withSentryAndroidGradlePlugin.js","reasons":["expoConfigPlugins"],"hash":"cac2e54981fbc328725f0739adbc13a207aeec61"},{"type":"file","filePath":"../../node_modules/@sentry/react-native/plugin/build/withSentryIOS.js","reasons":["expoConfigPlugins"],"hash":"5a6230e1314dc2fb4ae3f601c9029a23c307bd2a"},{"type":"file","filePath":"../../node_modules/@xmldom/xmldom/lib/conventions.js","reasons":["expoConfigPlugins"],"hash":"ae62cc0ef6f454d529f9e2b538681237772b81f8"},{"type":"file","filePath":"../../node_modules/@xmldom/xmldom/lib/dom-parser.js","reasons":["expoConfigPlugins"],"hash":"585f7011d35bb0f95098d2cf97b52dd7d753da55"},{"type":"file","filePath":"../../node_modules/@xmldom/xmldom/lib/dom.js","reasons":["expoConfigPlugins"],"hash":"f9ca3981246e22f57c5a960b0baba0e853cbce4b"},{"type":"file","filePath":"../../node_modules/@xmldom/xmldom/lib/entities.js","reasons":["expoConfigPlugins"],"hash":"d74f17f4d64e9885a54b9f93ae7e8387bdfa3962"},{"type":"file","filePath":"../../node_modules/@xmldom/xmldom/lib/index.js","reasons":["expoConfigPlugins"],"hash":"f0811dc45369d4a72e292c9e9fa8822058058c77"},{"type":"file","filePath":"../../node_modules/@xmldom/xmldom/lib/sax.js","reasons":["expoConfigPlugins"],"hash":"af7f552a5e55bb4dac0fff7d2c5d69b642baa872"},{"type":"file","filePath":"../../node_modules/ansi-styles/index.js","reasons":["expoConfigPlugins"],"hash":"5f96df8b074e4854c03db87ef309eb6c741f4618"},{"type":"file","filePath":"../../node_modules/base64-js/index.js","reasons":["expoConfigPlugins"],"hash":"8de581e64d323f2130cbfb1a154d62acf894ff5e"},{"type":"file","filePath":"../../node_modules/big-integer/BigInteger.js","reasons":["expoConfigPlugins"],"hash":"fbb931f281eab15e1a1d40b20122e6abe34afb6d"},{"type":"file","filePath":"../../node_modules/bplist-creator/bplistCreator.js","reasons":["expoConfigPlugins"],"hash":"ab96841abbb4b140c564440760b908fe2d368da9"},{"type":"file","filePath":"../../node_modules/bplist-parser/bplistParser.js","reasons":["expoConfigPlugins"],"hash":"c1e95333be94a8420cdf10e66f9f6ce7bdceff93"},{"type":"file","filePath":"../../node_modules/chalk/source/index.js","reasons":["expoConfigPlugins"],"hash":"8c580aa7500d9969056a236df949fefc3db41905"},{"type":"file","filePath":"../../node_modules/chalk/source/util.js","reasons":["expoConfigPlugins"],"hash":"4cb1e8afae9bc10f49a678034e835399ab9c0bcd"},{"type":"file","filePath":"../../node_modules/expo-audio/app.plugin.js","reasons":["expoConfigPlugins"],"hash":"3dbd978deab632da60f26c34d6bf5b5af85f9b5a"},{"type":"file","filePath":"../../node_modules/expo-audio/package.json","reasons":["expoConfigPlugins"],"hash":"5c3134be6070397ecceedcc0e05a1bbbb8e5a8da"},{"type":"file","filePath":"../../node_modules/expo-audio/plugin/build/withAudio.js","reasons":["expoConfigPlugins"],"hash":"07d9edcbd1706f96d2b19d58926c6704aa7d0025"},{"type":"file","filePath":"../../node_modules/expo-build-properties/app.plugin.js","reasons":["expoConfigPlugins"],"hash":"1a5d7672b16206ac757b118553974288c4bb3e13"},{"type":"file","filePath":"../../node_modules/expo-build-properties/build/android.js","reasons":["expoConfigPlugins"],"hash":"37cf7c1fa36658a2a80ac151f5699a9eefc0beb2"},{"type":"file","filePath":"../../node_modules/expo-build-properties/build/androidPCHTemplates.js","reasons":["expoConfigPlugins"],"hash":"99e750f6035b1641367387009ef70a44dc4d05cd"},{"type":"file","filePath":"../../node_modules/expo-build-properties/build/androidQueryUtils.js","reasons":["expoConfigPlugins"],"hash":"c26bb466fb10a7a1f0d942f37dd00dc7ad9f4dfb"},{"type":"file","filePath":"../../node_modules/expo-build-properties/build/fileContentsUtils.js","reasons":["expoConfigPlugins"],"hash":"b260a8fc9f25a782de3de950382fe95bb65a7e5c"},{"type":"file","filePath":"../../node_modules/expo-build-properties/build/ios.js","reasons":["expoConfigPlugins"],"hash":"8d7fad14761e085ddea590072f75d5c3b0b42150"},{"type":"file","filePath":"../../node_modules/expo-build-properties/build/pluginConfig.js","reasons":["expoConfigPlugins"],"hash":"b7d68c0ea287a6717dc180bb6476c4db37d89495"},{"type":"file","filePath":"../../node_modules/expo-build-properties/build/withBuildProperties.js","reasons":["expoConfigPlugins"],"hash":"7d12c3f7cd2455f924b7846e8cd137f9e20dca6c"},{"type":"file","filePath":"../../node_modules/expo-iap/app.plugin.js","reasons":["expoConfigPlugins"],"hash":"1a2a5b43d93eeb10546dfd2e82cb5efd0115c2eb"},{"type":"file","filePath":"../../node_modules/expo-iap/package.json","reasons":["expoConfigPlugins"],"hash":"08f352799f5f153689fada2cf2dff0e5be917393"},{"type":"file","filePath":"../../node_modules/expo-iap/plugin/build/withIAP.js","reasons":["expoConfigPlugins"],"hash":"f0341ce559c2257834b73aefa70d144154ffbad4"},{"type":"file","filePath":"../../node_modules/expo-iap/plugin/build/withIosAlternativeBilling.js","reasons":["expoConfigPlugins"],"hash":"99fef3ea946ad7713d37ac772d718e0ea7683ca5"},{"type":"file","filePath":"../../node_modules/expo-iap/plugin/build/withLocalOpenIAP.js","reasons":["expoConfigPlugins"],"hash":"83d4633f3f92f9317f210b1c82bf796a4fcdfc78"},{"type":"file","filePath":"../../node_modules/expo-image-picker/app.plugin.js","reasons":["expoConfigPlugins"],"hash":"c073fb427a043a1b45a74e07e25ce9d03f27a0de"},{"type":"file","filePath":"../../node_modules/expo-image-picker/package.json","reasons":["expoConfigPlugins"],"hash":"9380f74c2edc1f43c66ccbd8bc99e56b1e622f51"},{"type":"file","filePath":"../../node_modules/expo-image-picker/plugin/build/withImagePicker.js","reasons":["expoConfigPlugins"],"hash":"7fcd42931c28bc07f22b19d0e07cab49cc8d1834"},{"type":"file","filePath":"../../node_modules/expo-notifications/app.plugin.js","reasons":["expoConfigPlugins"],"hash":"69c5237da1b08ca20ef03f222acff8024d73f93c"},{"type":"file","filePath":"../../node_modules/expo-notifications/package.json","reasons":["expoConfigPlugins"],"hash":"eeb805154bba0f42091a0f8ebd10bfefcae85115"},{"type":"file","filePath":"../../node_modules/expo-notifications/plugin/build/withNotifications.js","reasons":["expoConfigPlugins"],"hash":"009f6344581aa77d8eb252e3824d6441021ce197"},{"type":"file","filePath":"../../node_modules/expo-notifications/plugin/build/withNotificationsAndroid.js","reasons":["expoConfigPlugins"],"hash":"b9ba2bd6297257ee83437846f35e9508baca5976"},{"type":"file","filePath":"../../node_modules/expo-notifications/plugin/build/withNotificationsIOS.js","reasons":["expoConfigPlugins"],"hash":"8b043a42455c540a8718e9fd83b5b24ecea719e8"},{"type":"file","filePath":"../../node_modules/expo-router/app.plugin.js","reasons":["expoConfigPlugins"],"hash":"94d2a78cd11a7d7e3a2f62ddac4062e7f620c476"},{"type":"file","filePath":"../../node_modules/expo-router/plugin/build/withRouter.js","reasons":["expoConfigPlugins"],"hash":"be4dd04f11885d27e2d2297587b7de68bd3b428e"},{"type":"file","filePath":"../../node_modules/expo-router/plugin/options.json","reasons":["expoConfigPlugins"],"hash":"140d48a5f5bfd20c423ff22679407e85fa91139d"},{"type":"file","filePath":"../../node_modules/expo-secure-store/app.plugin.js","reasons":["expoConfigPlugins"],"hash":"c04a907e49099df7825e6b3d9b0f9cd8a817861f"},{"type":"file","filePath":"../../node_modules/expo-secure-store/package.json","reasons":["expoConfigPlugins"],"hash":"77dd77deba9cc68747395e584af47ae4d994507f"},{"type":"file","filePath":"../../node_modules/expo-secure-store/plugin/build/withSecureStore.js","reasons":["expoConfigPlugins"],"hash":"9b1069511fcba425f4de1621595666286e89fb32"},{"type":"file","filePath":"../../node_modules/expo-sharing/app.plugin.js","reasons":["expoConfigPlugins"],"hash":"eee15395748c51e88c97d263864f9d21ae008bd0"},{"type":"file","filePath":"../../node_modules/expo-sharing/package.json","reasons":["expoConfigPlugins"],"hash":"d0a3e6cb18fc3426f310b7c7a612a57e001e5230"},{"type":"file","filePath":"../../node_modules/expo-sharing/plugin/build/android/parseIntentFilters.js","reasons":["expoConfigPlugins"],"hash":"e078e1dda98acc79faa350d869e1840e2a895965"},{"type":"file","filePath":"../../node_modules/expo-sharing/plugin/build/android/withAndroidIntentFilters.js","reasons":["expoConfigPlugins"],"hash":"6a1fbf08af7ce05fd4c405cdb6692be2669cb555"},{"type":"file","filePath":"../../node_modules/expo-sharing/plugin/build/android/withShareIntoSchemeString.js","reasons":["expoConfigPlugins"],"hash":"35e428d898c6e0186b36151b8b54b3e5c2e0e9fa"},{"type":"file","filePath":"../../node_modules/expo-sharing/plugin/build/ios/conflictingExtensionExists.js","reasons":["expoConfigPlugins"],"hash":"0718da57c9f7592989810b3d657e462db7d8dc24"},{"type":"file","filePath":"../../node_modules/expo-sharing/plugin/build/ios/createEntitlements.js","reasons":["expoConfigPlugins"],"hash":"4346101171cea88192fbb75cd19366dd4a544262"},{"type":"file","filePath":"../../node_modules/expo-sharing/plugin/build/ios/createInfoPlistFile.js","reasons":["expoConfigPlugins"],"hash":"f828f760af6839a97014ead8b5dcd9e8ca80fb7c"},{"type":"file","filePath":"../../node_modules/expo-sharing/plugin/build/ios/setupShareExtensionFiles.js","reasons":["expoConfigPlugins"],"hash":"b7ccdd006ac855999e9d0cbfdeeb27024157e943"},{"type":"file","filePath":"../../node_modules/expo-sharing/plugin/build/ios/withAppGroupId.js","reasons":["expoConfigPlugins"],"hash":"c0b2c23b5d14711cacd06ca03f92e5077c9a865c"},{"type":"file","filePath":"../../node_modules/expo-sharing/plugin/build/ios/withIosWarning.js","reasons":["expoConfigPlugins"],"hash":"154d862f5845414f365bc6689243aa7838daf5f1"},{"type":"file","filePath":"../../node_modules/expo-sharing/plugin/build/ios/withShareExtensionFiles.js","reasons":["expoConfigPlugins"],"hash":"1786a487cdf6633400de56c0a3b816bf08141791"},{"type":"file","filePath":"../../node_modules/expo-sharing/plugin/build/ios/withShareExtensionXcodeProject.js","reasons":["expoConfigPlugins"],"hash":"7de8585af8aa3c7c140c462e09e3f7a9b06929ce"},{"type":"file","filePath":"../../node_modules/expo-sharing/plugin/build/ios/xcode/addBuildPhases.js","reasons":["expoConfigPlugins"],"hash":"4d73d39e0ddff59cf3009c9c2fe8eadfbedeaaf4"},{"type":"file","filePath":"../../node_modules/expo-sharing/plugin/build/ios/xcode/addPbxGroup.js","reasons":["expoConfigPlugins"],"hash":"d2fa6dbbb55fb56e61bd36ff4ecc348b988a8aa8"},{"type":"file","filePath":"../../node_modules/expo-sharing/plugin/build/ios/xcode/addProductFile.js","reasons":["expoConfigPlugins"],"hash":"2d92bb3fba9cb951888a20dd22c36ba838fa67b9"},{"type":"file","filePath":"../../node_modules/expo-sharing/plugin/build/ios/xcode/addToPbxNativeTargetSection.js","reasons":["expoConfigPlugins"],"hash":"e812407bc500c339aa0b29433010a24b7d3a8cbd"},{"type":"file","filePath":"../../node_modules/expo-sharing/plugin/build/ios/xcode/addToPbxProjectSection.js","reasons":["expoConfigPlugins"],"hash":"933056ef82d6c48d5ca5360c3ec4cd643a25a059"},{"type":"file","filePath":"../../node_modules/expo-sharing/plugin/build/ios/xcode/addXCConfigurationList.js","reasons":["expoConfigPlugins"],"hash":"54ffcbeef1f44185243efd6594e56f035f7fa772"},{"type":"file","filePath":"../../node_modules/expo-sharing/plugin/build/utils.js","reasons":["expoConfigPlugins"],"hash":"b903d1097a64cbbe16880fccaa328c7ac5104b86"},{"type":"file","filePath":"../../node_modules/expo-sharing/plugin/build/withConfig.js","reasons":["expoConfigPlugins"],"hash":"5b079f7904fb6b4496896bc5b936cd7018b0faff"},{"type":"file","filePath":"../../node_modules/expo-sharing/plugin/build/withShareExtension.js","reasons":["expoConfigPlugins"],"hash":"90d8c851123ac5d2ec0da9751237ac745d7ff4dd"},{"type":"file","filePath":"../../node_modules/expo-speech-recognition/app.plugin.js","reasons":["expoConfigPlugins"],"hash":"899677fdc1cca2f6e76d5c308611bdf8a862931f"},{"type":"file","filePath":"../../node_modules/expo-splash-screen/app.plugin.js","reasons":["expoConfigPlugins"],"hash":"a1ee5d63c270f7ea390eebdf723274d81e921353"},{"type":"file","filePath":"../../node_modules/expo-splash-screen/package.json","reasons":["expoConfigPlugins"],"hash":"eebbed648bd90dbe79b1b57a2ca3ccf75f9b2350"},{"type":"file","filePath":"../../node_modules/expo-splash-screen/plugin/build/getAndroidSplashConfig.js","reasons":["expoConfigPlugins"],"hash":"b792b053b075a67a02a8babfdaa4586d730cafdf"},{"type":"file","filePath":"../../node_modules/expo-splash-screen/plugin/build/getIosSplashConfig.js","reasons":["expoConfigPlugins"],"hash":"53b499c7282d4cb1af5de9b4999664aaabd45db6"},{"type":"file","filePath":"../../node_modules/expo-splash-screen/plugin/build/InterfaceBuilder.js","reasons":["expoConfigPlugins"],"hash":"1bb0d4f3779a219cfc3ba343469302d3098c0897"},{"type":"file","filePath":"../../node_modules/expo-splash-screen/plugin/build/withAndroidSplashDrawables.js","reasons":["expoConfigPlugins"],"hash":"df56688bede02033dfbf5c6168b057f84ef54f4b"},{"type":"file","filePath":"../../node_modules/expo-splash-screen/plugin/build/withAndroidSplashImages.js","reasons":["expoConfigPlugins"],"hash":"576605c31519fa9684cbaf683cd77869452217c0"},{"type":"file","filePath":"../../node_modules/expo-splash-screen/plugin/build/withAndroidSplashMainActivity.js","reasons":["expoConfigPlugins"],"hash":"886a7a34b57f747cee430a6aeae799df9e5b6d30"},{"type":"file","filePath":"../../node_modules/expo-splash-screen/plugin/build/withAndroidSplashScreen.js","reasons":["expoConfigPlugins"],"hash":"33a4f27e1e094dc71ee25eb65e5d31e14ad6e1da"},{"type":"file","filePath":"../../node_modules/expo-splash-screen/plugin/build/withAndroidSplashStrings.js","reasons":["expoConfigPlugins"],"hash":"2eedd53a73f663e0be991844a799fe4071f117cb"},{"type":"file","filePath":"../../node_modules/expo-splash-screen/plugin/build/withAndroidSplashStyles.js","reasons":["expoConfigPlugins"],"hash":"29204aa086a120532217058d983d0934d4b4d26c"},{"type":"file","filePath":"../../node_modules/expo-splash-screen/plugin/build/withIosSplashAssets.js","reasons":["expoConfigPlugins"],"hash":"c4d6dab378daff931874430ca3b0fa4f623d7dc5"},{"type":"file","filePath":"../../node_modules/expo-splash-screen/plugin/build/withIosSplashColors.js","reasons":["expoConfigPlugins"],"hash":"e72c45ca432f4e3981f16d7f7a4e0c998546df9b"},{"type":"file","filePath":"../../node_modules/expo-splash-screen/plugin/build/withIosSplashInfoPlist.js","reasons":["expoConfigPlugins"],"hash":"93014a3e849ed679114e8ec762150fb91904a61f"},{"type":"file","filePath":"../../node_modules/expo-splash-screen/plugin/build/withIosSplashScreen.js","reasons":["expoConfigPlugins"],"hash":"b6edbaca48a48f2443d2a1e5887320b483c1a1ef"},{"type":"file","filePath":"../../node_modules/expo-splash-screen/plugin/build/withIosSplashScreenStoryboard.js","reasons":["expoConfigPlugins"],"hash":"c953ed41705bb503420d49d7b09869ffb57ec6fb"},{"type":"file","filePath":"../../node_modules/expo-splash-screen/plugin/build/withIosSplashScreenStoryboardImage.js","reasons":["expoConfigPlugins"],"hash":"42e7e241dd5f9104062ea9460c03cea520c2639e"},{"type":"file","filePath":"../../node_modules/expo-splash-screen/plugin/build/withIosSplashXcodeProject.js","reasons":["expoConfigPlugins"],"hash":"1607dc9bbccda4228d19f73ddda036dd064dc885"},{"type":"file","filePath":"../../node_modules/expo-splash-screen/plugin/build/withSplashScreen.js","reasons":["expoConfigPlugins"],"hash":"2cb462984089719de1adaad8d7c35f522b190640"},{"type":"file","filePath":"../../node_modules/expo-web-browser/app.plugin.js","reasons":["expoConfigPlugins"],"hash":"0c8af681b310549785ac9718a9253025244de42e"},{"type":"file","filePath":"../../node_modules/expo-web-browser/package.json","reasons":["expoConfigPlugins"],"hash":"3e192b1397f17fef65595c85354074e166b3eec3"},{"type":"file","filePath":"../../node_modules/expo-web-browser/plugin/build/withWebBrowser.js","reasons":["expoConfigPlugins"],"hash":"2b3a552c4350e4d4ba6f848cd018a129d8e21ffb"},{"type":"file","filePath":"../../node_modules/expo-web-browser/plugin/build/withWebBrowserAndroid.js","reasons":["expoConfigPlugins"],"hash":"60e898fb0b8be70a0832f911da71cf81856ddbe9"},{"type":"file","filePath":"../../node_modules/expo/config-plugins.js","reasons":["expoConfigPlugins"],"hash":"8add888c48c81fa02ee6a78a7120e9c62e8f705c"},{"type":"file","filePath":"../../node_modules/expo/config/index.js","reasons":["expoConfigPlugins"],"hash":"9b968626f3cbcfd20dc65b397d6c657a7186902f"},{"type":"file","filePath":"../../node_modules/jimp-compact/dist/jimp.js","reasons":["expoConfigPlugins"],"hash":"86e4211f72d6541f8b6f0d22665475623c8c8d45"},{"type":"file","filePath":"../../node_modules/json5/lib/index.js","reasons":["expoConfigPlugins"],"hash":"42a90a2f47121a25578cb1cfecfd51899cf2a65b"},{"type":"file","filePath":"../../node_modules/json5/lib/parse.js","reasons":["expoConfigPlugins"],"hash":"dc7db617ff95008f7cef920c25537b5049217b64"},{"type":"file","filePath":"../../node_modules/json5/lib/stringify.js","reasons":["expoConfigPlugins"],"hash":"7e6860a405147e2dc619f6a25462b00dda7d2b59"},{"type":"file","filePath":"../../node_modules/json5/lib/unicode.js","reasons":["expoConfigPlugins"],"hash":"c4feb185891a963e9051414ca502707a4f85aa43"},{"type":"file","filePath":"../../node_modules/json5/lib/util.js","reasons":["expoConfigPlugins"],"hash":"2bc7b6ed831e0506ef0aab9d714c00070952cc14"},{"type":"file","filePath":"../../node_modules/parse-png/index.js","reasons":["expoConfigPlugins"],"hash":"2f1c3acbbfd093176bb46cd920f3d56ce7243a97"},{"type":"file","filePath":"../../node_modules/parse-png/node_modules/pngjs/lib/bitmapper.js","reasons":["expoConfigPlugins"],"hash":null},{"type":"file","filePath":"../../node_modules/parse-png/node_modules/pngjs/lib/bitpacker.js","reasons":["expoConfigPlugins"],"hash":null},{"type":"file","filePath":"../../node_modules/parse-png/node_modules/pngjs/lib/chunkstream.js","reasons":["expoConfigPlugins"],"hash":null},{"type":"file","filePath":"../../node_modules/parse-png/node_modules/pngjs/lib/constants.js","reasons":["expoConfigPlugins"],"hash":null},{"type":"file","filePath":"../../node_modules/parse-png/node_modules/pngjs/lib/crc.js","reasons":["expoConfigPlugins"],"hash":null},{"type":"file","filePath":"../../node_modules/parse-png/node_modules/pngjs/lib/filter-pack.js","reasons":["expoConfigPlugins"],"hash":null},{"type":"file","filePath":"../../node_modules/parse-png/node_modules/pngjs/lib/filter-parse-async.js","reasons":["expoConfigPlugins"],"hash":null},{"type":"file","filePath":"../../node_modules/parse-png/node_modules/pngjs/lib/filter-parse-sync.js","reasons":["expoConfigPlugins"],"hash":null},{"type":"file","filePath":"../../node_modules/parse-png/node_modules/pngjs/lib/filter-parse.js","reasons":["expoConfigPlugins"],"hash":null},{"type":"file","filePath":"../../node_modules/parse-png/node_modules/pngjs/lib/format-normaliser.js","reasons":["expoConfigPlugins"],"hash":null},{"type":"file","filePath":"../../node_modules/parse-png/node_modules/pngjs/lib/interlace.js","reasons":["expoConfigPlugins"],"hash":null},{"type":"file","filePath":"../../node_modules/parse-png/node_modules/pngjs/lib/packer-async.js","reasons":["expoConfigPlugins"],"hash":null},{"type":"file","filePath":"../../node_modules/parse-png/node_modules/pngjs/lib/packer-sync.js","reasons":["expoConfigPlugins"],"hash":null},{"type":"file","filePath":"../../node_modules/parse-png/node_modules/pngjs/lib/packer.js","reasons":["expoConfigPlugins"],"hash":null},{"type":"file","filePath":"../../node_modules/parse-png/node_modules/pngjs/lib/paeth-predictor.js","reasons":["expoConfigPlugins"],"hash":null},{"type":"file","filePath":"../../node_modules/parse-png/node_modules/pngjs/lib/parser-async.js","reasons":["expoConfigPlugins"],"hash":null},{"type":"file","filePath":"../../node_modules/parse-png/node_modules/pngjs/lib/parser-sync.js","reasons":["expoConfigPlugins"],"hash":null},{"type":"file","filePath":"../../node_modules/parse-png/node_modules/pngjs/lib/parser.js","reasons":["expoConfigPlugins"],"hash":null},{"type":"file","filePath":"../../node_modules/parse-png/node_modules/pngjs/lib/png-sync.js","reasons":["expoConfigPlugins"],"hash":null},{"type":"file","filePath":"../../node_modules/parse-png/node_modules/pngjs/lib/png.js","reasons":["expoConfigPlugins"],"hash":null},{"type":"file","filePath":"../../node_modules/parse-png/node_modules/pngjs/lib/sync-inflate.js","reasons":["expoConfigPlugins"],"hash":null},{"type":"file","filePath":"../../node_modules/parse-png/node_modules/pngjs/lib/sync-reader.js","reasons":["expoConfigPlugins"],"hash":null},{"type":"file","filePath":"../../node_modules/plist/index.js","reasons":["expoConfigPlugins"],"hash":"cf30baf23f56c53cd2ae8d534b75ddaeb2fd130a"},{"type":"file","filePath":"../../node_modules/plist/lib/build.js","reasons":["expoConfigPlugins"],"hash":"c331850ffd97b62c653b69d2e53341aec8318443"},{"type":"file","filePath":"../../node_modules/plist/lib/parse.js","reasons":["expoConfigPlugins"],"hash":"ac32a1f7d10acd5d550e675e837bf78230740482"},{"type":"file","filePath":"../../node_modules/plist/node_modules/@xmldom/xmldom/lib/conventions.js","reasons":["expoConfigPlugins"],"hash":null},{"type":"file","filePath":"../../node_modules/plist/node_modules/@xmldom/xmldom/lib/dom-parser.js","reasons":["expoConfigPlugins"],"hash":null},{"type":"file","filePath":"../../node_modules/plist/node_modules/@xmldom/xmldom/lib/dom.js","reasons":["expoConfigPlugins"],"hash":null},{"type":"file","filePath":"../../node_modules/plist/node_modules/@xmldom/xmldom/lib/entities.js","reasons":["expoConfigPlugins"],"hash":null},{"type":"file","filePath":"../../node_modules/plist/node_modules/@xmldom/xmldom/lib/errors.js","reasons":["expoConfigPlugins"],"hash":null},{"type":"file","filePath":"../../node_modules/plist/node_modules/@xmldom/xmldom/lib/grammar.js","reasons":["expoConfigPlugins"],"hash":null},{"type":"file","filePath":"../../node_modules/plist/node_modules/@xmldom/xmldom/lib/index.js","reasons":["expoConfigPlugins"],"hash":null},{"type":"file","filePath":"../../node_modules/plist/node_modules/@xmldom/xmldom/lib/sax.js","reasons":["expoConfigPlugins"],"hash":null},{"type":"file","filePath":"../../node_modules/sax/lib/sax.js","reasons":["expoConfigPlugins"],"hash":"8f2043a510e63d68085446d1cafdbb3f52d39a31"},{"type":"file","filePath":"../../node_modules/simple-plist/dist/index.js","reasons":["expoConfigPlugins"],"hash":"a6040e0215b83775b7e7f9810bdf78c2c070cb6e"},{"type":"file","filePath":"../../node_modules/simple-plist/dist/parse.js","reasons":["expoConfigPlugins"],"hash":"3ec2a788f15df8ce9c0856553b544d486407c820"},{"type":"file","filePath":"../../node_modules/simple-plist/dist/readFile.js","reasons":["expoConfigPlugins"],"hash":"72e63a778ca1282630f85f45d1dab51c36524574"},{"type":"file","filePath":"../../node_modules/simple-plist/dist/readFileSync.js","reasons":["expoConfigPlugins"],"hash":"e1328687c0bb4a7f33a3f77174662839acf429b9"},{"type":"file","filePath":"../../node_modules/simple-plist/dist/stringify.js","reasons":["expoConfigPlugins"],"hash":"a60cd231ad06731d88fd032732908639389f601a"},{"type":"file","filePath":"../../node_modules/simple-plist/dist/writeBinaryFile.js","reasons":["expoConfigPlugins"],"hash":"1262e510408eee9b65d6c6b46691234ceda6a128"},{"type":"file","filePath":"../../node_modules/simple-plist/dist/writeBinaryFileSync.js","reasons":["expoConfigPlugins"],"hash":"ffe9f79685a65f8cf57490832c23014d241145d9"},{"type":"file","filePath":"../../node_modules/simple-plist/dist/writeFile.js","reasons":["expoConfigPlugins"],"hash":"97cea5dc2685b44a9f6c8d12fd64b84e93188d72"},{"type":"file","filePath":"../../node_modules/simple-plist/dist/writeFileSync.js","reasons":["expoConfigPlugins"],"hash":"21b8f500c5a5034b7f90aceba43f6e5a4cacb6e0"},{"type":"file","filePath":"../../node_modules/slugify/slugify.js","reasons":["expoConfigPlugins"],"hash":"ae17311af8fd6853178bbb9638209af634559c36"},{"type":"file","filePath":"../../node_modules/stream-buffers/lib/constants.js","reasons":["expoConfigPlugins"],"hash":"a090290b1485a44f46c2940e68ee6bfa3d7f3a69"},{"type":"file","filePath":"../../node_modules/stream-buffers/lib/readable_streambuffer.js","reasons":["expoConfigPlugins"],"hash":"8a4878f9cf0ac1cc56254a20d148391be90f7216"},{"type":"file","filePath":"../../node_modules/stream-buffers/lib/streambuffer.js","reasons":["expoConfigPlugins"],"hash":"0b29255245d84457a2521f63a903671222a516a5"},{"type":"file","filePath":"../../node_modules/stream-buffers/lib/writable_streambuffer.js","reasons":["expoConfigPlugins"],"hash":"ae323099b6e480078281107995e6edb7b1424701"},{"type":"file","filePath":"../../node_modules/typescript/lib/typescript.js","reasons":["expoConfigPlugins"],"hash":"5ec92e32c898625aaecbf9fe71a0d5bdc5f6e63f"},{"type":"file","filePath":"../../node_modules/xcode/index.js","reasons":["expoConfigPlugins"],"hash":"3e2caad482d688c858997ee50709526b39771c0a"},{"type":"file","filePath":"../../node_modules/xcode/lib/parser/pbxproj.js","reasons":["expoConfigPlugins"],"hash":"17eff10e1f2057d71f49c68a405e8b6b1bd8e7ea"},{"type":"file","filePath":"../../node_modules/xcode/lib/pbxFile.js","reasons":["expoConfigPlugins"],"hash":"f5d30f1f9451d6fc71dd2f28c767d39cc91b9ff3"},{"type":"file","filePath":"../../node_modules/xcode/lib/pbxProject.js","reasons":["expoConfigPlugins"],"hash":"72d358ba6b08a2b32910ac4f69940e88587a0c6d"},{"type":"file","filePath":"../../node_modules/xcode/lib/pbxWriter.js","reasons":["expoConfigPlugins"],"hash":"43a4c74267660b77fd6e39fc69569482d43fa237"},{"type":"file","filePath":"../../node_modules/xcode/node_modules/uuid/dist/bytesToUuid.js","reasons":["expoConfigPlugins"],"hash":null},{"type":"file","filePath":"../../node_modules/xcode/node_modules/uuid/dist/index.js","reasons":["expoConfigPlugins"],"hash":null},{"type":"file","filePath":"../../node_modules/xcode/node_modules/uuid/dist/md5.js","reasons":["expoConfigPlugins"],"hash":null},{"type":"file","filePath":"../../node_modules/xcode/node_modules/uuid/dist/rng.js","reasons":["expoConfigPlugins"],"hash":null},{"type":"file","filePath":"../../node_modules/xcode/node_modules/uuid/dist/sha1.js","reasons":["expoConfigPlugins"],"hash":null},{"type":"file","filePath":"../../node_modules/xcode/node_modules/uuid/dist/v1.js","reasons":["expoConfigPlugins"],"hash":null},{"type":"file","filePath":"../../node_modules/xcode/node_modules/uuid/dist/v3.js","reasons":["expoConfigPlugins"],"hash":null},{"type":"file","filePath":"../../node_modules/xcode/node_modules/uuid/dist/v35.js","reasons":["expoConfigPlugins"],"hash":null},{"type":"file","filePath":"../../node_modules/xcode/node_modules/uuid/dist/v4.js","reasons":["expoConfigPlugins"],"hash":null},{"type":"file","filePath":"../../node_modules/xcode/node_modules/uuid/dist/v5.js","reasons":["expoConfigPlugins"],"hash":null},{"type":"file","filePath":"../../node_modules/xml2js/lib/bom.js","reasons":["expoConfigPlugins"],"hash":"f1d66839f4f9f57b752c749b189ab73e3a985e0f"},{"type":"file","filePath":"../../node_modules/xml2js/lib/builder.js","reasons":["expoConfigPlugins"],"hash":"0080c06b95811d585809b7a7f4ec1ad7bf1e804b"},{"type":"file","filePath":"../../node_modules/xml2js/lib/defaults.js","reasons":["expoConfigPlugins"],"hash":"55a0dbd0b63ef04dc7f17273a06bbdad3db0ce63"},{"type":"file","filePath":"../../node_modules/xml2js/lib/parser.js","reasons":["expoConfigPlugins"],"hash":"221ce913323fd0b8526b19fdb3e9f868172cc0d2"},{"type":"file","filePath":"../../node_modules/xml2js/lib/processors.js","reasons":["expoConfigPlugins"],"hash":"9c3c0a27f7cb7bef94934cfd83a996716ed2f6be"},{"type":"file","filePath":"../../node_modules/xml2js/lib/xml2js.js","reasons":["expoConfigPlugins"],"hash":"a1e960a4dc76a9cf7376c010d05d89672f7a4e48"},{"type":"file","filePath":"../../node_modules/xml2js/node_modules/xmlbuilder/lib/index.js","reasons":["expoConfigPlugins"],"hash":null},{"type":"file","filePath":"../../node_modules/xml2js/node_modules/xmlbuilder/lib/NodeType.js","reasons":["expoConfigPlugins"],"hash":null},{"type":"file","filePath":"../../node_modules/xml2js/node_modules/xmlbuilder/lib/Utility.js","reasons":["expoConfigPlugins"],"hash":null},{"type":"file","filePath":"../../node_modules/xml2js/node_modules/xmlbuilder/lib/WriterState.js","reasons":["expoConfigPlugins"],"hash":null},{"type":"file","filePath":"../../node_modules/xml2js/node_modules/xmlbuilder/lib/XMLAttribute.js","reasons":["expoConfigPlugins"],"hash":null},{"type":"file","filePath":"../../node_modules/xml2js/node_modules/xmlbuilder/lib/XMLCData.js","reasons":["expoConfigPlugins"],"hash":null},{"type":"file","filePath":"../../node_modules/xml2js/node_modules/xmlbuilder/lib/XMLCharacterData.js","reasons":["expoConfigPlugins"],"hash":null},{"type":"file","filePath":"../../node_modules/xml2js/node_modules/xmlbuilder/lib/XMLComment.js","reasons":["expoConfigPlugins"],"hash":null},{"type":"file","filePath":"../../node_modules/xml2js/node_modules/xmlbuilder/lib/XMLDeclaration.js","reasons":["expoConfigPlugins"],"hash":null},{"type":"file","filePath":"../../node_modules/xml2js/node_modules/xmlbuilder/lib/XMLDocType.js","reasons":["expoConfigPlugins"],"hash":null},{"type":"file","filePath":"../../node_modules/xml2js/node_modules/xmlbuilder/lib/XMLDocument.js","reasons":["expoConfigPlugins"],"hash":null},{"type":"file","filePath":"../../node_modules/xml2js/node_modules/xmlbuilder/lib/XMLDocumentCB.js","reasons":["expoConfigPlugins"],"hash":null},{"type":"file","filePath":"../../node_modules/xml2js/node_modules/xmlbuilder/lib/XMLDOMConfiguration.js","reasons":["expoConfigPlugins"],"hash":null},{"type":"file","filePath":"../../node_modules/xml2js/node_modules/xmlbuilder/lib/XMLDOMErrorHandler.js","reasons":["expoConfigPlugins"],"hash":null},{"type":"file","filePath":"../../node_modules/xml2js/node_modules/xmlbuilder/lib/XMLDOMImplementation.js","reasons":["expoConfigPlugins"],"hash":null},{"type":"file","filePath":"../../node_modules/xml2js/node_modules/xmlbuilder/lib/XMLDOMStringList.js","reasons":["expoConfigPlugins"],"hash":null},{"type":"file","filePath":"../../node_modules/xml2js/node_modules/xmlbuilder/lib/XMLDTDAttList.js","reasons":["expoConfigPlugins"],"hash":null},{"type":"file","filePath":"../../node_modules/xml2js/node_modules/xmlbuilder/lib/XMLDTDElement.js","reasons":["expoConfigPlugins"],"hash":null},{"type":"file","filePath":"../../node_modules/xml2js/node_modules/xmlbuilder/lib/XMLDTDEntity.js","reasons":["expoConfigPlugins"],"hash":null},{"type":"file","filePath":"../../node_modules/xml2js/node_modules/xmlbuilder/lib/XMLDTDNotation.js","reasons":["expoConfigPlugins"],"hash":null},{"type":"file","filePath":"../../node_modules/xml2js/node_modules/xmlbuilder/lib/XMLDummy.js","reasons":["expoConfigPlugins"],"hash":null},{"type":"file","filePath":"../../node_modules/xml2js/node_modules/xmlbuilder/lib/XMLElement.js","reasons":["expoConfigPlugins"],"hash":null},{"type":"file","filePath":"../../node_modules/xml2js/node_modules/xmlbuilder/lib/XMLNamedNodeMap.js","reasons":["expoConfigPlugins"],"hash":null},{"type":"file","filePath":"../../node_modules/xml2js/node_modules/xmlbuilder/lib/XMLNode.js","reasons":["expoConfigPlugins"],"hash":null},{"type":"file","filePath":"../../node_modules/xml2js/node_modules/xmlbuilder/lib/XMLProcessingInstruction.js","reasons":["expoConfigPlugins"],"hash":null},{"type":"file","filePath":"../../node_modules/xml2js/node_modules/xmlbuilder/lib/XMLRaw.js","reasons":["expoConfigPlugins"],"hash":null},{"type":"file","filePath":"../../node_modules/xml2js/node_modules/xmlbuilder/lib/XMLStreamWriter.js","reasons":["expoConfigPlugins"],"hash":null},{"type":"file","filePath":"../../node_modules/xml2js/node_modules/xmlbuilder/lib/XMLStringifier.js","reasons":["expoConfigPlugins"],"hash":null},{"type":"file","filePath":"../../node_modules/xml2js/node_modules/xmlbuilder/lib/XMLStringWriter.js","reasons":["expoConfigPlugins"],"hash":null},{"type":"file","filePath":"../../node_modules/xml2js/node_modules/xmlbuilder/lib/XMLText.js","reasons":["expoConfigPlugins"],"hash":null},{"type":"file","filePath":"../../node_modules/xml2js/node_modules/xmlbuilder/lib/XMLWriterBase.js","reasons":["expoConfigPlugins"],"hash":null},{"type":"file","filePath":"../../node_modules/xmlbuilder/lib/index.js","reasons":["expoConfigPlugins"],"hash":"b860e0a7ad97653636457b74bf997fcd570019de"},{"type":"file","filePath":"../../node_modules/xmlbuilder/lib/NodeType.js","reasons":["expoConfigPlugins"],"hash":"2be663eb130cf1115581a17d812400d3898f20ad"},{"type":"file","filePath":"../../node_modules/xmlbuilder/lib/Utility.js","reasons":["expoConfigPlugins"],"hash":"07a0c462f8fd146f8bd677ad6835f8443f20b5dc"},{"type":"file","filePath":"../../node_modules/xmlbuilder/lib/WriterState.js","reasons":["expoConfigPlugins"],"hash":"1cf66a1c1f8df83fe6ad3ada7e3b193b3128c114"},{"type":"file","filePath":"../../node_modules/xmlbuilder/lib/XMLAttribute.js","reasons":["expoConfigPlugins"],"hash":"65b3fa48f19a6b09616abbc7e9b0fb0e636ddf8c"},{"type":"file","filePath":"../../node_modules/xmlbuilder/lib/XMLCData.js","reasons":["expoConfigPlugins"],"hash":"21056f44e59b1c5afeacd87ec875c804888e61a2"},{"type":"file","filePath":"../../node_modules/xmlbuilder/lib/XMLCharacterData.js","reasons":["expoConfigPlugins"],"hash":"d25f350a7b135617a40d9c9b368425284c292d11"},{"type":"file","filePath":"../../node_modules/xmlbuilder/lib/XMLComment.js","reasons":["expoConfigPlugins"],"hash":"fdee60e9890cd9609ba0771f1bea1d170baf7682"},{"type":"file","filePath":"../../node_modules/xmlbuilder/lib/XMLDeclaration.js","reasons":["expoConfigPlugins"],"hash":"a0c9473f9e25d44446c901b09131ee6d239c959f"},{"type":"file","filePath":"../../node_modules/xmlbuilder/lib/XMLDocType.js","reasons":["expoConfigPlugins"],"hash":"660b6528f108cc92973df609438ee92f481bb6e1"},{"type":"file","filePath":"../../node_modules/xmlbuilder/lib/XMLDocument.js","reasons":["expoConfigPlugins"],"hash":"c13f13111b370a91f38f7ea254ed62286d42fb40"},{"type":"file","filePath":"../../node_modules/xmlbuilder/lib/XMLDocumentCB.js","reasons":["expoConfigPlugins"],"hash":"5027d136c7b46cc003e34bc46d9cfae3b3fadf61"},{"type":"file","filePath":"../../node_modules/xmlbuilder/lib/XMLDOMConfiguration.js","reasons":["expoConfigPlugins"],"hash":"0f451f0acb30cf10e3db8d213e6abff5c15a2cab"},{"type":"file","filePath":"../../node_modules/xmlbuilder/lib/XMLDOMErrorHandler.js","reasons":["expoConfigPlugins"],"hash":"f30d4ddca5deb68cf0b4b4af3179f4e4314542fd"},{"type":"file","filePath":"../../node_modules/xmlbuilder/lib/XMLDOMImplementation.js","reasons":["expoConfigPlugins"],"hash":"a2c7c42128a3a5a97b2d33ee612cfd59e29d8b81"},{"type":"file","filePath":"../../node_modules/xmlbuilder/lib/XMLDOMStringList.js","reasons":["expoConfigPlugins"],"hash":"cb09e5f95dde9274156582e78b840c104a841b42"},{"type":"file","filePath":"../../node_modules/xmlbuilder/lib/XMLDTDAttList.js","reasons":["expoConfigPlugins"],"hash":"586adcb02a49823b2fd379f435d3805ccdc02c3a"},{"type":"file","filePath":"../../node_modules/xmlbuilder/lib/XMLDTDElement.js","reasons":["expoConfigPlugins"],"hash":"0f27f12d90116cc1dc10110f77f28fdd6f7378d0"},{"type":"file","filePath":"../../node_modules/xmlbuilder/lib/XMLDTDEntity.js","reasons":["expoConfigPlugins"],"hash":"ed9d2a7d020503a3e9a32f2c36939920a58b1217"},{"type":"file","filePath":"../../node_modules/xmlbuilder/lib/XMLDTDNotation.js","reasons":["expoConfigPlugins"],"hash":"1f519e195d561d5c16e228d6368e6eb886d664f3"},{"type":"file","filePath":"../../node_modules/xmlbuilder/lib/XMLDummy.js","reasons":["expoConfigPlugins"],"hash":"fe6b95ecb121f7b1eb8718115537812cd8ff77be"},{"type":"file","filePath":"../../node_modules/xmlbuilder/lib/XMLElement.js","reasons":["expoConfigPlugins"],"hash":"dd25e6011a2efb52cf2fc1c354caccf70a5d4f12"},{"type":"file","filePath":"../../node_modules/xmlbuilder/lib/XMLNamedNodeMap.js","reasons":["expoConfigPlugins"],"hash":"23bfb67dc9662e2c8b50624cc21afbe8bd8ac26e"},{"type":"file","filePath":"../../node_modules/xmlbuilder/lib/XMLNode.js","reasons":["expoConfigPlugins"],"hash":"b08e18ad9d3f9f5f3e632ddc1eaa41c87cb1577b"},{"type":"file","filePath":"../../node_modules/xmlbuilder/lib/XMLProcessingInstruction.js","reasons":["expoConfigPlugins"],"hash":"d4f504cbfa59e955fcb9261e096290ecef0b926d"},{"type":"file","filePath":"../../node_modules/xmlbuilder/lib/XMLRaw.js","reasons":["expoConfigPlugins"],"hash":"89809731efffc7d71bc8746aa628b0abcaa278a4"},{"type":"file","filePath":"../../node_modules/xmlbuilder/lib/XMLStreamWriter.js","reasons":["expoConfigPlugins"],"hash":"2ac7fac00c168125c41fafe06f47e51bb8702e96"},{"type":"file","filePath":"../../node_modules/xmlbuilder/lib/XMLStringifier.js","reasons":["expoConfigPlugins"],"hash":"2b1c20c70e3378d46ba9aaf83727aa55decb39c1"},{"type":"file","filePath":"../../node_modules/xmlbuilder/lib/XMLStringWriter.js","reasons":["expoConfigPlugins"],"hash":"50390975a4a3e2e20269378030aa945daf41a223"},{"type":"file","filePath":"../../node_modules/xmlbuilder/lib/XMLText.js","reasons":["expoConfigPlugins"],"hash":"dc4646c962c2fb39e1ed47cef541248d71363950"},{"type":"file","filePath":"../../node_modules/xmlbuilder/lib/XMLWriterBase.js","reasons":["expoConfigPlugins"],"hash":"1768939664d69aa012260f8c8987b96ec44ddc8d"},{"type":"file","filePath":".gitignore","reasons":["bareGitIgnore"],"hash":"391599e28a56727d0ffe172c6f12c19b5ecf6677"},{"type":"file","filePath":"eas.json","reasons":["easBuild"],"hash":"a951a7f3ecc67a5954505ae5c150f1d54ca97414"},{"type":"file","filePath":"assets/brand/app-icon-1024.png","reasons":["expoConfigExternalFile"],"overrideHashKey":"expoConfigExternalFile:contentsOnly","hash":"a5faa736c19c6032d39226a03afe1cebe0da4e57"},{"type":"file","filePath":"assets/brand/adaptive-foreground.png","reasons":["expoConfigExternalFile"],"overrideHashKey":"expoConfigExternalFile:contentsOnly","hash":"cc51f1be83f278a731c10b9b5ef9b506583761d2"},{"type":"file","filePath":"assets/splash.png","reasons":["expoConfigExternalFile","expoConfigExternalFile"],"overrideHashKey":"expoConfigExternalFile:contentsOnly","hash":"c5bd95c0e46ca2bca0f3ebc862742bcb65c4dd5b"},{"type":"file","filePath":"plugins/withCaptureIsolation.cjs","reasons":["expoConfigPlugins"],"hash":"6fd71e3c58d75b5a809467bf385cbc10aee57e25"},{"type":"file","filePath":"plugins/withFreshUpdatesResources.cjs","reasons":["expoConfigPlugins"],"hash":"a13808092072c8afebdf9513d95a640f2ea65135"},{"type":"file","filePath":"plugins/withUploadSigning.cjs","reasons":["expoConfigPlugins"],"hash":"cd0a9095981fb813494d9d7117ad39d1afa77916"},{"type":"dir","filePath":"../../node_modules/@clerk/expo-passkeys/android","reasons":["expoAutolinkingAndroid"],"hash":"4d479ce5aaaa33f1a80a9ec7098706f082eaf5f7"},{"type":"dir","filePath":"../../node_modules/@expo/dom-webview/android","reasons":["expoAutolinkingAndroid"],"hash":"bb77b04cee5047fe1d98a3972de462ff17f3ae01"},{"type":"dir","filePath":"../../node_modules/@expo/log-box/android","reasons":["expoAutolinkingAndroid"],"hash":"a28405f1aa60998a1180e37e09fe34908831614b"},{"type":"dir","filePath":"../../node_modules/@expo/ui/android","reasons":["expoAutolinkingAndroid"],"hash":"cff001234d3d721053d1c1036f7f024f612a34aa"},{"type":"dir","filePath":"../../node_modules/@op-engineering/op-sqlite","reasons":["rncoreAutolinkingAndroid"],"hash":"f5355e899be4002ab6f2eb58935ed85b2d61f9cf"},{"type":"dir","filePath":"../../node_modules/@react-native-community/datetimepicker","reasons":["rncoreAutolinkingAndroid"],"hash":"3343f996af61ade4b401d03ecddf17abf4e323c2"},{"type":"dir","filePath":"../../node_modules/@react-native-community/slider","reasons":["rncoreAutolinkingAndroid"],"hash":"4cee1de75e9966c4e1a9745efea216456b8916b4"},{"type":"dir","filePath":"../../node_modules/@react-native-masked-view/masked-view","reasons":["rncoreAutolinkingAndroid"],"hash":"8cdd4a863dcde0be3d195b04b3d90937b7543482"},{"type":"dir","filePath":"../../node_modules/@sentry/react-native","reasons":["rncoreAutolinkingAndroid","expoConfigPlugins"],"hash":"fbd3d384fec8e4bddd3400363d40854b2a85718c"},{"type":"dir","filePath":"../../node_modules/expo","reasons":["rncoreAutolinkingAndroid","expoAutolinkingAndroid"],"hash":"2f64409490c553ba515b429b364d1ce5cda00fd7"},{"type":"dir","filePath":"../../node_modules/expo-application/android","reasons":["expoAutolinkingAndroid"],"hash":"dfe997685a6c6ed9bc25c8ffb0dc8f9959f8ca14"},{"type":"dir","filePath":"../../node_modules/expo-asset/android","reasons":["expoAutolinkingAndroid"],"hash":"029bd497c6b85532adb3229b10cfd0d9696bba06"},{"type":"dir","filePath":"../../node_modules/expo-audio/android","reasons":["expoAutolinkingAndroid"],"hash":"18163ea95de420be6317df2230ea9165b10e2bec"},{"type":"dir","filePath":"../../node_modules/expo-constants/android","reasons":["expoAutolinkingAndroid"],"hash":"dd32eacdeb1f332725d2691d2678ca859e56cac1"},{"type":"dir","filePath":"../../node_modules/expo-crypto/android","reasons":["expoAutolinkingAndroid"],"hash":"2397be990c33267d4e34458d71588f77256d2fed"},{"type":"dir","filePath":"../../node_modules/expo-dev-client/android","reasons":["expoAutolinkingAndroid"],"hash":"540c819fe1eb8f084173fd76542b3c559ddaf5e6"},{"type":"dir","filePath":"../../node_modules/expo-dev-launcher/android","reasons":["expoAutolinkingAndroid"],"hash":"6e06615775df79047e97221cd88660d5c2fd6dee"},{"type":"dir","filePath":"../../node_modules/expo-dev-launcher/expo-dev-launcher-gradle-plugin","reasons":["expoAutolinkingAndroid"],"hash":"61558f25ee547e8edb7b3573b9dbc4cf7e13a6f2"},{"type":"dir","filePath":"../../node_modules/expo-dev-menu-interface/android","reasons":["expoAutolinkingAndroid"],"hash":"9282c35aa0ed7a34f8a4cf1fea57a22d178afb2f"},{"type":"dir","filePath":"../../node_modules/expo-dev-menu/android","reasons":["expoAutolinkingAndroid"],"hash":"71b79d9d634d12edde2da5da6f6362ce3cbd7927"},{"type":"dir","filePath":"../../node_modules/expo-document-picker/android","reasons":["expoAutolinkingAndroid"],"hash":"91e82cbea038a2effdec0774af6f047150299dfb"},{"type":"dir","filePath":"../../node_modules/expo-eas-client/android","reasons":["expoAutolinkingAndroid"],"hash":"9c6fc6e1958cd38970cc530be9f0e4426dfd50ec"},{"type":"dir","filePath":"../../node_modules/expo-file-system/android","reasons":["expoAutolinkingAndroid"],"hash":"95fd215009405b8e35cf16a9d024edc31a71b624"},{"type":"dir","filePath":"../../node_modules/expo-font/android","reasons":["expoAutolinkingAndroid"],"hash":"26978da3454d5d6dffb46e158692e58aac6ebe98"},{"type":"dir","filePath":"../../node_modules/expo-haptics/android","reasons":["expoAutolinkingAndroid"],"hash":"8813517e058c924968f83680ec1dcb62bab33058"},{"type":"dir","filePath":"../../node_modules/expo-iap/android","reasons":["expoAutolinkingAndroid"],"hash":"b0ded82b8a95621621edfe62cce3eff464f4ab1c"},{"type":"dir","filePath":"../../node_modules/expo-image-loader/android","reasons":["expoAutolinkingAndroid"],"hash":"971f3c5845f6a960d7f9f657a5ef0596eae04e7a"},{"type":"dir","filePath":"../../node_modules/expo-image-picker/android","reasons":["expoAutolinkingAndroid"],"hash":"2f1dfe97efc25b0bf71cd9feb31f5edea0c09fc4"},{"type":"dir","filePath":"../../node_modules/expo-intent-launcher/android","reasons":["expoAutolinkingAndroid"],"hash":"3859885b63c70fec3a0be9ae6038da05ebcc42b3"},{"type":"dir","filePath":"../../node_modules/expo-json-utils/android","reasons":["expoAutolinkingAndroid"],"hash":"20719c7ee3d6fce96af4e3f253e9f83ffc080b70"},{"type":"dir","filePath":"../../node_modules/expo-keep-awake/android","reasons":["expoAutolinkingAndroid"],"hash":"c600d38ed23d300080b0a5633f6ec42e96707834"},{"type":"dir","filePath":"../../node_modules/expo-linking/android","reasons":["expoAutolinkingAndroid"],"hash":"1a6174245d4c251e029bc94ea2b81ac5e0700909"},{"type":"dir","filePath":"../../node_modules/expo-local-authentication/android","reasons":["expoAutolinkingAndroid"],"hash":"2ce7e4048e1c4ca0963fa071c9582cc0cec473bf"},{"type":"dir","filePath":"../../node_modules/expo-manifests/android","reasons":["expoAutolinkingAndroid"],"hash":"ed51aec532d7cccf1a57da2399b6c6f3d864ec96"},{"type":"dir","filePath":"../../node_modules/expo-modules-core/android","reasons":["expoAutolinkingAndroid"],"hash":"aff3fcf50575a4c8fd5ca3160a3d90e01965a72a"},{"type":"dir","filePath":"../../node_modules/expo-modules-core/expo-module-gradle-plugin","reasons":["expoAutolinkingAndroid"],"hash":"b54fc263febe93cca5a63eba53f581a3302d9de0"},{"type":"dir","filePath":"../../node_modules/expo-notifications/android","reasons":["expoAutolinkingAndroid"],"hash":"94d3a3a39d8bd1b75191da88c556a536e4e0f904"},{"type":"dir","filePath":"../../node_modules/expo-print/android","reasons":["expoAutolinkingAndroid"],"hash":"3a693ea6addfb4cd3c43aa30e275472c3f0d3efa"},{"type":"dir","filePath":"../../node_modules/expo-router/android","reasons":["expoAutolinkingAndroid"],"hash":"41be209bee2b42eff2b68b0a652570f44450d403"},{"type":"dir","filePath":"../../node_modules/expo-secure-store/android","reasons":["expoAutolinkingAndroid"],"hash":"275f3ea71b4f91ba5423e01cd1afffc1a4d74be7"},{"type":"dir","filePath":"../../node_modules/expo-sharing/android","reasons":["expoAutolinkingAndroid"],"hash":"2776e85ae7f554694695d920b3dd03d20b17480f"},{"type":"dir","filePath":"../../node_modules/expo-speech-recognition/android","reasons":["expoAutolinkingAndroid"],"hash":"fd6533e03a0d19761ada268442c0fd44d440985b"},{"type":"dir","filePath":"../../node_modules/expo-splash-screen/android","reasons":["expoAutolinkingAndroid"],"hash":"9b3e5965e150badffc023b3059389a826caac6cd"},{"type":"dir","filePath":"../../node_modules/expo-status-bar/android","reasons":["expoAutolinkingAndroid"],"hash":"61ae7fb63001c54c65c79e948df6b9feedadc2e8"},{"type":"dir","filePath":"../../node_modules/expo-structured-headers/android","reasons":["expoAutolinkingAndroid"],"hash":"d5799bb899bdf57e0071a808f575faf3858136c5"},{"type":"dir","filePath":"../../node_modules/expo-system-ui/android","reasons":["expoAutolinkingAndroid"],"hash":"4f4980ecb30df9b31f7c4a72ceb299288803acdc"},{"type":"dir","filePath":"../../node_modules/expo-updates-interface/android","reasons":["expoAutolinkingAndroid"],"hash":"cffdf78ed888d542e1c8ae90e4cd444c45fdf191"},{"type":"dir","filePath":"../../node_modules/expo-updates/android","reasons":["expoAutolinkingAndroid"],"hash":"9ca9621fc6f32cbbb344118d190a568c3edb4519"},{"type":"dir","filePath":"../../node_modules/expo-updates/expo-updates-gradle-plugin","reasons":["expoAutolinkingAndroid"],"hash":"5fe3cbb3969e05629b65b666bc257cc02398620b"},{"type":"dir","filePath":"../../node_modules/expo-web-browser/android","reasons":["expoAutolinkingAndroid"],"hash":"0d70c85055d068d2cba90ad3b5ce34085ee1c02c"},{"type":"dir","filePath":"../../node_modules/react-native-android-widget","reasons":["rncoreAutolinkingAndroid","expoConfigPlugins"],"hash":"04fcef17df63e0ed3dbe7fd7b6c8be8af26f6b1a"},{"type":"dir","filePath":"../../node_modules/react-native-gesture-handler","reasons":["rncoreAutolinkingAndroid"],"hash":"fdcaed57da117b572b367d39ddabcf897a230e75"},{"type":"dir","filePath":"../../node_modules/react-native-reanimated","reasons":["rncoreAutolinkingAndroid"],"hash":"4ba0808ecdbf00142be6a624c978c0d435b68015"},{"type":"dir","filePath":"../../node_modules/react-native-safe-area-context","reasons":["rncoreAutolinkingAndroid"],"hash":"db25f0bb768646def313880906af81fc7adf6ec2"},{"type":"dir","filePath":"../../node_modules/react-native-screens","reasons":["rncoreAutolinkingAndroid"],"hash":"117f5692c0309dd0f2c85218ab665bfea78f46ed"},{"type":"dir","filePath":"../../node_modules/react-native-svg","reasons":["rncoreAutolinkingAndroid"],"hash":"1bd6b27d12b32ff685e145555bc891fafc702178"},{"type":"dir","filePath":"../../node_modules/react-native-worklets","reasons":["rncoreAutolinkingAndroid"],"hash":"a8e7fd21758dc804ac2f89572e5e3a43a9217d34"},{"type":"dir","filePath":"android","reasons":["bareNativeDir"],"hash":null},{"type":"dir","filePath":"modules/folio-local-language/android","reasons":["expoAutolinkingAndroid"],"hash":"1b203b4a217878263fd51802555a68f3adcb0c4e"},{"type":"dir","filePath":"modules/folio-local-vault/android","reasons":["expoAutolinkingAndroid"],"hash":"d734444d91fb0fb9da09356393e2c28cce0a34fe"},{"type":"dir","filePath":"modules/folio-reader/android","reasons":["expoAutolinkingAndroid"],"hash":"c757c8042f3961d7be05f799a506dc5d0646b1fb"},{"type":"contents","id":"expoAutolinkingConfig:android","contents":"{\"extraDependencies\":[],\"coreFeatures\":[\"swiftui\",\"compose\"],\"modules\":[{\"packageName\":\"@clerk/expo-passkeys\",\"projects\":[{\"name\":\"clerk-expo-passkeys\",\"sourceDir\":\"../../node_modules/@clerk/expo-passkeys/android\",\"modules\":[{\"classifier\":\"expo.modules.clerkexpopasskeys.ClerkExpoPasskeysModule\",\"name\":null}],\"services\":[],\"packages\":[]}],\"packageVersion\":\"1.2.6\"},{\"packageName\":\"@expo/dom-webview\",\"projects\":[{\"name\":\"expo-dom-webview\",\"sourceDir\":\"../../node_modules/@expo/dom-webview/android\",\"modules\":[{\"classifier\":\"expo.modules.webview.DomWebViewModule\",\"name\":null}],\"services\":[],\"packages\":[],\"publication\":{\"groupId\":\"expo.modules.webview\",\"artifactId\":\"expo.modules.webview\",\"version\":\"56.0.6\",\"repository\":\"local-maven-repo\"}}],\"packageVersion\":\"56.0.6\"},{\"packageName\":\"@expo/log-box\",\"projects\":[{\"name\":\"expo-log-box\",\"sourceDir\":\"../../node_modules/@expo/log-box/android\",\"modules\":[],\"services\":[],\"packages\":[\"expo.modules.logbox.ExpoLogBoxPackage\"]}],\"packageVersion\":\"56.0.14\"},{\"packageName\":\"@expo/ui\",\"projects\":[{\"name\":\"expo-ui\",\"sourceDir\":\"../../node_modules/@expo/ui/android\",\"modules\":[{\"classifier\":\"expo.modules.ui.ExpoUIModule\",\"name\":null}],\"services\":[],\"packages\":[],\"publication\":{\"groupId\":\"expo.modules.ui\",\"artifactId\":\"expo.modules.ui\",\"version\":\"56.0.26\",\"repository\":\"local-maven-repo\"}}],\"coreFeatures\":[\"swiftui\",\"compose\"],\"packageVersion\":\"56.0.26\"},{\"packageName\":\"expo\",\"projects\":[{\"name\":\"expo\",\"sourceDir\":\"../../node_modules/expo/android\",\"modules\":[{\"classifier\":\"expo.modules.fetch.ExpoFetchModule\",\"name\":null}],\"services\":[],\"packages\":[\"expo.modules.ExpoModulesPackage\"]}],\"packageVersion\":\"56.0.20\"},{\"packageName\":\"expo-application\",\"projects\":[{\"name\":\"expo-application\",\"sourceDir\":\"../../node_modules/expo-application/android\",\"modules\":[{\"classifier\":\"expo.modules.application.ApplicationModule\",\"name\":null}],\"services\":[],\"packages\":[],\"publication\":{\"groupId\":\"host.exp.exponent\",\"artifactId\":\"expo.modules.application\",\"version\":\"56.0.3\",\"repository\":\"local-maven-repo\"}}],\"packageVersion\":\"56.0.3\"},{\"packageName\":\"expo-asset\",\"projects\":[{\"name\":\"expo-asset\",\"sourceDir\":\"../../node_modules/expo-asset/android\",\"modules\":[{\"classifier\":\"expo.modules.asset.AssetModule\",\"name\":null}],\"services\":[],\"packages\":[],\"publication\":{\"groupId\":\"expo.modules.asset\",\"artifactId\":\"expo.modules.asset\",\"version\":\"56.0.23\",\"repository\":\"local-maven-repo\"}}],\"packageVersion\":\"56.0.23\"},{\"packageName\":\"expo-audio\",\"projects\":[{\"name\":\"expo-audio\",\"sourceDir\":\"../../node_modules/expo-audio/android\",\"modules\":[{\"classifier\":\"expo.modules.audio.AudioModule\",\"name\":null}],\"services\":[],\"packages\":[],\"publication\":{\"groupId\":\"expo.modules.audio\",\"artifactId\":\"expo.modules.audio\",\"version\":\"56.0.13\",\"repository\":\"local-maven-repo\"}}],\"packageVersion\":\"56.0.13\"},{\"packageName\":\"expo-constants\",\"projects\":[{\"name\":\"expo-constants\",\"sourceDir\":\"../../node_modules/expo-constants/android\",\"modules\":[{\"classifier\":\"expo.modules.constants.ConstantsModule\",\"name\":null}],\"services\":[\"expo.modules.constants.ConstantsService\"],\"packages\":[]}],\"packageVersion\":\"56.0.24\"},{\"packageName\":\"expo-crypto\",\"projects\":[{\"name\":\"expo-crypto\",\"sourceDir\":\"../../node_modules/expo-crypto/android\",\"modules\":[{\"classifier\":\"expo.modules.crypto.CryptoModule\",\"name\":null},{\"classifier\":\"expo.modules.crypto.aes.AesCryptoModule\",\"name\":null}],\"services\":[],\"packages\":[],\"publication\":{\"groupId\":\"host.exp.exponent\",\"artifactId\":\"expo.modules.crypto\",\"version\":\"56.0.4\",\"repository\":\"local-maven-repo\"}}],\"packageVersion\":\"56.0.4\"},{\"packageName\":\"expo-dev-client\",\"projects\":[{\"name\":\"expo-dev-client\",\"sourceDir\":\"../../node_modules/expo-dev-client/android\",\"modules\":[],\"services\":[],\"packages\":[]}],\"packageVersion\":\"56.0.26\"},{\"packageName\":\"expo-dev-launcher\",\"projects\":[{\"name\":\"expo-dev-launcher\",\"sourceDir\":\"../../node_modules/expo-dev-launcher/android\",\"modules\":[{\"classifier\":\"expo.modules.devlauncher.modules.ExpoDevLauncherModule\",\"name\":null}],\"services\":[],\"packages\":[\"expo.modules.devlauncher.DevLauncherPackage\"]}],\"plugins\":[{\"id\":\"expo-dev-launcher-gradle-plugin\",\"group\":\"expo.modules\",\"sourceDir\":\"../../node_modules/expo-dev-launcher/expo-dev-launcher-gradle-plugin\",\"applyToRootProject\":true}],\"packageVersion\":\"56.0.27\"},{\"packageName\":\"expo-dev-menu\",\"projects\":[{\"name\":\"expo-dev-menu\",\"sourceDir\":\"../../node_modules/expo-dev-menu/android\",\"modules\":[{\"classifier\":\"expo.modules.devmenu.modules.DevMenuModule\",\"name\":null}],\"services\":[],\"packages\":[\"expo.modules.devmenu.DevMenuPackage\"]}],\"packageVersion\":\"56.0.23\"},{\"packageName\":\"expo-dev-menu-interface\",\"projects\":[{\"name\":\"expo-dev-menu-interface\",\"sourceDir\":\"../../node_modules/expo-dev-menu-interface/android\",\"modules\":[],\"services\":[],\"packages\":[]}],\"packageVersion\":\"56.0.1\"},{\"packageName\":\"expo-document-picker\",\"projects\":[{\"name\":\"expo-document-picker\",\"sourceDir\":\"../../node_modules/expo-document-picker/android\",\"modules\":[{\"classifier\":\"expo.modules.documentpicker.DocumentPickerModule\",\"name\":null}],\"services\":[],\"packages\":[],\"publication\":{\"groupId\":\"host.exp.exponent\",\"artifactId\":\"expo.modules.documentpicker\",\"version\":\"56.0.4\",\"repository\":\"local-maven-repo\"}}],\"packageVersion\":\"56.0.4\"},{\"packageName\":\"expo-eas-client\",\"projects\":[{\"name\":\"expo-eas-client\",\"sourceDir\":\"../../node_modules/expo-eas-client/android\",\"modules\":[{\"classifier\":\"expo.modules.easclient.EASClientModule\",\"name\":null}],\"services\":[],\"packages\":[]}],\"packageVersion\":\"56.0.1\"},{\"packageName\":\"expo-file-system\",\"projects\":[{\"name\":\"expo-file-system\",\"sourceDir\":\"../../node_modules/expo-file-system/android\",\"modules\":[{\"classifier\":\"expo.modules.filesystem.FileSystemModule\",\"name\":null},{\"classifier\":\"expo.modules.filesystem.legacy.FileSystemLegacyModule\",\"name\":null}],\"services\":[],\"packages\":[],\"publication\":{\"groupId\":\"host.exp.exponent\",\"artifactId\":\"expo.modules.filesystem\",\"version\":\"56.0.10\",\"repository\":\"local-maven-repo\"}}],\"packageVersion\":\"56.0.10\"},{\"packageName\":\"expo-font\",\"projects\":[{\"name\":\"expo-font\",\"sourceDir\":\"../../node_modules/expo-font/android\",\"modules\":[{\"classifier\":\"expo.modules.font.FontLoaderModule\",\"name\":null},{\"classifier\":\"expo.modules.font.FontUtilsModule\",\"name\":null}],\"services\":[],\"packages\":[],\"publication\":{\"groupId\":\"host.exp.exponent\",\"artifactId\":\"expo.modules.font\",\"version\":\"56.0.7\",\"repository\":\"local-maven-repo\"}}],\"packageVersion\":\"56.0.7\"},{\"packageName\":\"expo-haptics\",\"projects\":[{\"name\":\"expo-haptics\",\"sourceDir\":\"../../node_modules/expo-haptics/android\",\"modules\":[{\"classifier\":\"expo.modules.haptics.HapticsModule\",\"name\":null}],\"services\":[],\"packages\":[],\"publication\":{\"groupId\":\"host.exp.exponent\",\"artifactId\":\"expo.modules.haptics\",\"version\":\"56.0.3\",\"repository\":\"local-maven-repo\"}}],\"packageVersion\":\"56.0.3\"},{\"packageName\":\"expo-iap\",\"projects\":[{\"name\":\"expo-iap\",\"sourceDir\":\"../../node_modules/expo-iap/android\",\"modules\":[{\"classifier\":\"expo.modules.iap.ExpoIapModule\",\"name\":null}],\"services\":[],\"packages\":[]}],\"packageVersion\":\"4.3.6\"},{\"packageName\":\"expo-image-loader\",\"projects\":[{\"name\":\"expo-image-loader\",\"sourceDir\":\"../../node_modules/expo-image-loader/android\",\"modules\":[],\"services\":[\"expo.modules.imageloader.ImageLoaderService\"],\"packages\":[],\"publication\":{\"groupId\":\"host.exp.exponent\",\"artifactId\":\"expo.modules.imageloader\",\"version\":\"56.0.3\",\"repository\":\"local-maven-repo\"}}],\"packageVersion\":\"56.0.3\"},{\"packageName\":\"expo-image-picker\",\"projects\":[{\"name\":\"expo-image-picker\",\"sourceDir\":\"../../node_modules/expo-image-picker/android\",\"modules\":[{\"classifier\":\"expo.modules.imagepicker.ImagePickerModule\",\"name\":null}],\"services\":[],\"packages\":[],\"publication\":{\"groupId\":\"host.exp.exponent\",\"artifactId\":\"expo.modules.imagepicker\",\"version\":\"56.0.24\",\"repository\":\"local-maven-repo\"}}],\"packageVersion\":\"56.0.24\"},{\"packageName\":\"expo-intent-launcher\",\"projects\":[{\"name\":\"expo-intent-launcher\",\"sourceDir\":\"../../node_modules/expo-intent-launcher/android\",\"modules\":[{\"classifier\":\"expo.modules.intentlauncher.IntentLauncherModule\",\"name\":null}],\"services\":[],\"packages\":[],\"publication\":{\"groupId\":\"host.exp.exponent\",\"artifactId\":\"expo.modules.intentlauncher\",\"version\":\"56.0.4\",\"repository\":\"local-maven-repo\"}}],\"packageVersion\":\"56.0.4\"},{\"packageName\":\"expo-json-utils\",\"projects\":[{\"name\":\"expo-json-utils\",\"sourceDir\":\"../../node_modules/expo-json-utils/android\",\"modules\":[],\"services\":[],\"packages\":[]}],\"packageVersion\":\"56.0.0\"},{\"packageName\":\"expo-keep-awake\",\"projects\":[{\"name\":\"expo-keep-awake\",\"sourceDir\":\"../../node_modules/expo-keep-awake/android\",\"modules\":[{\"classifier\":\"expo.modules.keepawake.KeepAwakeModule\",\"name\":null}],\"services\":[],\"packages\":[],\"publication\":{\"groupId\":\"host.exp.exponent\",\"artifactId\":\"expo.modules.keepawake\",\"version\":\"56.0.3\",\"repository\":\"local-maven-repo\"}}],\"packageVersion\":\"56.0.3\"},{\"packageName\":\"expo-linking\",\"projects\":[{\"name\":\"expo-linking\",\"sourceDir\":\"../../node_modules/expo-linking/android\",\"modules\":[{\"classifier\":\"expo.modules.linking.ExpoLinkingModule\",\"name\":null}],\"services\":[],\"packages\":[\"expo.modules.linking.ExpoLinkingPackage\"],\"publication\":{\"groupId\":\"host.exp.exponent\",\"artifactId\":\"expo.modules.linking\",\"version\":\"56.0.17\",\"repository\":\"local-maven-repo\"}}],\"packageVersion\":\"56.0.17\"},{\"packageName\":\"expo-local-authentication\",\"projects\":[{\"name\":\"expo-local-authentication\",\"sourceDir\":\"../../node_modules/expo-local-authentication/android\",\"modules\":[{\"classifier\":\"expo.modules.localauthentication.LocalAuthenticationModule\",\"name\":null}],\"services\":[],\"packages\":[],\"publication\":{\"groupId\":\"host.exp.exponent\",\"artifactId\":\"expo.modules.localauthentication\",\"version\":\"56.0.5\",\"repository\":\"local-maven-repo\"}}],\"packageVersion\":\"56.0.5\"},{\"packageName\":\"expo-manifests\",\"projects\":[{\"name\":\"expo-manifests\",\"sourceDir\":\"../../node_modules/expo-manifests/android\",\"modules\":[],\"services\":[],\"packages\":[]}],\"packageVersion\":\"56.0.4\"},{\"packageName\":\"expo-modules-core\",\"projects\":[{\"name\":\"expo-modules-core\",\"sourceDir\":\"../../node_modules/expo-modules-core/android\",\"modules\":[],\"services\":[],\"packages\":[\"expo.modules.adapters.react.ReactAdapterPackage\",\"expo.modules.core.BasePackage\",\"expo.modules.kotlin.edgeToEdge.EdgeToEdgePackage\"]}],\"plugins\":[{\"id\":\"expo-module-gradle-plugin\",\"group\":\"expo.modules\",\"sourceDir\":\"../../node_modules/expo-modules-core/expo-module-gradle-plugin\",\"applyToRootProject\":false}],\"packageVersion\":\"56.0.24\"},{\"packageName\":\"expo-notifications\",\"projects\":[{\"name\":\"expo-notifications\",\"sourceDir\":\"../../node_modules/expo-notifications/android\",\"modules\":[{\"classifier\":\"expo.modules.notifications.badge.BadgeModule\",\"name\":null},{\"classifier\":\"expo.modules.notifications.notifications.background.ExpoBackgroundNotificationTasksModule\",\"name\":null},{\"classifier\":\"expo.modules.notifications.notifications.categories.ExpoNotificationCategoriesModule\",\"name\":null},{\"classifier\":\"expo.modules.notifications.notifications.channels.NotificationChannelGroupManagerModule\",\"name\":null},{\"classifier\":\"expo.modules.notifications.notifications.channels.NotificationChannelManagerModule\",\"name\":null},{\"classifier\":\"expo.modules.notifications.notifications.emitting.NotificationsEmitter\",\"name\":null},{\"classifier\":\"expo.modules.notifications.notifications.handling.NotificationsHandler\",\"name\":null},{\"classifier\":\"expo.modules.notifications.permissions.NotificationPermissionsModule\",\"name\":null},{\"classifier\":\"expo.modules.notifications.notifications.presentation.ExpoNotificationPresentationModule\",\"name\":null},{\"classifier\":\"expo.modules.notifications.notifications.scheduling.NotificationScheduler\",\"name\":null},{\"classifier\":\"expo.modules.notifications.serverregistration.ServerRegistrationModule\",\"name\":null},{\"classifier\":\"expo.modules.notifications.tokens.PushTokenModule\",\"name\":null},{\"classifier\":\"expo.modules.notifications.topics.TopicSubscriptionModule\",\"name\":null},{\"classifier\":\"expo.modules.notifications.notifications.channels.AndroidXNotificationsChannelsProvider\",\"name\":null}],\"services\":[],\"packages\":[\"expo.modules.notifications.NotificationsPackage\"],\"publication\":{\"groupId\":\"host.exp.exponent\",\"artifactId\":\"expo.modules.notifications\",\"version\":\"56.0.24\",\"repository\":\"local-maven-repo\"}}],\"packageVersion\":\"56.0.24\"},{\"packageName\":\"expo-print\",\"projects\":[{\"name\":\"expo-print\",\"sourceDir\":\"../../node_modules/expo-print/android\",\"modules\":[{\"classifier\":\"expo.modules.print.PrintModule\",\"name\":null}],\"services\":[],\"packages\":[],\"publication\":{\"groupId\":\"host.exp.exponent\",\"artifactId\":\"expo.modules.print\",\"version\":\"56.0.4\",\"repository\":\"local-maven-repo\"}}],\"packageVersion\":\"56.0.4\"},{\"packageName\":\"expo-router\",\"projects\":[{\"name\":\"expo-router\",\"sourceDir\":\"../../node_modules/expo-router/android\",\"modules\":[{\"classifier\":\"expo.modules.router.ExpoRouterModule\",\"name\":null}],\"services\":[],\"packages\":[],\"publication\":{\"groupId\":\"expo.modules.router\",\"artifactId\":\"expo.modules.router\",\"version\":\"56.2.19\",\"repository\":\"local-maven-repo\"}}],\"packageVersion\":\"56.2.19\"},{\"packageName\":\"expo-secure-store\",\"projects\":[{\"name\":\"expo-secure-store\",\"sourceDir\":\"../../node_modules/expo-secure-store/android\",\"modules\":[{\"classifier\":\"expo.modules.securestore.SecureStoreModule\",\"name\":null}],\"services\":[],\"packages\":[],\"publication\":{\"groupId\":\"host.exp.exponent\",\"artifactId\":\"expo.modules.securestore\",\"version\":\"56.0.4\",\"repository\":\"local-maven-repo\"}}],\"packageVersion\":\"56.0.4\"},{\"packageName\":\"expo-sharing\",\"projects\":[{\"name\":\"expo-sharing\",\"sourceDir\":\"../../node_modules/expo-sharing/android\",\"modules\":[{\"classifier\":\"expo.modules.sharing.SharingModule\",\"name\":null}],\"services\":[],\"packages\":[\"expo.modules.sharing.SharingPackage\"],\"publication\":{\"groupId\":\"host.exp.exponent\",\"artifactId\":\"expo.modules.sharing\",\"version\":\"56.0.25\",\"repository\":\"local-maven-repo\"}}],\"packageVersion\":\"56.0.25\"},{\"packageName\":\"expo-speech-recognition\",\"projects\":[{\"name\":\"expo-speech-recognition\",\"sourceDir\":\"../../node_modules/expo-speech-recognition/android\",\"modules\":[{\"classifier\":\"expo.modules.speechrecognition.ExpoSpeechRecognitionModule\",\"name\":null}],\"services\":[],\"packages\":[]}],\"packageVersion\":\"56.0.4\"},{\"packageName\":\"expo-splash-screen\",\"projects\":[{\"name\":\"expo-splash-screen\",\"sourceDir\":\"../../node_modules/expo-splash-screen/android\",\"modules\":[{\"classifier\":\"expo.modules.splashscreen.SplashScreenModule\",\"name\":null}],\"services\":[],\"packages\":[],\"publication\":{\"groupId\":\"host.exp.exponent\",\"artifactId\":\"expo.modules.splashscreen\",\"version\":\"56.0.14\",\"repository\":\"local-maven-repo\"}}],\"packageVersion\":\"56.0.14\"},{\"packageName\":\"expo-status-bar\",\"projects\":[{\"name\":\"expo-status-bar\",\"sourceDir\":\"../../node_modules/expo-status-bar/android\",\"modules\":[],\"services\":[],\"packages\":[\"expo.modules.statusbar.StatusBarPackage\"],\"publication\":{\"groupId\":\"host.exp.exponent\",\"artifactId\":\"expo.modules.statusbar\",\"version\":\"56.0.4\",\"repository\":\"local-maven-repo\"}}],\"packageVersion\":\"56.0.4\"},{\"packageName\":\"expo-structured-headers\",\"projects\":[{\"name\":\"expo-structured-headers\",\"sourceDir\":\"../../node_modules/expo-structured-headers/android\",\"modules\":[],\"services\":[],\"packages\":[]}],\"packageVersion\":\"56.0.0\"},{\"packageName\":\"expo-system-ui\",\"projects\":[{\"name\":\"expo-system-ui\",\"sourceDir\":\"../../node_modules/expo-system-ui/android\",\"modules\":[{\"classifier\":\"expo.modules.systemui.SystemUIModule\",\"name\":null}],\"services\":[],\"packages\":[\"expo.modules.systemui.SystemUIPackage\"],\"publication\":{\"groupId\":\"host.exp.exponent\",\"artifactId\":\"expo.modules.systemui\",\"version\":\"56.0.5\",\"repository\":\"local-maven-repo\"}}],\"packageVersion\":\"56.0.5\"},{\"packageName\":\"expo-updates\",\"projects\":[{\"name\":\"expo-updates\",\"sourceDir\":\"../../node_modules/expo-updates/android\",\"modules\":[{\"classifier\":\"expo.modules.updates.UpdatesModule\",\"name\":null}],\"services\":[],\"packages\":[\"expo.modules.updates.UpdatesPackage\"]}],\"plugins\":[{\"id\":\"expo-updates-gradle-plugin\",\"group\":\"expo.modules\",\"sourceDir\":\"../../node_modules/expo-updates/expo-updates-gradle-plugin\",\"applyToRootProject\":true}],\"packageVersion\":\"56.0.25\"},{\"packageName\":\"expo-updates-interface\",\"projects\":[{\"name\":\"expo-updates-interface\",\"sourceDir\":\"../../node_modules/expo-updates-interface/android\",\"modules\":[],\"services\":[],\"packages\":[]}],\"packageVersion\":\"56.0.2\"},{\"packageName\":\"expo-web-browser\",\"projects\":[{\"name\":\"expo-web-browser\",\"sourceDir\":\"../../node_modules/expo-web-browser/android\",\"modules\":[{\"classifier\":\"expo.modules.webbrowser.WebBrowserModule\",\"name\":null}],\"services\":[],\"packages\":[\"expo.modules.webbrowser.WebBrowserPackage\"],\"publication\":{\"groupId\":\"host.exp.exponent\",\"artifactId\":\"expo.modules.webbrowser\",\"version\":\"56.0.6\",\"repository\":\"local-maven-repo\"}}],\"packageVersion\":\"56.0.6\"},{\"packageName\":\"folio-local-language\",\"projects\":[{\"name\":\"folio-local-language\",\"sourceDir\":\"modules/folio-local-language/android\",\"modules\":[{\"classifier\":\"expo.modules.foliolocallanguage.FolioLocalLanguageModule\",\"name\":null}],\"services\":[],\"packages\":[]}],\"packageVersion\":\"0.1.0\"},{\"packageName\":\"folio-local-vault\",\"projects\":[{\"name\":\"folio-local-vault\",\"sourceDir\":\"modules/folio-local-vault/android\",\"modules\":[{\"classifier\":\"expo.modules.foliolocalvault.FolioLocalVaultModule\",\"name\":null}],\"services\":[],\"packages\":[]}],\"packageVersion\":\"0.1.0\"},{\"packageName\":\"folio-reader\",\"projects\":[{\"name\":\"folio-reader\",\"sourceDir\":\"modules/folio-reader/android\",\"modules\":[{\"classifier\":\"expo.modules.folioreader.FolioReaderModule\",\"name\":null}],\"services\":[],\"packages\":[]}],\"packageVersion\":\"0.1.0\"}]}","reasons":["expoAutolinkingAndroid"],"hash":"7eb921dfece44e3d8c169c79cc66fedad3dce995"},{"type":"contents","id":"expoConfig","contents":"{\"android\":{\"adaptiveIcon\":{\"backgroundColor\":\"#EFE9DD\",\"foregroundImage\":\"./assets/brand/adaptive-foreground.png\"},\"allowBackup\":false,\"blockedPermissions\":[\"android.permission.READ_EXTERNAL_STORAGE\",\"android.permission.SYSTEM_ALERT_WINDOW\",\"android.permission.WRITE_EXTERNAL_STORAGE\"],\"package\":\"com.folio.v2.greenfield\",\"permissions\":[\"android.permission.MODIFY_AUDIO_SETTINGS\",\"android.permission.RECORD_AUDIO\"],\"versionCode\":5},\"experiments\":{\"typedRoutes\":true},\"extra\":{\"EXPO_PUBLIC_MELO_BILLING_ENTITLEMENT_PUBLIC_KEY\":\"OKponTUZ9ZP1APZpvUeUK5BmKmlJm8FZQ5IDAd92HL8\",\"EXPO_PUBLIC_MELO_BILLING_URL\":\"https://melo-billing-entitlements.tgdroppin.workers.dev\",\"EXPO_PUBLIC_MELO_CLOUD_VAULT_URL\":\"https://melo-cloud-vault.tgdroppin.workers.dev\",\"EXPO_PUBLIC_SENTRY_DSN\":\"https://4593a25966a06219730d6509c801febf@o4511684285497344.ingest.de.sentry.io/4511684377641040\",\"eas\":{\"projectId\":\"ef69039d-abaf-48e9-b35a-52d80b03a96a\"},\"router\":{}},\"icon\":\"./assets/brand/app-icon-1024.png\",\"ios\":{\"bundleIdentifier\":\"com.folio.v2.greenfield\",\"infoPlist\":{\"NSFaceIDUsageDescription\":\"Melo uses device authentication to lock local money data.\",\"NSMicrophoneUsageDescription\":\"Melo uses the microphone only after you tap voice input. Audio is converted to an editable transcript and is not saved by Melo.\",\"NSSpeechRecognitionUsageDescription\":\"Melo uses speech recognition only after you tap voice input. You review and can edit the transcript before Melo creates a proposal.\"},\"supportsTablet\":false},\"name\":\"Melo\",\"orientation\":\"portrait\",\"platforms\":[\"android\",\"ios\"],\"plugins\":[\"./plugins/withCaptureIsolation.cjs\",\"./plugins/withFreshUpdatesResources.cjs\",\"./plugins/withUploadSigning.cjs\",\"@sentry/react-native\",\"expo-iap\",\"expo-router\",\"expo-secure-store\",\"expo-sharing\",\"expo-web-browser\",[\"expo-audio\",{\"enableBackgroundPlayback\":false,\"enableBackgroundRecording\":false,\"microphonePermission\":false,\"recordAudioAndroid\":false}],[\"expo-build-properties\",{\"android\":{\"enableMinifyInReleaseBuilds\":true,\"enableProguardInReleaseBuilds\":true,\"enableShrinkResourcesInReleaseBuilds\":true,\"extraProguardRules\":\"\\n# react-native-reanimated\\n-keep class com.swmansion.reanimated.** { *; }\\n-keep class com.facebook.react.turbomodule.** { *; }\\n\\n# expo-iap (verified package prefix: expo.modules.iap, no consumer rules shipped)\\n-keep class expo.modules.iap.** { *; }\\n\\n# react-native-android-widget (verified package prefix: com.reactnativeandroidwidget, no consumer rules shipped)\\n-keep class com.reactnativeandroidwidget.** { *; }\\n\"}}],[\"expo-image-picker\",{\"cameraPermission\":\"Melo uses the camera only to capture a statement you choose. Reading starts on this device; Melo asks before using its secured reader service. Nothing is added until you review it.\",\"photosPermission\":\"Melo uses a photo only to read a statement you pick. Reading starts on this device; Melo asks before using its secured reader service. Nothing is added until you review it.\"}],[\"expo-notifications\",{\"color\":\"#DC5E33\",\"defaultChannel\":\"melo\"}],[\"expo-speech-recognition\",{\"microphonePermission\":\"Melo uses the microphone only after you tap voice input. Audio is converted to an editable transcript and is not saved by Melo.\",\"speechRecognitionPermission\":\"Melo uses speech recognition only after you tap voice input. You review and can edit the transcript before Melo creates a proposal.\"}],[\"expo-splash-screen\",{\"backgroundColor\":\"#F7F6F1\",\"dark\":{\"backgroundColor\":\"#18231D\",\"image\":\"./assets/splash.png\"},\"image\":\"./assets/splash.png\",\"imageWidth\":120}],[\"react-native-android-widget\",{\"widgets\":[{\"description\":\"See how much you can safely spend today, at a glance.\",\"label\":\"Melo — Safe Zone\",\"maxResizeHeight\":\"110dp\",\"maxResizeWidth\":\"250dp\",\"minHeight\":\"40dp\",\"minWidth\":\"110dp\",\"name\":\"SafeZoneWidget\",\"resizeMode\":\"horizontal|vertical\",\"targetCellHeight\":1,\"targetCellWidth\":4,\"updatePeriodMillis\":1800000}]}]],\"runtimeVersion\":{\"policy\":\"fingerprint\"},\"scheme\":\"folio\",\"sdkVersion\":\"56.0.0\",\"slug\":\"folio-v2-greenfield\",\"updates\":{\"enabled\":true,\"fallbackToCacheTimeout\":0,\"requestHeaders\":{\"expo-channel-name\":\"production\"},\"url\":\"https://u.expo.dev/ef69039d-abaf-48e9-b35a-52d80b03a96a\"},\"userInterfaceStyle\":\"automatic\",\"version\":\"0.0.5\"}","reasons":["expoConfig"],"hash":"65a82ca6a6119b523bbceb0802156b4354c96ee6"},{"type":"contents","id":"package:react-native","contents":"{\"name\":\"react-native\",\"version\":\"0.85.3\",\"description\":\"A framework for building native apps using React\",\"license\":\"MIT\",\"repository\":{\"type\":\"git\",\"url\":\"git+https://github.com/facebook/react-native.git\",\"directory\":\"packages/react-native\"},\"homepage\":\"https://reactnative.dev/\",\"keywords\":[\"react\",\"react-native\",\"android\",\"ios\",\"mobile\",\"cross-platform\",\"app-framework\",\"mobile-development\"],\"bugs\":\"https://github.com/facebook/react-native/issues\",\"engines\":{\"node\":\"^20.19.4 || ^22.13.0 || ^24.3.0 || >= 25.0.0\"},\"bin\":{\"react-native\":\"cli.js\"},\"main\":\"./index.js\",\"types\":\"types\",\"exports\":{\".\":{\"react-native-strict-api\":\"./types_generated/index.d.ts\",\"types\":\"./types/index.d.ts\",\"default\":\"./index.js\"},\"./*\":{\"react-native-strict-api\":null,\"types\":\"./*.d.ts\",\"default\":\"./*.js\"},\"./*.js\":{\"react-native-strict-api\":null,\"default\":\"./*.js\"},\"./Libraries/*.d.ts\":{\"react-native-strict-api\":null,\"default\":\"./Libraries/*.d.ts\"},\"./scripts/*\":\"./scripts/*\",\"./src/*\":{\"react-native-strict-api\":null,\"default\":\"./src/*.js\"},\"./types/*.d.ts\":{\"react-native-strict-api\":null,\"default\":\"./types/*.d.ts\"},\"./gradle/*\":null,\"./React/*\":null,\"./ReactAndroid/*\":null,\"./ReactApple/*\":null,\"./ReactCommon/*\":null,\"./sdks/*\":null,\"./src/fb_internal/*\":\"./src/fb_internal/*\",\"./third-party-podspecs/*\":null,\"./types/*\":null,\"./types_generated/*\":null,\"./package.json\":\"./package.json\"},\"jest-junit\":{\"outputDirectory\":\"reports/junit\",\"outputName\":\"js-test-results.xml\"},\"files\":[\"build.gradle.kts\",\"cli.js\",\"flow\",\"gradle.properties\",\"gradle/libs.versions.toml\",\"index.js\",\"index.js.flow\",\"interface.js\",\"jest-preset.js\",\"Libraries\",\"LICENSE\",\"React-Core.podspec\",\"React-Core-prebuilt.podspec\",\"react-native.config.js\",\"React.podspec\",\"React\",\"!React/Fabric/RCTThirdPartyFabricComponentsProvider.*\",\"ReactAndroid\",\"!ReactAndroid/.cxx\",\"!ReactAndroid/build\",\"!ReactAndroid/external-artifacts/artifacts\",\"!ReactAndroid/external-artifacts/build\",\"!ReactAndroid/hermes-engine/.cxx\",\"!ReactAndroid/hermes-engine/build\",\"!ReactAndroid/src/main/third-party\",\"!ReactAndroid/src/test\",\"ReactApple\",\"ReactCommon\",\"README.md\",\"rn-get-polyfills.js\",\"scripts/replace-rncore-version.js\",\"scripts/bundle.js\",\"scripts/cocoapods\",\"scripts/codegen\",\"scripts/compose-source-maps.js\",\"scripts/find-node-for-xcode.sh\",\"scripts/generate-codegen-artifacts.js\",\"scripts/generate-provider-cli.js\",\"scripts/generate-specs-cli.js\",\"scripts/hermes/hermes-utils.js\",\"scripts/hermes/prepare-hermes-for-build.js\",\"scripts/ios-configure-glog.sh\",\"scripts/native_modules.rb\",\"scripts/node-binary.sh\",\"scripts/packager-reporter.js\",\"scripts/packager.sh\",\"scripts/react_native_pods_utils/script_phases.rb\",\"scripts/react_native_pods_utils/script_phases.sh\",\"scripts/react_native_pods.rb\",\"scripts/react-native-xcode.sh\",\"scripts/xcode/ccache-clang.sh\",\"scripts/xcode/ccache-clang++.sh\",\"scripts/xcode/ccache.conf\",\"scripts/xcode/with-environment.sh\",\"sdks/.hermesversion\",\"sdks/.hermesv1version\",\"sdks/hermes-engine\",\"sdks/hermesc\",\"settings.gradle.kts\",\"src\",\"!src/private/testing\",\"third-party-podspecs\",\"types\",\"types_generated\",\"!**/__docs__/**\",\"!**/__fixtures__/**\",\"!**/__flowtests__/**\",\"!**/__mocks__/**\",\"!**/__tests__/**\",\"!**/__typetests__/**\"],\"scripts\":{\"prepack\":\"node ./scripts/prepack.js\",\"featureflags\":\"node ./scripts/featureflags/index.js\"},\"peerDependencies\":{\"@react-native/jest-preset\":\"0.85.3\",\"@types/react\":\"^19.1.1\",\"react\":\"^19.2.3\"},\"peerDependenciesMeta\":{\"@types/react\":{\"optional\":true},\"@react-native/jest-preset\":{\"optional\":true}},\"dependencies\":{\"@react-native/assets-registry\":\"0.85.3\",\"@react-native/codegen\":\"0.85.3\",\"@react-native/community-cli-plugin\":\"0.85.3\",\"@react-native/gradle-plugin\":\"0.85.3\",\"@react-native/js-polyfills\":\"0.85.3\",\"@react-native/normalize-colors\":\"0.85.3\",\"@react-native/virtualized-lists\":\"0.85.3\",\"abort-controller\":\"^3.0.0\",\"anser\":\"^1.4.9\",\"ansi-regex\":\"^5.0.0\",\"babel-plugin-syntax-hermes-parser\":\"0.33.3\",\"base64-js\":\"^1.5.1\",\"commander\":\"^12.0.0\",\"flow-enums-runtime\":\"^0.0.6\",\"hermes-compiler\":\"250829098.0.10\",\"invariant\":\"^2.2.4\",\"memoize-one\":\"^5.0.0\",\"metro-runtime\":\"^0.84.3\",\"metro-source-map\":\"^0.84.3\",\"nullthrows\":\"^1.1.1\",\"pretty-format\":\"^29.7.0\",\"promise\":\"^8.3.0\",\"react-devtools-core\":\"^6.1.5\",\"react-refresh\":\"^0.14.0\",\"regenerator-runtime\":\"^0.13.2\",\"scheduler\":\"0.27.0\",\"semver\":\"^7.1.3\",\"stacktrace-parser\":\"^0.1.10\",\"tinyglobby\":\"^0.2.15\",\"whatwg-fetch\":\"^3.0.0\",\"ws\":\"^7.5.10\",\"yargs\":\"^17.6.2\"},\"codegenConfig\":{\"libraries\":[{\"name\":\"FBReactNativeSpec\",\"type\":\"all\",\"ios\":{\"modules\":{\"AccessibilityManager\":{\"unstableRequiresMainQueueSetup\":true},\"Appearance\":{\"unstableRequiresMainQueueSetup\":true},\"AppState\":{\"unstableRequiresMainQueueSetup\":true},\"DeviceInfo\":{\"unstableRequiresMainQueueSetup\":true},\"PlatformConstants\":{\"unstableRequiresMainQueueSetup\":true},\"StatusBarManager\":{\"unstableRequiresMainQueueSetup\":true}}},\"android\":{},\"jsSrcsDir\":\"src\"}]}}","reasons":["package:react-native"],"hash":"7c57f9e97283cadf3893b64537dc8562e98df0e4"},{"type":"contents","id":"packageJson:scripts","contents":"{\"build\":\"pnpm typecheck\",\"doctor\":\"expo-doctor\",\"eas:android:development\":\"pnpm dlx eas-cli@20.3.0 build --platform android --profile development\",\"eas:android:tester\":\"pnpm dlx eas-cli@20.3.0 build --platform android --profile tester\",\"eas:ios:development\":\"pnpm dlx eas-cli@20.3.0 build --platform ios --profile development\",\"native:apk:android\":\"cd android && gradlew.bat :app:assembleRelease\",\"native:install:android\":\"adb install -r android/app/build/outputs/apk/release/app-release.apk\",\"native:prebuild\":\"expo prebuild\",\"native:prebuild:clean\":\"expo prebuild --clean\",\"native:smoke:android\":\"expo run:android --variant debug\",\"native:smoke:ios\":\"expo run:ios\",\"start\":\"expo start\",\"typecheck\":\"tsc -b --pretty false\"}","reasons":["packageJson:scripts"],"hash":"552d89b507fda8f45743f04f0db21a852fdd4774"},{"type":"contents","id":"rncoreAutolinkingConfig:android","contents":"{\"@op-engineering/op-sqlite\":{\"root\":\"../../node_modules/@op-engineering/op-sqlite\",\"name\":\"@op-engineering/op-sqlite\",\"platforms\":{\"android\":{\"sourceDir\":\"../../node_modules/@op-engineering/op-sqlite/android\",\"packageImportPath\":\"import com.op.sqlite.OPSQLitePackage;\",\"packageInstance\":\"new OPSQLitePackage()\",\"buildTypes\":[],\"libraryName\":\"OPSQLiteSpec\",\"componentDescriptors\":[],\"cmakeListsPath\":\"../../node_modules/@op-engineering/op-sqlite/android/build/generated/source/codegen/jni/CMakeLists.txt\",\"cxxModuleCMakeListsModuleName\":null,\"cxxModuleCMakeListsPath\":null,\"cxxModuleHeaderName\":null,\"isPureCxxDependency\":false}}},\"@react-native-community/datetimepicker\":{\"root\":\"../../node_modules/@react-native-community/datetimepicker\",\"name\":\"@react-native-community/datetimepicker\",\"platforms\":{\"android\":{\"sourceDir\":\"../../node_modules/@react-native-community/datetimepicker/android\",\"packageImportPath\":\"import com.reactcommunity.rndatetimepicker.RNDateTimePickerPackage;\",\"packageInstance\":\"new RNDateTimePickerPackage()\",\"buildTypes\":[],\"libraryName\":\"RNDateTimePickerCGen\",\"componentDescriptors\":[],\"cmakeListsPath\":\"../../node_modules/@react-native-community/datetimepicker/android/build/generated/source/codegen/jni/CMakeLists.txt\",\"cxxModuleCMakeListsModuleName\":null,\"cxxModuleCMakeListsPath\":null,\"cxxModuleHeaderName\":null,\"isPureCxxDependency\":false}}},\"@react-native-community/slider\":{\"root\":\"../../node_modules/@react-native-community/slider\",\"name\":\"@react-native-community/slider\",\"platforms\":{\"android\":{\"sourceDir\":\"../../node_modules/@react-native-community/slider/android\",\"packageImportPath\":\"import com.reactnativecommunity.slider.ReactSliderPackage;\",\"packageInstance\":\"new ReactSliderPackage()\",\"buildTypes\":[],\"libraryName\":\"RNCSlider\",\"componentDescriptors\":[\"RNCSliderComponentDescriptor\"],\"cmakeListsPath\":\"../../node_modules/@react-native-community/slider/android/src/main/jni/CMakeLists.txt\",\"cxxModuleCMakeListsModuleName\":null,\"cxxModuleCMakeListsPath\":null,\"cxxModuleHeaderName\":null,\"isPureCxxDependency\":false}}},\"@react-native-masked-view/masked-view\":{\"root\":\"../../node_modules/@react-native-masked-view/masked-view\",\"name\":\"@react-native-masked-view/masked-view\",\"platforms\":{\"android\":{\"sourceDir\":\"../../node_modules/@react-native-masked-view/masked-view/android\",\"packageImportPath\":\"import org.reactnative.maskedview.RNCMaskedViewPackage;\",\"packageInstance\":\"new RNCMaskedViewPackage()\",\"buildTypes\":[],\"componentDescriptors\":[],\"cmakeListsPath\":\"../../node_modules/@react-native-masked-view/masked-view/android/build/generated/source/codegen/jni/CMakeLists.txt\",\"cxxModuleCMakeListsModuleName\":null,\"cxxModuleCMakeListsPath\":null,\"cxxModuleHeaderName\":null,\"isPureCxxDependency\":false}}},\"@sentry/react-native\":{\"root\":\"../../node_modules/@sentry/react-native\",\"name\":\"@sentry/react-native\",\"platforms\":{\"android\":{\"sourceDir\":\"../../node_modules/@sentry/react-native/android\",\"packageImportPath\":\"import io.sentry.react.RNSentryPackage;\",\"packageInstance\":\"new RNSentryPackage()\",\"buildTypes\":[],\"libraryName\":\"RNSentrySpec\",\"componentDescriptors\":[\"RNSentryReplayMaskComponentDescriptor\",\"RNSentryReplayUnmaskComponentDescriptor\"],\"cmakeListsPath\":\"../../node_modules/@sentry/react-native/android/build/generated/source/codegen/jni/CMakeLists.txt\",\"cxxModuleCMakeListsModuleName\":null,\"cxxModuleCMakeListsPath\":null,\"cxxModuleHeaderName\":null,\"isPureCxxDependency\":false}}},\"expo\":{\"root\":\"../../node_modules/expo\",\"name\":\"expo\",\"platforms\":{\"android\":{\"sourceDir\":\"../../node_modules/expo/android\",\"packageImportPath\":\"import expo.modules.ExpoModulesPackage;\",\"packageInstance\":\"new ExpoModulesPackage()\",\"buildTypes\":[],\"componentDescriptors\":[],\"cmakeListsPath\":\"../../node_modules/expo/android/build/generated/source/codegen/jni/CMakeLists.txt\",\"cxxModuleCMakeListsModuleName\":null,\"cxxModuleCMakeListsPath\":null,\"cxxModuleHeaderName\":null,\"isPureCxxDependency\":false}}},\"react-native-android-widget\":{\"root\":\"../../node_modules/react-native-android-widget\",\"name\":\"react-native-android-widget\",\"platforms\":{\"android\":{\"sourceDir\":\"../../node_modules/react-native-android-widget/android\",\"packageImportPath\":\"import com.reactnativeandroidwidget.AndroidWidgetPackage;\",\"packageInstance\":\"new AndroidWidgetPackage()\",\"buildTypes\":[],\"libraryName\":\"AndroidWidget\",\"componentDescriptors\":[],\"cmakeListsPath\":\"../../node_modules/react-native-android-widget/android/build/generated/source/codegen/jni/CMakeLists.txt\",\"cxxModuleCMakeListsModuleName\":null,\"cxxModuleCMakeListsPath\":null,\"cxxModuleHeaderName\":null,\"isPureCxxDependency\":false}}},\"react-native-gesture-handler\":{\"root\":\"../../node_modules/react-native-gesture-handler\",\"name\":\"react-native-gesture-handler\",\"platforms\":{\"android\":{\"sourceDir\":\"../../node_modules/react-native-gesture-handler/android\",\"packageImportPath\":\"import com.swmansion.gesturehandler.RNGestureHandlerPackage;\",\"packageInstance\":\"new RNGestureHandlerPackage()\",\"buildTypes\":[],\"libraryName\":\"rngesturehandler_codegen\",\"componentDescriptors\":[\"RNGestureHandlerButtonComponentDescriptor\",\"RNGestureHandlerRootViewComponentDescriptor\"],\"cmakeListsPath\":\"../../node_modules/react-native-gesture-handler/android/build/generated/source/codegen/jni/CMakeLists.txt\",\"cxxModuleCMakeListsModuleName\":null,\"cxxModuleCMakeListsPath\":null,\"cxxModuleHeaderName\":null,\"isPureCxxDependency\":false}}},\"react-native-reanimated\":{\"root\":\"../../node_modules/react-native-reanimated\",\"name\":\"react-native-reanimated\",\"platforms\":{\"android\":{\"sourceDir\":\"../../node_modules/react-native-reanimated/android\",\"packageImportPath\":\"import com.swmansion.reanimated.ReanimatedPackage;\",\"packageInstance\":\"new ReanimatedPackage()\",\"buildTypes\":[],\"libraryName\":\"rnreanimated\",\"componentDescriptors\":[],\"cmakeListsPath\":\"../../node_modules/react-native-reanimated/android/build/generated/source/codegen/jni/CMakeLists.txt\",\"cxxModuleCMakeListsModuleName\":null,\"cxxModuleCMakeListsPath\":null,\"cxxModuleHeaderName\":null,\"isPureCxxDependency\":false}}},\"react-native-safe-area-context\":{\"root\":\"../../node_modules/react-native-safe-area-context\",\"name\":\"react-native-safe-area-context\",\"platforms\":{\"android\":{\"sourceDir\":\"../../node_modules/react-native-safe-area-context/android\",\"packageImportPath\":\"import com.th3rdwave.safeareacontext.SafeAreaContextPackage;\",\"packageInstance\":\"new SafeAreaContextPackage()\",\"buildTypes\":[],\"libraryName\":\"safeareacontext\",\"componentDescriptors\":[\"RNCSafeAreaProviderComponentDescriptor\",\"RNCSafeAreaViewComponentDescriptor\"],\"cmakeListsPath\":\"../../node_modules/react-native-safe-area-context/android/src/main/jni/CMakeLists.txt\",\"cxxModuleCMakeListsModuleName\":null,\"cxxModuleCMakeListsPath\":null,\"cxxModuleHeaderName\":null,\"isPureCxxDependency\":false}}},\"react-native-screens\":{\"root\":\"../../node_modules/react-native-screens\",\"name\":\"react-native-screens\",\"platforms\":{\"android\":{\"sourceDir\":\"../../node_modules/react-native-screens/android\",\"packageImportPath\":\"import com.swmansion.rnscreens.RNScreensPackage;\",\"packageInstance\":\"new RNScreensPackage()\",\"buildTypes\":[],\"libraryName\":\"rnscreens\",\"componentDescriptors\":[\"RNSFullWindowOverlayComponentDescriptor\",\"RNSScreenContainerComponentDescriptor\",\"RNSScreenNavigationContainerComponentDescriptor\",\"RNSScreenStackHeaderConfigComponentDescriptor\",\"RNSScreenStackHeaderSubviewComponentDescriptor\",\"RNSScreenStackComponentDescriptor\",\"RNSSearchBarComponentDescriptor\",\"RNSScreenComponentDescriptor\",\"RNSScreenFooterComponentDescriptor\",\"RNSScreenContentWrapperComponentDescriptor\",\"RNSModalScreenComponentDescriptor\",\"RNSTabsHostComponentDescriptor\",\"RNSSafeAreaViewComponentDescriptor\",\"RNSStackScreenComponentDescriptor\",\"RNSStackHeaderConfigComponentDescriptor\",\"RNSStackHeaderSubviewComponentDescriptor\",\"RNSFormSheetHostComponentDescriptor\"],\"cmakeListsPath\":\"../../node_modules/react-native-screens/android/src/main/jni/CMakeLists.txt\",\"cxxModuleCMakeListsModuleName\":null,\"cxxModuleCMakeListsPath\":null,\"cxxModuleHeaderName\":null,\"isPureCxxDependency\":false}}},\"react-native-svg\":{\"root\":\"../../node_modules/react-native-svg\",\"name\":\"react-native-svg\",\"platforms\":{\"android\":{\"sourceDir\":\"../../node_modules/react-native-svg/android\",\"packageImportPath\":\"import com.horcrux.svg.SvgPackage;\",\"packageInstance\":\"new SvgPackage()\",\"buildTypes\":[],\"libraryName\":\"rnsvg\",\"componentDescriptors\":[\"RNSVGCircleComponentDescriptor\",\"RNSVGClipPathComponentDescriptor\",\"RNSVGDefsComponentDescriptor\",\"RNSVGFeBlendComponentDescriptor\",\"RNSVGFeColorMatrixComponentDescriptor\",\"RNSVGFeCompositeComponentDescriptor\",\"RNSVGFeFloodComponentDescriptor\",\"RNSVGFeGaussianBlurComponentDescriptor\",\"RNSVGFeMergeComponentDescriptor\",\"RNSVGFeOffsetComponentDescriptor\",\"RNSVGFilterComponentDescriptor\",\"RNSVGEllipseComponentDescriptor\",\"RNSVGForeignObjectComponentDescriptor\",\"RNSVGGroupComponentDescriptor\",\"RNSVGImageComponentDescriptor\",\"RNSVGLinearGradientComponentDescriptor\",\"RNSVGLineComponentDescriptor\",\"RNSVGMarkerComponentDescriptor\",\"RNSVGMaskComponentDescriptor\",\"RNSVGPathComponentDescriptor\",\"RNSVGPatternComponentDescriptor\",\"RNSVGRadialGradientComponentDescriptor\",\"RNSVGRectComponentDescriptor\",\"RNSVGSvgViewAndroidComponentDescriptor\",\"RNSVGSymbolComponentDescriptor\",\"RNSVGTextComponentDescriptor\",\"RNSVGTextPathComponentDescriptor\",\"RNSVGTSpanComponentDescriptor\",\"RNSVGUseComponentDescriptor\"],\"cmakeListsPath\":\"../../node_modules/react-native-svg/android/src/main/jni/CMakeLists.txt\",\"cxxModuleCMakeListsModuleName\":null,\"cxxModuleCMakeListsPath\":null,\"cxxModuleHeaderName\":null,\"isPureCxxDependency\":false}}},\"react-native-worklets\":{\"root\":\"../../node_modules/react-native-worklets\",\"name\":\"react-native-worklets\",\"platforms\":{\"android\":{\"sourceDir\":\"../../node_modules/react-native-worklets/android\",\"packageImportPath\":\"import com.swmansion.worklets.WorkletsPackage;\",\"packageInstance\":\"new WorkletsPackage()\",\"buildTypes\":[],\"libraryName\":\"rnworklets\",\"componentDescriptors\":[],\"cmakeListsPath\":\"../../node_modules/react-native-worklets/android/build/generated/source/codegen/jni/CMakeLists.txt\",\"cxxModuleCMakeListsModuleName\":null,\"cxxModuleCMakeListsPath\":null,\"cxxModuleHeaderName\":null,\"isPureCxxDependency\":false}}}}","reasons":["rncoreAutolinkingAndroid"],"hash":"672b13b0fa4f760359b7903296250ebf937b2ce6"}],"hash":"b6ebdd08445331319ed00a3d6fcf95aa9f6c4fd1"}

> Task :app:generateReleaseAssets UP-TO-DATE
> Task :app:mergeReleaseAssets
> Task :app:compressReleaseAssets

> Task :app:createBundleReleaseJsAndAssets_SentryCollectModules_com.folio.v2.greenfield@0.0.5+5_5
Sentry Logger [log]: Reading source map from C:\dev\melo-native-today-batch1-2026-08-24\apps\mobile\android\app\build\generated\sourcemaps\react\release\index.android.bundle.map
Sentry Logger [log]: Saving modules to C:\dev\melo-native-today-batch1-2026-08-24\apps\mobile/android/app/src/main/assets/modules.json
Sentry Logger [log]: Resolving modules from paths C:\dev\melo-native-today-batch1-2026-08-24\apps\mobile/node_modules
Sentry Logger [log]: Modules collected and saved to: C:\dev\melo-native-today-batch1-2026-08-24\apps\mobile/android/app/src/main/assets/modules.json

> Task :app:extractReleaseVersionControlInfo UP-TO-DATE
> Task :app:collectReleaseDependencies UP-TO-DATE
> Task :app:sdkReleaseDependencyData UP-TO-DATE
> Task :app:validateSigningRelease UP-TO-DATE
> Task :app:writeReleaseAppMetadata UP-TO-DATE
> Task :app:writeReleaseSigningConfigVersions UP-TO-DATE
> Task :app:processReleaseManifestForPackage
> Task :app:processReleaseResources
> Task :app:compileReleaseKotlin
> Task :app:compileReleaseJavaWithJavac
> Task :app:mergeReleaseGeneratedProguardFiles UP-TO-DATE
> Task :app:processReleaseJavaRes UP-TO-DATE
> Task :app:mergeReleaseJavaResource UP-TO-DATE
> Task :app:generateReleaseLintVitalReportModel
> Task :app:expandReleaseArtProfileWildcards
> Task :app:lintVitalAnalyzeRelease
> Task :app:createBundleReleaseJsAndAssets_SentryUploadCleanUp SKIPPED
> Task :app:lintVitalReportRelease
> Task :app:lintVitalRelease

> Task :app:minifyReleaseWithR8
WARNING: R8: An error occurred when parsing kotlin metadata. This normally happens when using a newer version of kotlin than the kotlin version released when this version of R8 was created. To find compatible kotlin versions, please see: https://developer.android.com/studio/build/kotlin-d8-r8-versions

> Task :app:compileReleaseArtProfile UP-TO-DATE
> Task :app:convertShrunkResourcesToBinaryRelease
> Task :app:optimizeReleaseResources
> Task :app:packageRelease
> Task :app:createReleaseApkListingFileRedirect
> Task :app:createBundleReleaseJsAndAssets_SentryCollectModulesCleanUp
> Task :app:assembleRelease

[Incubating] Problems report is available at: file:///C:/dev/melo-native-today-batch1-2026-08-24/apps/mobile/android/build/reports/problems/problems-report.html

Deprecated Gradle features were used in this build, making it incompatible with Gradle 10.

You can use '--warning-mode all' to show the individual deprecation warnings and determine if they come from your own scripts or plugins.

For more on this, please refer to https://docs.gradle.org/9.3.1/userguide/command_line_interface.html#sec:command_line_warnings in the Gradle documentation.

BUILD SUCCESSFUL in 4m 55s
1320 actionable tasks: 73 executed, 1247 up-to-date
